ProjectSlug,NoisePercent,RepetitionSeed,MeanAPFD,MeanAPFDc,SourceType
EMResearch__EvoMaster,0,1,0.4803972224885418,0.6890909845096295,ORIGINAL_AFFECTED
EMResearch__EvoMaster,0,2,0.4803972224885418,0.6890909845096295,ORIGINAL_AFFECTED
EMResearch__EvoMaster,0,3,0.4803972224885418,0.6890909845096295,ORIGINAL_AFFECTED
EMResearch__EvoMaster,0,4,0.4803972224885418,0.6890909845096295,ORIGINAL_AFFECTED
EMResearch__EvoMaster,0,5,0.4803972224885418,0.6890909845096295,ORIGINAL_AFFECTED
EMResearch__EvoMaster,0,6,0.4803972224885418,0.6890909845096295,ORIGINAL_AFFECTED
EMResearch__EvoMaster,0,7,0.4803972224885418,0.6890909845096295,ORIGINAL_AFFECTED
EMResearch__EvoMaster,0,8,0.4803972224885418,0.6890909845096295,ORIGINAL_AFFECTED
EMResearch__EvoMaster,0,9,0.4803972224885418,0.6890909845096295,ORIGINAL_AFFECTED
EMResearch__EvoMaster,0,10,0.4803972224885418,0.6890909845096295,ORIGINAL_AFFECTED
EMResearch__EvoMaster,0,11,0.4803972224885418,0.6890909845096295,ORIGINAL_AFFECTED
EMResearch__EvoMaster,0,12,0.4803972224885418,0.6890909845096295,ORIGINAL_AFFECTED
EMResearch__EvoMaster,0,13,0.4803972224885418,0.6890909845096295,ORIGINAL_AFFECTED
EMResearch__EvoMaster,0,14,0.4803972224885418,0.6890909845096295,ORIGINAL_AFFECTED
EMResearch__EvoMaster,0,15,0.4803972224885418,0.6890909845096295,ORIGINAL_AFFECTED
EMResearch__EvoMaster,0,16,0.4803972224885418,0.6890909845096295,ORIGINAL_AFFECTED
EMResearch__EvoMaster,0,17,0.4803972224885418,0.6890909845096295,ORIGINAL_AFFECTED
EMResearch__EvoMaster,0,18,0.4803972224885418,0.6890909845096295,ORIGINAL_AFFECTED
EMResearch__EvoMaster,0,19,0.4803972224885418,0.6890909845096295,ORIGINAL_AFFECTED
EMResearch__EvoMaster,0,20,0.4803972224885418,0.6890909845096295,ORIGINAL_AFFECTED
EMResearch__EvoMaster,0,21,0.4803972224885418,0.6890909845096295,ORIGINAL_AFFECTED
EMResearch__EvoMaster,0,22,0.4803972224885418,0.6890909845096295,ORIGINAL_AFFECTED
EMResearch__EvoMaster,0,23,0.4803972224885418,0.6890909845096295,ORIGINAL_AFFECTED
EMResearch__EvoMaster,0,24,0.4803972224885418,0.6890909845096295,ORIGINAL_AFFECTED
EMResearch__EvoMaster,0,25,0.4803972224885418,0.6890909845096295,ORIGINAL_AFFECTED
EMResearch__EvoMaster,0,26,0.4803972224885418,0.6890909845096295,ORIGINAL_AFFECTED
EMResearch__EvoMaster,0,27,0.4803972224885418,0.6890909845096295,ORIGINAL_AFFECTED
EMResearch__EvoMaster,0,28,0.4803972224885418,0.6890909845096295,ORIGINAL_AFFECTED
EMResearch__EvoMaster,0,29,0.4803972224885418,0.6890909845096295,ORIGINAL_AFFECTED
EMResearch__EvoMaster,0,30,0.4803972224885418,0.6890909845096295,ORIGINAL_AFFECTED
EMResearch__EvoMaster,5,1,0.892679243821926,0.7196634993342916,ORIGINAL_AFFECTED
EMResearch__EvoMaster,5,2,0.859104571220626,0.7190217893658647,ORIGINAL_AFFECTED
EMResearch__EvoMaster,5,3,0.8821466448055193,0.7274959797058577,ORIGINAL_AFFECTED
EMResearch__EvoMaster,5,4,0.8995026799205087,0.7212271850385036,ORIGINAL_AFFECTED
EMResearch__EvoMaster,5,5,0.8857579464888301,0.7351130686965,ORIGINAL_AFFECTED
EMResearch__EvoMaster,5,6,0.9064240057407013,0.7235763820283787,ORIGINAL_AFFECTED
EMResearch__EvoMaster,5,7,0.8996560666868998,0.7219941175982488,ORIGINAL_AFFECTED
EMResearch__EvoMaster,5,8,0.9161096568580536,0.7358116090950477,ORIGINAL_AFFECTED
EMResearch__EvoMaster,5,9,0.8844833652792278,0.7129397439472926,ORIGINAL_AFFECTED
EMResearch__EvoMaster,5,10,0.8981784438897141,0.7212944033428272,ORIGINAL_AFFECTED
EMResearch__EvoMaster,5,11,0.8963383026075753,0.7367564176613082,ORIGINAL_AFFECTED
EMResearch__EvoMaster,5,12,0.879485941027374,0.701779849042594,ORIGINAL_AFFECTED
EMResearch__EvoMaster,5,13,0.8972990315871032,0.7116644161737402,ORIGINAL_AFFECTED
EMResearch__EvoMaster,5,14,0.9100318453686708,0.7319092777569822,ORIGINAL_AFFECTED
EMResearch__EvoMaster,5,15,0.8913517204314411,0.7387159724203162,ORIGINAL_AFFECTED
EMResearch__EvoMaster,5,16,0.9109688756347596,0.7324131457264531,ORIGINAL_AFFECTED
EMResearch__EvoMaster,5,17,0.867924687151417,0.72218874785321,ORIGINAL_AFFECTED
EMResearch__EvoMaster,5,18,0.8868644392341245,0.701725011345649,ORIGINAL_AFFECTED
EMResearch__EvoMaster,5,19,0.900315075669008,0.7357944379464264,ORIGINAL_AFFECTED
EMResearch__EvoMaster,5,20,0.8606710100709598,0.705230059457345,ORIGINAL_AFFECTED
EMResearch__EvoMaster,5,21,0.8658896732345164,0.7208604780385061,ORIGINAL_AFFECTED
EMResearch__EvoMaster,5,22,0.8794276353849025,0.7259789738654404,ORIGINAL_AFFECTED
EMResearch__EvoMaster,5,23,0.8901136360868444,0.7221686932006224,ORIGINAL_AFFECTED
EMResearch__EvoMaster,5,24,0.887409807410384,0.7176630561102978,ORIGINAL_AFFECTED
EMResearch__EvoMaster,5,25,0.8653228835287039,0.7207843270919244,ORIGINAL_AFFECTED
EMResearch__EvoMaster,5,26,0.91305177638327,0.7427570647462134,ORIGINAL_AFFECTED
EMResearch__EvoMaster,5,27,0.8907282192490694,0.7287115638013713,ORIGINAL_AFFECTED
EMResearch__EvoMaster,5,28,0.8787008017252499,0.721353638777998,ORIGINAL_AFFECTED
EMResearch__EvoMaster,5,29,0.8940064249299754,0.7363161721001029,ORIGINAL_AFFECTED
EMResearch__EvoMaster,5,30,0.8804049272015292,0.7205527116309717,ORIGINAL_AFFECTED
EMResearch__EvoMaster,10,1,0.8849221353662834,0.725110765262079,ORIGINAL_AFFECTED
EMResearch__EvoMaster,10,2,0.8623830348977034,0.718900238781912,ORIGINAL_AFFECTED
EMResearch__EvoMaster,10,3,0.8828308005318781,0.7211182871562347,ORIGINAL_AFFECTED
EMResearch__EvoMaster,10,4,0.9047416982837664,0.7339724879391742,ORIGINAL_AFFECTED
EMResearch__EvoMaster,10,5,0.8934626789875934,0.744762860783202,ORIGINAL_AFFECTED
EMResearch__EvoMaster,10,6,0.8925852225478549,0.7249361878118018,ORIGINAL_AFFECTED
EMResearch__EvoMaster,10,7,0.8906131705343979,0.7259819967491403,ORIGINAL_AFFECTED
EMResearch__EvoMaster,10,8,0.9180924148508866,0.748179481361697,ORIGINAL_AFFECTED
EMResearch__EvoMaster,10,9,0.8871325545838816,0.7074884198222366,ORIGINAL_AFFECTED
EMResearch__EvoMaster,10,10,0.8904249292885181,0.7082783969826753,ORIGINAL_AFFECTED
EMResearch__EvoMaster,10,11,0.8972661375945609,0.7359704420477409,ORIGINAL_AFFECTED
EMResearch__EvoMaster,10,12,0.8811886709017982,0.7221521468235996,ORIGINAL_AFFECTED
EMResearch__EvoMaster,10,13,0.8854104250732968,0.7053677746621583,ORIGINAL_AFFECTED
EMResearch__EvoMaster,10,14,0.9006147744677496,0.7368964213931805,ORIGINAL_AFFECTED
EMResearch__EvoMaster,10,15,0.8966737139228288,0.7325726770499692,ORIGINAL_AFFECTED
EMResearch__EvoMaster,10,16,0.8896693403835408,0.7045618849372605,ORIGINAL_AFFECTED
EMResearch__EvoMaster,10,17,0.8655154447681771,0.718240083071928,ORIGINAL_AFFECTED
EMResearch__EvoMaster,10,18,0.8889656174317002,0.7104236647374346,ORIGINAL_AFFECTED
EMResearch__EvoMaster,10,19,0.9090345885188266,0.7440281488388597,ORIGINAL_AFFECTED
EMResearch__EvoMaster,10,20,0.8572279886339096,0.702065175815393,ORIGINAL_AFFECTED
EMResearch__EvoMaster,10,21,0.880379282141973,0.7229194847801217,ORIGINAL_AFFECTED
EMResearch__EvoMaster,10,22,0.8938208500748122,0.7386630514102016,ORIGINAL_AFFECTED
EMResearch__EvoMaster,10,23,0.8666933072053951,0.7143266960545479,ORIGINAL_AFFECTED
EMResearch__EvoMaster,10,24,0.8875428885296119,0.7150916484579336,ORIGINAL_AFFECTED
EMResearch__EvoMaster,10,25,0.8650474359192823,0.7211642251018195,ORIGINAL_AFFECTED
EMResearch__EvoMaster,10,26,0.8970010225972034,0.7362572904103855,ORIGINAL_AFFECTED
EMResearch__EvoMaster,10,27,0.9004310277495298,0.731494645769252,ORIGINAL_AFFECTED
EMResearch__EvoMaster,10,28,0.8794788088437286,0.7129740139405849,ORIGINAL_AFFECTED
EMResearch__EvoMaster,10,29,0.8936281476539427,0.7302180866818725,ORIGINAL_AFFECTED
EMResearch__EvoMaster,10,30,0.8741354088575507,0.7141880841667438,ORIGINAL_AFFECTED
EMResearch__EvoMaster,15,1,0.8855575683178886,0.7333314998502665,ORIGINAL_AFFECTED
EMResearch__EvoMaster,15,2,0.8776613884160971,0.7310346203422037,ORIGINAL_AFFECTED
EMResearch__EvoMaster,15,3,0.8918857123909062,0.7310215668059031,ORIGINAL_AFFECTED
EMResearch__EvoMaster,15,4,0.9015674979772742,0.721411548275285,ORIGINAL_AFFECTED
EMResearch__EvoMaster,15,5,0.881156254027815,0.7403497649450821,ORIGINAL_AFFECTED
EMResearch__EvoMaster,15,6,0.8991729227618742,0.7259006899189695,ORIGINAL_AFFECTED
EMResearch__EvoMaster,15,7,0.8764148788404369,0.7198375258770467,ORIGINAL_AFFECTED
EMResearch__EvoMaster,15,8,0.9054686735954522,0.7470096624632265,ORIGINAL_AFFECTED
EMResearch__EvoMaster,15,9,0.8793293459206171,0.7017613742782154,ORIGINAL_AFFECTED
EMResearch__EvoMaster,15,10,0.8826306153721455,0.7004984586271346,ORIGINAL_AFFECTED
EMResearch__EvoMaster,15,11,0.9052389974844574,0.7207207553250505,ORIGINAL_AFFECTED
EMResearch__EvoMaster,15,12,0.877324027341598,0.727229323522735,ORIGINAL_AFFECTED
EMResearch__EvoMaster,15,13,0.8722423825085838,0.6930212737272361,ORIGINAL_AFFECTED
EMResearch__EvoMaster,15,14,0.8958732526461712,0.7433363925857701,ORIGINAL_AFFECTED
EMResearch__EvoMaster,15,15,0.8989187381266127,0.723250516866225,ORIGINAL_AFFECTED
EMResearch__EvoMaster,15,16,0.8794296169455325,0.6954701800209661,ORIGINAL_AFFECTED
EMResearch__EvoMaster,15,17,0.8544113771671197,0.7063630553438539,ORIGINAL_AFFECTED
EMResearch__EvoMaster,15,18,0.8900225754940263,0.7114239346253058,ORIGINAL_AFFECTED
EMResearch__EvoMaster,15,19,0.9119902043555934,0.7353215758010736,ORIGINAL_AFFECTED
EMResearch__EvoMaster,15,20,0.8548785854836263,0.7006675978089889,ORIGINAL_AFFECTED
EMResearch__EvoMaster,15,21,0.8823768080145111,0.7247720481706571,ORIGINAL_AFFECTED
EMResearch__EvoMaster,15,22,0.8977653897171899,0.7348000195699991,ORIGINAL_AFFECTED
EMResearch__EvoMaster,15,23,0.8524785106453556,0.7039491530223843,ORIGINAL_AFFECTED
EMResearch__EvoMaster,15,24,0.8966625284956459,0.7078421058439719,ORIGINAL_AFFECTED
EMResearch__EvoMaster,15,25,0.8727248527803122,0.7169682473464712,ORIGINAL_AFFECTED
EMResearch__EvoMaster,15,26,0.8899189357350876,0.7337128836816501,ORIGINAL_AFFECTED
EMResearch__EvoMaster,15,27,0.8953261743025418,0.727315818825444,ORIGINAL_AFFECTED
EMResearch__EvoMaster,15,28,0.9020683461819736,0.7329616079629528,ORIGINAL_AFFECTED
EMResearch__EvoMaster,15,29,0.8986539319397476,0.737614823186393,ORIGINAL_AFFECTED
EMResearch__EvoMaster,15,30,0.8765231511582336,0.7060989894990327,ORIGINAL_AFFECTED
EMResearch__EvoMaster,20,1,0.8845279251590233,0.7365635563883712,ORIGINAL_AFFECTED
EMResearch__EvoMaster,20,2,0.870089650880548,0.7210281759330166,ORIGINAL_AFFECTED
EMResearch__EvoMaster,20,3,0.9127238577596368,0.7441742151662366,ORIGINAL_AFFECTED
EMResearch__EvoMaster,20,4,0.8950665907241082,0.7128030414211333,ORIGINAL_AFFECTED
EMResearch__EvoMaster,20,5,0.8730483761565525,0.7373416028366853,ORIGINAL_AFFECTED
EMResearch__EvoMaster,20,6,0.8887883294955401,0.7256593661399858,ORIGINAL_AFFECTED
EMResearch__EvoMaster,20,7,0.8814272337756704,0.7148562340186011,ORIGINAL_AFFECTED
EMResearch__EvoMaster,20,8,0.902637848140054,0.7396773663424558,ORIGINAL_AFFECTED
EMResearch__EvoMaster,20,9,0.8733057891742606,0.7041006430476787,ORIGINAL_AFFECTED
EMResearch__EvoMaster,20,10,0.8817466842111611,0.6992515557701658,ORIGINAL_AFFECTED
EMResearch__EvoMaster,20,11,0.899486796290537,0.7176943959798184,ORIGINAL_AFFECTED
EMResearch__EvoMaster,20,12,0.87489672950009,0.7096174384824778,ORIGINAL_AFFECTED
EMResearch__EvoMaster,20,13,0.8835229546569318,0.7009648424313327,ORIGINAL_AFFECTED
EMResearch__EvoMaster,20,14,0.8818581122022532,0.7224465299855273,ORIGINAL_AFFECTED
EMResearch__EvoMaster,20,15,0.8876972922069939,0.705500983621189,ORIGINAL_AFFECTED
EMResearch__EvoMaster,20,16,0.8720229618093789,0.6974488428842393,ORIGINAL_AFFECTED
EMResearch__EvoMaster,20,17,0.8521987797024012,0.7026037507164798,ORIGINAL_AFFECTED
EMResearch__EvoMaster,20,18,0.8933677535429155,0.7069340826348403,ORIGINAL_AFFECTED
EMResearch__EvoMaster,20,19,0.9079925349529824,0.7299872082275035,ORIGINAL_AFFECTED
EMResearch__EvoMaster,20,20,0.8573999495113092,0.708677379431866,ORIGINAL_AFFECTED
EMResearch__EvoMaster,20,21,0.8759973032583823,0.7110203694254589,ORIGINAL_AFFECTED
EMResearch__EvoMaster,20,22,0.8920818356278273,0.7264879774478397,ORIGINAL_AFFECTED
EMResearch__EvoMaster,20,23,0.8490102716823704,0.699220183054655,ORIGINAL_AFFECTED
EMResearch__EvoMaster,20,24,0.8910651926904519,0.7029615456997045,ORIGINAL_AFFECTED
EMResearch__EvoMaster,20,25,0.8728676971179418,0.713109113416199,ORIGINAL_AFFECTED
EMResearch__EvoMaster,20,26,0.8934828831128032,0.7414332613694952,ORIGINAL_AFFECTED
EMResearch__EvoMaster,20,27,0.8861107195871979,0.7210558472000786,ORIGINAL_AFFECTED
EMResearch__EvoMaster,20,28,0.8926988959800821,0.7215533807728973,ORIGINAL_AFFECTED
EMResearch__EvoMaster,20,29,0.9091324946751907,0.7419851286068557,ORIGINAL_AFFECTED
EMResearch__EvoMaster,20,30,0.8736128451073982,0.7072854440893965,ORIGINAL_AFFECTED
EMResearch__EvoMaster,25,1,0.8920960652156773,0.7174561458118268,ORIGINAL_AFFECTED
EMResearch__EvoMaster,25,2,0.8939816636277663,0.7259888522745788,ORIGINAL_AFFECTED
EMResearch__EvoMaster,25,3,0.9070284863503716,0.7371223271290198,ORIGINAL_AFFECTED
EMResearch__EvoMaster,25,4,0.8888675045495875,0.6988202116758965,ORIGINAL_AFFECTED
EMResearch__EvoMaster,25,5,0.8683887937182662,0.7360540836412256,ORIGINAL_AFFECTED
EMResearch__EvoMaster,25,6,0.8857249974193,0.7283722551037862,ORIGINAL_AFFECTED
EMResearch__EvoMaster,25,7,0.8744538215234924,0.7064098740988245,ORIGINAL_AFFECTED
EMResearch__EvoMaster,25,8,0.9020232378069608,0.738838837884464,ORIGINAL_AFFECTED
EMResearch__EvoMaster,25,9,0.882390112289776,0.7138958199007359,ORIGINAL_AFFECTED
EMResearch__EvoMaster,25,10,0.8755592591800254,0.6984245482800282,ORIGINAL_AFFECTED
EMResearch__EvoMaster,25,11,0.9185737175954722,0.7386544610929014,ORIGINAL_AFFECTED
EMResearch__EvoMaster,25,12,0.8812125917679245,0.7074588255898988,ORIGINAL_AFFECTED
EMResearch__EvoMaster,25,13,0.8797942509395945,0.6998394617294987,ORIGINAL_AFFECTED
EMResearch__EvoMaster,25,14,0.8831288020357246,0.7105516921585254,ORIGINAL_AFFECTED
EMResearch__EvoMaster,25,15,0.8822015655355597,0.7022917500385647,ORIGINAL_AFFECTED
EMResearch__EvoMaster,25,16,0.8695933319536858,0.6911353696745914,ORIGINAL_AFFECTED
EMResearch__EvoMaster,25,17,0.8703226695133531,0.7068383883098832,ORIGINAL_AFFECTED
EMResearch__EvoMaster,25,18,0.8888379302358519,0.7030581226316923,ORIGINAL_AFFECTED
EMResearch__EvoMaster,25,19,0.9068422066763526,0.7327844394021023,ORIGINAL_AFFECTED
EMResearch__EvoMaster,25,20,0.8549349742298402,0.7017753942106895,ORIGINAL_AFFECTED
EMResearch__EvoMaster,25,21,0.8883924037572609,0.718670644995231,ORIGINAL_AFFECTED
EMResearch__EvoMaster,25,22,0.8967996589689445,0.7252480442137722,ORIGINAL_AFFECTED
EMResearch__EvoMaster,25,23,0.8764148846232531,0.7078045835316582,ORIGINAL_AFFECTED
EMResearch__EvoMaster,25,24,0.8887803965655525,0.7023700212382739,ORIGINAL_AFFECTED
EMResearch__EvoMaster,25,25,0.8813970874375041,0.7198054865579677,ORIGINAL_AFFECTED
EMResearch__EvoMaster,25,26,0.8873179774718717,0.7333032205123752,ORIGINAL_AFFECTED
EMResearch__EvoMaster,25,27,0.8795783501838319,0.7167184619106693,ORIGINAL_AFFECTED
EMResearch__EvoMaster,25,28,0.8895382013049251,0.7187486768429897,ORIGINAL_AFFECTED
EMResearch__EvoMaster,25,29,0.9032551177982366,0.7299189862448647,ORIGINAL_AFFECTED
EMResearch__EvoMaster,25,30,0.8620936643309618,0.7028843254562983,ORIGINAL_AFFECTED
EMResearch__EvoMaster,30,1,0.9219682273930344,0.7367105547007397,ORIGINAL_AFFECTED
EMResearch__EvoMaster,30,2,0.898678367751893,0.7140579211439535,ORIGINAL_AFFECTED
EMResearch__EvoMaster,30,3,0.9038047507107184,0.7326703261341482,ORIGINAL_AFFECTED
EMResearch__EvoMaster,30,4,0.8958424797736917,0.7091982187906725,ORIGINAL_AFFECTED
EMResearch__EvoMaster,30,5,0.867259576180303,0.7309823837376025,ORIGINAL_AFFECTED
EMResearch__EvoMaster,30,6,0.8802395992171768,0.7216592722329952,ORIGINAL_AFFECTED
EMResearch__EvoMaster,30,7,0.8960985115039534,0.7244595516830805,ORIGINAL_AFFECTED
EMResearch__EvoMaster,30,8,0.9052317828241602,0.7407928331402693,ORIGINAL_AFFECTED
EMResearch__EvoMaster,30,9,0.8881673526689575,0.7155786551637158,ORIGINAL_AFFECTED
EMResearch__EvoMaster,30,10,0.8800556114475272,0.6954364492353137,ORIGINAL_AFFECTED
EMResearch__EvoMaster,30,11,0.9159415397221844,0.7365603312090934,ORIGINAL_AFFECTED
EMResearch__EvoMaster,30,12,0.8763948596207813,0.7064278660264164,ORIGINAL_AFFECTED
EMResearch__EvoMaster,30,13,0.8805863090324428,0.7035583133355058,ORIGINAL_AFFECTED
EMResearch__EvoMaster,30,14,0.8784589339024964,0.7096498235513232,ORIGINAL_AFFECTED
EMResearch__EvoMaster,30,15,0.8823549327777855,0.698233545776661,ORIGINAL_AFFECTED
EMResearch__EvoMaster,30,16,0.879444814315021,0.698207868125873,ORIGINAL_AFFECTED
EMResearch__EvoMaster,30,17,0.8674290203091203,0.7055502309111594,ORIGINAL_AFFECTED
EMResearch__EvoMaster,30,18,0.8918051495722945,0.7001339846019802,ORIGINAL_AFFECTED
EMResearch__EvoMaster,30,19,0.9030749044381666,0.7307228981078357,ORIGINAL_AFFECTED
EMResearch__EvoMaster,30,20,0.8809117994325921,0.708281602290769,ORIGINAL_AFFECTED
EMResearch__EvoMaster,30,21,0.8877383992544632,0.720341454837448,ORIGINAL_AFFECTED
EMResearch__EvoMaster,30,22,0.8915024021480349,0.7244675519116645,ORIGINAL_AFFECTED
EMResearch__EvoMaster,30,23,0.8683290844595842,0.7005089747404312,ORIGINAL_AFFECTED
EMResearch__EvoMaster,30,24,0.9015490268872148,0.7150623457653531,ORIGINAL_AFFECTED
EMResearch__EvoMaster,30,25,0.8788886989794603,0.7151416646023004,ORIGINAL_AFFECTED
EMResearch__EvoMaster,30,26,0.8854922884518829,0.7243182299218178,ORIGINAL_AFFECTED
EMResearch__EvoMaster,30,27,0.8739667200582862,0.712639850844847,ORIGINAL_AFFECTED
EMResearch__EvoMaster,30,28,0.892543502239193,0.7189738013899997,ORIGINAL_AFFECTED
EMResearch__EvoMaster,30,29,0.9108053710761908,0.728853429628136,ORIGINAL_AFFECTED
EMResearch__EvoMaster,30,30,0.8556250552954692,0.6994015160054438,ORIGINAL_AFFECTED
EMResearch__EvoMaster,40,1,0.918172170012156,0.7308749971332026,ORIGINAL_AFFECTED
EMResearch__EvoMaster,40,2,0.8935969977012991,0.7132767839918563,ORIGINAL_AFFECTED
EMResearch__EvoMaster,40,3,0.9020410471221116,0.730805031183361,ORIGINAL_AFFECTED
EMResearch__EvoMaster,40,4,0.8965697194666481,0.7072629420403157,ORIGINAL_AFFECTED
EMResearch__EvoMaster,40,5,0.8702060759852265,0.7357077227411817,ORIGINAL_AFFECTED
EMResearch__EvoMaster,40,6,0.907855798072215,0.7304916196349741,ORIGINAL_AFFECTED
EMResearch__EvoMaster,40,7,0.8916266930482875,0.7164659507265018,ORIGINAL_AFFECTED
EMResearch__EvoMaster,40,8,0.9111898353054312,0.7377059380015386,ORIGINAL_AFFECTED
EMResearch__EvoMaster,40,9,0.8985635587736076,0.7184065908343573,ORIGINAL_AFFECTED
EMResearch__EvoMaster,40,10,0.8794952710314722,0.694089882792914,ORIGINAL_AFFECTED
EMResearch__EvoMaster,40,11,0.9111456164287564,0.7362443875859186,ORIGINAL_AFFECTED
EMResearch__EvoMaster,40,12,0.8959850509608531,0.7213117002907145,ORIGINAL_AFFECTED
EMResearch__EvoMaster,40,13,0.8950122347291924,0.7122198511327691,ORIGINAL_AFFECTED
EMResearch__EvoMaster,40,14,0.8689243035845274,0.7010375106188776,ORIGINAL_AFFECTED
EMResearch__EvoMaster,40,15,0.8729567909298142,0.6956048700331381,ORIGINAL_AFFECTED
EMResearch__EvoMaster,40,16,0.8722637599333956,0.6902362665499611,ORIGINAL_AFFECTED
EMResearch__EvoMaster,40,17,0.8664771960238792,0.6970956746024,ORIGINAL_AFFECTED
EMResearch__EvoMaster,40,18,0.9045129672592732,0.7221985844743382,ORIGINAL_AFFECTED
EMResearch__EvoMaster,40,19,0.8922321846448231,0.7196978362497458,ORIGINAL_AFFECTED
EMResearch__EvoMaster,40,20,0.8772575945044468,0.7036839376492059,ORIGINAL_AFFECTED
EMResearch__EvoMaster,40,21,0.8844617184372606,0.7226284508529413,ORIGINAL_AFFECTED
EMResearch__EvoMaster,40,22,0.8883046645853615,0.7199985446745465,ORIGINAL_AFFECTED
EMResearch__EvoMaster,40,23,0.8607181157706199,0.6942621083427863,ORIGINAL_AFFECTED
EMResearch__EvoMaster,40,24,0.91050340354334,0.7194177025455202,ORIGINAL_AFFECTED
EMResearch__EvoMaster,40,25,0.8754272642747962,0.7045037246014884,ORIGINAL_AFFECTED
EMResearch__EvoMaster,40,26,0.8888545468445516,0.7218992428774822,ORIGINAL_AFFECTED
EMResearch__EvoMaster,40,27,0.8974608081916744,0.7183161372765516,ORIGINAL_AFFECTED
EMResearch__EvoMaster,40,28,0.8914964858585982,0.7169970439281252,ORIGINAL_AFFECTED
EMResearch__EvoMaster,40,29,0.921806529054844,0.7259717960335614,ORIGINAL_AFFECTED
EMResearch__EvoMaster,40,30,0.8532608512244643,0.6998675694460589,ORIGINAL_AFFECTED
EMResearch__EvoMaster,50,1,0.9115049353523608,0.722162932250578,ORIGINAL_AFFECTED
EMResearch__EvoMaster,50,2,0.8970821528882416,0.7120430877495495,ORIGINAL_AFFECTED
EMResearch__EvoMaster,50,3,0.8940589773721128,0.7138840972518885,ORIGINAL_AFFECTED
EMResearch__EvoMaster,50,4,0.902989892547012,0.706674955061722,ORIGINAL_AFFECTED
EMResearch__EvoMaster,50,5,0.8757727184362596,0.7312480312412722,ORIGINAL_AFFECTED
EMResearch__EvoMaster,50,6,0.9043342057696238,0.7263465362164158,ORIGINAL_AFFECTED
EMResearch__EvoMaster,50,7,0.8914955325734006,0.7116951878095603,ORIGINAL_AFFECTED
EMResearch__EvoMaster,50,8,0.9091474197774628,0.7376696163156533,ORIGINAL_AFFECTED
EMResearch__EvoMaster,50,9,0.8904879239443786,0.7104463407549289,ORIGINAL_AFFECTED
EMResearch__EvoMaster,50,10,0.8779702326928673,0.691349222261608,ORIGINAL_AFFECTED
EMResearch__EvoMaster,50,11,0.9048582349663344,0.7307492480356466,ORIGINAL_AFFECTED
EMResearch__EvoMaster,50,12,0.9157890258152334,0.7222396038260795,ORIGINAL_AFFECTED
EMResearch__EvoMaster,50,13,0.8875200146914584,0.7097315088225695,ORIGINAL_AFFECTED
EMResearch__EvoMaster,50,14,0.8607582153422064,0.701097176525585,ORIGINAL_AFFECTED
EMResearch__EvoMaster,50,15,0.8663769714564262,0.6914665504281936,ORIGINAL_AFFECTED
EMResearch__EvoMaster,50,16,0.8656094529273487,0.6869941461516658,ORIGINAL_AFFECTED
EMResearch__EvoMaster,50,17,0.8821918073913314,0.7111653079940472,ORIGINAL_AFFECTED
EMResearch__EvoMaster,50,18,0.9016731886969134,0.7184168466045985,ORIGINAL_AFFECTED
EMResearch__EvoMaster,50,19,0.9007085745608594,0.7241214199926513,ORIGINAL_AFFECTED
EMResearch__EvoMaster,50,20,0.8795508834966643,0.70904232180748,ORIGINAL_AFFECTED
EMResearch__EvoMaster,50,21,0.8751848081485453,0.7124758231519155,ORIGINAL_AFFECTED
EMResearch__EvoMaster,50,22,0.8976162356706857,0.7304518444007678,ORIGINAL_AFFECTED
EMResearch__EvoMaster,50,23,0.8650003182613097,0.7043769475299494,ORIGINAL_AFFECTED
EMResearch__EvoMaster,50,24,0.9144057910440626,0.7208380677944325,ORIGINAL_AFFECTED
EMResearch__EvoMaster,50,25,0.8784071708972782,0.7072866680996621,ORIGINAL_AFFECTED
EMResearch__EvoMaster,50,26,0.8832519518764383,0.7136709908260138,ORIGINAL_AFFECTED
EMResearch__EvoMaster,50,27,0.8899429630810171,0.7102948362263076,ORIGINAL_AFFECTED
EMResearch__EvoMaster,50,28,0.8998406875916332,0.7209404040314893,ORIGINAL_AFFECTED
EMResearch__EvoMaster,50,29,0.9194555156478844,0.7246553201989442,ORIGINAL_AFFECTED
EMResearch__EvoMaster,50,30,0.8883061718435479,0.7182826032094262,ORIGINAL_AFFECTED
JMRI__JMRI,0,1,0.1069064624312755,0.3169575419957866,ORIGINAL_AFFECTED
JMRI__JMRI,0,2,0.1069064624312755,0.3169575419957866,ORIGINAL_AFFECTED
JMRI__JMRI,0,3,0.1069064624312755,0.3169575419957866,ORIGINAL_AFFECTED
JMRI__JMRI,0,4,0.1069064624312755,0.3169575419957866,ORIGINAL_AFFECTED
JMRI__JMRI,0,5,0.1069064624312755,0.3169575419957866,ORIGINAL_AFFECTED
JMRI__JMRI,0,6,0.1069064624312755,0.3169575419957866,ORIGINAL_AFFECTED
JMRI__JMRI,0,7,0.1069064624312755,0.3169575419957866,ORIGINAL_AFFECTED
JMRI__JMRI,0,8,0.1069064624312755,0.3169575419957866,ORIGINAL_AFFECTED
JMRI__JMRI,0,9,0.1069064624312755,0.3169575419957866,ORIGINAL_AFFECTED
JMRI__JMRI,0,10,0.1069064624312755,0.3169575419957866,ORIGINAL_AFFECTED
JMRI__JMRI,0,11,0.1069064624312755,0.3169575419957866,ORIGINAL_AFFECTED
JMRI__JMRI,0,12,0.1069064624312755,0.3169575419957866,ORIGINAL_AFFECTED
JMRI__JMRI,0,13,0.1069064624312755,0.3169575419957866,ORIGINAL_AFFECTED
JMRI__JMRI,0,14,0.1069064624312755,0.3169575419957866,ORIGINAL_AFFECTED
JMRI__JMRI,0,15,0.1069064624312755,0.3169575419957866,ORIGINAL_AFFECTED
JMRI__JMRI,0,16,0.1069064624312755,0.3169575419957866,ORIGINAL_AFFECTED
JMRI__JMRI,0,17,0.1069064624312755,0.3169575419957866,ORIGINAL_AFFECTED
JMRI__JMRI,0,18,0.1069064624312755,0.3169575419957866,ORIGINAL_AFFECTED
JMRI__JMRI,0,19,0.1069064624312755,0.3169575419957866,ORIGINAL_AFFECTED
JMRI__JMRI,0,20,0.1069064624312755,0.3169575419957866,ORIGINAL_AFFECTED
JMRI__JMRI,0,21,0.1069064624312755,0.3169575419957866,ORIGINAL_AFFECTED
JMRI__JMRI,0,22,0.1069064624312755,0.3169575419957866,ORIGINAL_AFFECTED
JMRI__JMRI,0,23,0.1069064624312755,0.3169575419957866,ORIGINAL_AFFECTED
JMRI__JMRI,0,24,0.1069064624312755,0.3169575419957866,ORIGINAL_AFFECTED
JMRI__JMRI,0,25,0.1069064624312755,0.3169575419957866,ORIGINAL_AFFECTED
JMRI__JMRI,0,26,0.1069064624312755,0.3169575419957866,ORIGINAL_AFFECTED
JMRI__JMRI,0,27,0.1069064624312755,0.3169575419957866,ORIGINAL_AFFECTED
JMRI__JMRI,0,28,0.1069064624312755,0.3169575419957866,ORIGINAL_AFFECTED
JMRI__JMRI,0,29,0.1069064624312755,0.3169575419957866,ORIGINAL_AFFECTED
JMRI__JMRI,0,30,0.1069064624312755,0.3169575419957866,ORIGINAL_AFFECTED
JMRI__JMRI,5,1,0.801810410489317,0.7689021910837548,ORIGINAL_AFFECTED
JMRI__JMRI,5,2,0.791473932334885,0.7814533066842325,ORIGINAL_AFFECTED
JMRI__JMRI,5,3,0.6968384427342,0.6780948202600067,ORIGINAL_AFFECTED
JMRI__JMRI,5,4,0.7929236075695898,0.7680708931612238,ORIGINAL_AFFECTED
JMRI__JMRI,5,5,0.8118354836889591,0.769771473232825,ORIGINAL_AFFECTED
JMRI__JMRI,5,6,0.7353788732198443,0.7016541311442186,ORIGINAL_AFFECTED
JMRI__JMRI,5,7,0.7875998140993513,0.7503187729196932,ORIGINAL_AFFECTED
JMRI__JMRI,5,8,0.8030845267953147,0.7538724078592155,ORIGINAL_AFFECTED
JMRI__JMRI,5,9,0.8088653813836727,0.7765198052644817,ORIGINAL_AFFECTED
JMRI__JMRI,5,10,0.7628118433650745,0.7388040829210754,ORIGINAL_AFFECTED
JMRI__JMRI,5,11,0.76110264215587,0.7750664702657116,ORIGINAL_AFFECTED
JMRI__JMRI,5,12,0.7823189181014446,0.748405163608532,ORIGINAL_AFFECTED
JMRI__JMRI,5,13,0.8002158183261375,0.7634000233836487,ORIGINAL_AFFECTED
JMRI__JMRI,5,14,0.7411247669705646,0.7067434889191785,ORIGINAL_AFFECTED
JMRI__JMRI,5,15,0.7864334254107881,0.7707100731059814,ORIGINAL_AFFECTED
JMRI__JMRI,5,16,0.7686257663198496,0.7332699976009156,ORIGINAL_AFFECTED
JMRI__JMRI,5,17,0.804652376037185,0.763287235168737,ORIGINAL_AFFECTED
JMRI__JMRI,5,18,0.774933007400895,0.7500012264199691,ORIGINAL_AFFECTED
JMRI__JMRI,5,19,0.7551015355319128,0.742859124086657,ORIGINAL_AFFECTED
JMRI__JMRI,5,20,0.7915692035802676,0.7665706333116346,ORIGINAL_AFFECTED
JMRI__JMRI,5,21,0.7891290347100822,0.7702192115614431,ORIGINAL_AFFECTED
JMRI__JMRI,5,22,0.7540332245415439,0.7402101449715932,ORIGINAL_AFFECTED
JMRI__JMRI,5,23,0.8320670203835366,0.7977167651585783,ORIGINAL_AFFECTED
JMRI__JMRI,5,24,0.7868487469456434,0.7821377342337786,ORIGINAL_AFFECTED
JMRI__JMRI,5,25,0.8230935866989637,0.8155857318465941,ORIGINAL_AFFECTED
JMRI__JMRI,5,26,0.8147048608837112,0.7793576579712266,ORIGINAL_AFFECTED
JMRI__JMRI,5,27,0.7824077502643237,0.7642534818751323,ORIGINAL_AFFECTED
JMRI__JMRI,5,28,0.7911415579692722,0.7681361205270257,ORIGINAL_AFFECTED
JMRI__JMRI,5,29,0.7565836107679568,0.7309441007120435,ORIGINAL_AFFECTED
JMRI__JMRI,5,30,0.725668920169371,0.6951811985402849,ORIGINAL_AFFECTED
JMRI__JMRI,10,1,0.8280075735373827,0.8140281927469862,ORIGINAL_AFFECTED
JMRI__JMRI,10,2,0.7994324815493411,0.8074722814473722,ORIGINAL_AFFECTED
JMRI__JMRI,10,3,0.7316517235569059,0.7188710226267592,ORIGINAL_AFFECTED
JMRI__JMRI,10,4,0.8233919950376066,0.8057116198110398,ORIGINAL_AFFECTED
JMRI__JMRI,10,5,0.8503743723711898,0.8137844601727777,ORIGINAL_AFFECTED
JMRI__JMRI,10,6,0.7979318742607407,0.7542008489109816,ORIGINAL_AFFECTED
JMRI__JMRI,10,7,0.804802958644018,0.7803697922360131,ORIGINAL_AFFECTED
JMRI__JMRI,10,8,0.8068581187118079,0.7773356198907804,ORIGINAL_AFFECTED
JMRI__JMRI,10,9,0.8129620490365608,0.7916732986651489,ORIGINAL_AFFECTED
JMRI__JMRI,10,10,0.7888939120880316,0.7817414107293398,ORIGINAL_AFFECTED
JMRI__JMRI,10,11,0.8206051092820831,0.8146035011095648,ORIGINAL_AFFECTED
JMRI__JMRI,10,12,0.8091884974592037,0.7770333139027427,ORIGINAL_AFFECTED
JMRI__JMRI,10,13,0.8027617093038216,0.7640149485633204,ORIGINAL_AFFECTED
JMRI__JMRI,10,14,0.8304621135769287,0.8242734300722311,ORIGINAL_AFFECTED
JMRI__JMRI,10,15,0.7694239687137087,0.7515800308383219,ORIGINAL_AFFECTED
JMRI__JMRI,10,16,0.763005414138202,0.7528464774145375,ORIGINAL_AFFECTED
JMRI__JMRI,10,17,0.8518717456834706,0.8139109613439803,ORIGINAL_AFFECTED
JMRI__JMRI,10,18,0.7986305224621065,0.7844681620920632,ORIGINAL_AFFECTED
JMRI__JMRI,10,19,0.8051594342666978,0.790984733923651,ORIGINAL_AFFECTED
JMRI__JMRI,10,20,0.8426221556189116,0.8137633111939402,ORIGINAL_AFFECTED
JMRI__JMRI,10,21,0.8134873900129534,0.7749685861118257,ORIGINAL_AFFECTED
JMRI__JMRI,10,22,0.7821314883832677,0.7653792617489555,ORIGINAL_AFFECTED
JMRI__JMRI,10,23,0.8095913203997119,0.7778643064373472,ORIGINAL_AFFECTED
JMRI__JMRI,10,24,0.8258972589994836,0.8104198436471802,ORIGINAL_AFFECTED
JMRI__JMRI,10,25,0.7941764539708783,0.7944458169046286,ORIGINAL_AFFECTED
JMRI__JMRI,10,26,0.8663081085784453,0.8418890802183056,ORIGINAL_AFFECTED
JMRI__JMRI,10,27,0.7898228247534308,0.7719638730496049,ORIGINAL_AFFECTED
JMRI__JMRI,10,28,0.7880319644305939,0.7851328406214781,ORIGINAL_AFFECTED
JMRI__JMRI,10,29,0.8143143757115228,0.7961371491823487,ORIGINAL_AFFECTED
JMRI__JMRI,10,30,0.7740425996906645,0.7406660559284487,ORIGINAL_AFFECTED
JMRI__JMRI,15,1,0.8193244147086626,0.7953642537327504,ORIGINAL_AFFECTED
JMRI__JMRI,15,2,0.8116039188564477,0.8114683535869287,ORIGINAL_AFFECTED
JMRI__JMRI,15,3,0.7954323775749111,0.7719496216402745,ORIGINAL_AFFECTED
JMRI__JMRI,15,4,0.8499946511657113,0.8307690304246232,ORIGINAL_AFFECTED
JMRI__JMRI,15,5,0.8621470460717123,0.8264149847875406,ORIGINAL_AFFECTED
JMRI__JMRI,15,6,0.8082397414054023,0.7757041624647371,ORIGINAL_AFFECTED
JMRI__JMRI,15,7,0.7944875173002909,0.7679150510149743,ORIGINAL_AFFECTED
JMRI__JMRI,15,8,0.8109489073622642,0.7761101490173697,ORIGINAL_AFFECTED
JMRI__JMRI,15,9,0.8177581227096157,0.7996755762654142,ORIGINAL_AFFECTED
JMRI__JMRI,15,10,0.792900316503793,0.7663811781441535,ORIGINAL_AFFECTED
JMRI__JMRI,15,11,0.8502206502125108,0.8265766072359974,ORIGINAL_AFFECTED
JMRI__JMRI,15,12,0.8307613781438549,0.8070020394875819,ORIGINAL_AFFECTED
JMRI__JMRI,15,13,0.803620547567716,0.7662639230165603,ORIGINAL_AFFECTED
JMRI__JMRI,15,14,0.8428434182586532,0.817346471427098,ORIGINAL_AFFECTED
JMRI__JMRI,15,15,0.8066273778801548,0.7845768195382995,ORIGINAL_AFFECTED
JMRI__JMRI,15,16,0.795782343872208,0.7939697359761233,ORIGINAL_AFFECTED
JMRI__JMRI,15,17,0.8580410705479364,0.8296234424023067,ORIGINAL_AFFECTED
JMRI__JMRI,15,18,0.8270372201960665,0.7981031643949864,ORIGINAL_AFFECTED
JMRI__JMRI,15,19,0.8087334257550477,0.7752079738199962,ORIGINAL_AFFECTED
JMRI__JMRI,15,20,0.8569023627511201,0.8300775614039323,ORIGINAL_AFFECTED
JMRI__JMRI,15,21,0.8044328157989108,0.7775028936025365,ORIGINAL_AFFECTED
JMRI__JMRI,15,22,0.7848708145069928,0.7575160447360293,ORIGINAL_AFFECTED
JMRI__JMRI,15,23,0.8273230467851554,0.805835172743747,ORIGINAL_AFFECTED
JMRI__JMRI,15,24,0.8289150358695118,0.8155608714962371,ORIGINAL_AFFECTED
JMRI__JMRI,15,25,0.8012588279967544,0.7949996369030464,ORIGINAL_AFFECTED
JMRI__JMRI,15,26,0.8697059711431449,0.8489093081193507,ORIGINAL_AFFECTED
JMRI__JMRI,15,27,0.782198630341432,0.7626906319551617,ORIGINAL_AFFECTED
JMRI__JMRI,15,28,0.7689718414891985,0.7615675848762503,ORIGINAL_AFFECTED
JMRI__JMRI,15,29,0.7987616435885926,0.7917284097640248,ORIGINAL_AFFECTED
JMRI__JMRI,15,30,0.8271179936414775,0.7866915831246234,ORIGINAL_AFFECTED
JMRI__JMRI,20,1,0.8502916817531515,0.8239132535803098,ORIGINAL_AFFECTED
JMRI__JMRI,20,2,0.8208183119366415,0.8145213501161669,ORIGINAL_AFFECTED
JMRI__JMRI,20,3,0.8429574129301223,0.812912451727259,ORIGINAL_AFFECTED
JMRI__JMRI,20,4,0.8516844521488167,0.8172534934610421,ORIGINAL_AFFECTED
JMRI__JMRI,20,5,0.879090101879037,0.8406966054559284,ORIGINAL_AFFECTED
JMRI__JMRI,20,6,0.8451362242524877,0.812112083755601,ORIGINAL_AFFECTED
JMRI__JMRI,20,7,0.8049251852462671,0.7864441290004694,ORIGINAL_AFFECTED
JMRI__JMRI,20,8,0.8473764799050083,0.8080929044949077,ORIGINAL_AFFECTED
JMRI__JMRI,20,9,0.8261356064567956,0.8103619505239129,ORIGINAL_AFFECTED
JMRI__JMRI,20,10,0.8549577117333947,0.8296974259696226,ORIGINAL_AFFECTED
JMRI__JMRI,20,11,0.8744446940959683,0.8586642116305079,ORIGINAL_AFFECTED
JMRI__JMRI,20,12,0.83707015279005,0.8101226244179459,ORIGINAL_AFFECTED
JMRI__JMRI,20,13,0.8167058228299956,0.7786669607131143,ORIGINAL_AFFECTED
JMRI__JMRI,20,14,0.8237143951944411,0.7934392681363666,ORIGINAL_AFFECTED
JMRI__JMRI,20,15,0.8345515655492236,0.8147960486486353,ORIGINAL_AFFECTED
JMRI__JMRI,20,16,0.8309500079775818,0.8301715042954066,ORIGINAL_AFFECTED
JMRI__JMRI,20,17,0.8498379949349172,0.82418913577787,ORIGINAL_AFFECTED
JMRI__JMRI,20,18,0.8508587935346852,0.8101041046105711,ORIGINAL_AFFECTED
JMRI__JMRI,20,19,0.8394773185217345,0.8158298763221675,ORIGINAL_AFFECTED
JMRI__JMRI,20,20,0.8805173196005566,0.8581387093931311,ORIGINAL_AFFECTED
JMRI__JMRI,20,21,0.8311247174533171,0.8069642956286045,ORIGINAL_AFFECTED
JMRI__JMRI,20,22,0.8437602964681905,0.8060156858256889,ORIGINAL_AFFECTED
JMRI__JMRI,20,23,0.8444383637477069,0.8212711039330388,ORIGINAL_AFFECTED
JMRI__JMRI,20,24,0.8390975876037455,0.8277480918371888,ORIGINAL_AFFECTED
JMRI__JMRI,20,25,0.824826650603713,0.80649839696532,ORIGINAL_AFFECTED
JMRI__JMRI,20,26,0.9042643007677906,0.8768195997554518,ORIGINAL_AFFECTED
JMRI__JMRI,20,27,0.8061582826889397,0.7796561315088529,ORIGINAL_AFFECTED
JMRI__JMRI,20,28,0.7885856158090035,0.7808494164350724,ORIGINAL_AFFECTED
JMRI__JMRI,20,29,0.8127034794109383,0.8107795322712495,ORIGINAL_AFFECTED
JMRI__JMRI,20,30,0.8272955441973888,0.7801747938918963,ORIGINAL_AFFECTED
JMRI__JMRI,25,1,0.8660708937517727,0.8390178621397691,ORIGINAL_AFFECTED
JMRI__JMRI,25,2,0.8319954273269717,0.830602222439731,ORIGINAL_AFFECTED
JMRI__JMRI,25,3,0.875897651907148,0.8429011486385188,ORIGINAL_AFFECTED
JMRI__JMRI,25,4,0.8505704136840738,0.8213332612465315,ORIGINAL_AFFECTED
JMRI__JMRI,25,5,0.8956042332511996,0.8527749677328728,ORIGINAL_AFFECTED
JMRI__JMRI,25,6,0.8655140521406199,0.8338918761464714,ORIGINAL_AFFECTED
JMRI__JMRI,25,7,0.8175995905618939,0.803820313187175,ORIGINAL_AFFECTED
JMRI__JMRI,25,8,0.8316797975943353,0.7896799470274217,ORIGINAL_AFFECTED
JMRI__JMRI,25,9,0.8675643779704053,0.8319961547908381,ORIGINAL_AFFECTED
JMRI__JMRI,25,10,0.8659411836230091,0.838308131868904,ORIGINAL_AFFECTED
JMRI__JMRI,25,11,0.8603441201778826,0.849260428661708,ORIGINAL_AFFECTED
JMRI__JMRI,25,12,0.8698899149043012,0.8358261449648142,ORIGINAL_AFFECTED
JMRI__JMRI,25,13,0.8556055283901701,0.8215760070931416,ORIGINAL_AFFECTED
JMRI__JMRI,25,14,0.8477879501116106,0.8195367651628563,ORIGINAL_AFFECTED
JMRI__JMRI,25,15,0.8322088838721816,0.8166511448770963,ORIGINAL_AFFECTED
JMRI__JMRI,25,16,0.8447460663142637,0.846073306663803,ORIGINAL_AFFECTED
JMRI__JMRI,25,17,0.8490590402206436,0.82894556287544,ORIGINAL_AFFECTED
JMRI__JMRI,25,18,0.8578892545490143,0.8242246978182659,ORIGINAL_AFFECTED
JMRI__JMRI,25,19,0.8639061560006871,0.8459945572240931,ORIGINAL_AFFECTED
JMRI__JMRI,25,20,0.8827121968319042,0.8570579001925642,ORIGINAL_AFFECTED
JMRI__JMRI,25,21,0.8202893881941574,0.7991807120219531,ORIGINAL_AFFECTED
JMRI__JMRI,25,22,0.8513026058991556,0.8182423698554633,ORIGINAL_AFFECTED
JMRI__JMRI,25,23,0.8454776552350992,0.8276586434763827,ORIGINAL_AFFECTED
JMRI__JMRI,25,24,0.8594535799105333,0.8508068790658467,ORIGINAL_AFFECTED
JMRI__JMRI,25,25,0.8382337460738473,0.8205415291242296,ORIGINAL_AFFECTED
JMRI__JMRI,25,26,0.8988503340727876,0.875523734906119,ORIGINAL_AFFECTED
JMRI__JMRI,25,27,0.8659656423288576,0.8187816021762857,ORIGINAL_AFFECTED
JMRI__JMRI,25,28,0.8430009770092205,0.8287461239233913,ORIGINAL_AFFECTED
JMRI__JMRI,25,29,0.8156653500760284,0.7914397298184772,ORIGINAL_AFFECTED
JMRI__JMRI,25,30,0.8493903065719981,0.8101622211168279,ORIGINAL_AFFECTED
JMRI__JMRI,30,1,0.8592396831071746,0.8380221048319122,ORIGINAL_AFFECTED
JMRI__JMRI,30,2,0.8448458777803521,0.833351852363467,ORIGINAL_AFFECTED
JMRI__JMRI,30,3,0.899641715272898,0.868261638513658,ORIGINAL_AFFECTED
JMRI__JMRI,30,4,0.8623872961174429,0.8310475489754253,ORIGINAL_AFFECTED
JMRI__JMRI,30,5,0.8961370935297559,0.8517073721881628,ORIGINAL_AFFECTED
JMRI__JMRI,30,6,0.8824086602079699,0.8540476149911974,ORIGINAL_AFFECTED
JMRI__JMRI,30,7,0.8111394580253027,0.7989190930699923,ORIGINAL_AFFECTED
JMRI__JMRI,30,8,0.8426032302600913,0.8030346881217589,ORIGINAL_AFFECTED
JMRI__JMRI,30,9,0.866825280920995,0.8329183413783855,ORIGINAL_AFFECTED
JMRI__JMRI,30,10,0.9135478626552108,0.8854997508121363,ORIGINAL_AFFECTED
JMRI__JMRI,30,11,0.8573654014711711,0.8469546797156168,ORIGINAL_AFFECTED
JMRI__JMRI,30,12,0.8660326191755505,0.8345299093320612,ORIGINAL_AFFECTED
JMRI__JMRI,30,13,0.8505519445252062,0.8194000265688167,ORIGINAL_AFFECTED
JMRI__JMRI,30,14,0.8715219088349562,0.8427120587252314,ORIGINAL_AFFECTED
JMRI__JMRI,30,15,0.8295925640956424,0.8149707412260255,ORIGINAL_AFFECTED
JMRI__JMRI,30,16,0.8518550561307725,0.8520191601028833,ORIGINAL_AFFECTED
JMRI__JMRI,30,17,0.8655046608670185,0.8417569895743583,ORIGINAL_AFFECTED
JMRI__JMRI,30,18,0.8657050065006354,0.8376308125537945,ORIGINAL_AFFECTED
JMRI__JMRI,30,19,0.8619215704454491,0.8490108368070084,ORIGINAL_AFFECTED
JMRI__JMRI,30,20,0.8705348942954195,0.8494855564572036,ORIGINAL_AFFECTED
JMRI__JMRI,30,21,0.820762683736997,0.8029755719445056,ORIGINAL_AFFECTED
JMRI__JMRI,30,22,0.8609489380171288,0.8325608093593084,ORIGINAL_AFFECTED
JMRI__JMRI,30,23,0.8664556016460355,0.8527889851641562,ORIGINAL_AFFECTED
JMRI__JMRI,30,24,0.8636530179344346,0.8468328884276141,ORIGINAL_AFFECTED
JMRI__JMRI,30,25,0.8310819961999526,0.8130789778141198,ORIGINAL_AFFECTED
JMRI__JMRI,30,26,0.9178526661380612,0.8964857818894799,ORIGINAL_AFFECTED
JMRI__JMRI,30,27,0.9120233110485524,0.8673125210798585,ORIGINAL_AFFECTED
JMRI__JMRI,30,28,0.8320220107335273,0.8169688779586616,ORIGINAL_AFFECTED
JMRI__JMRI,30,29,0.8129254750323579,0.790545808334052,ORIGINAL_AFFECTED
JMRI__JMRI,30,30,0.8353229908019998,0.7985874044144907,ORIGINAL_AFFECTED
JMRI__JMRI,40,1,0.8466048291974876,0.8301431163601952,ORIGINAL_AFFECTED
JMRI__JMRI,40,2,0.8871164578369815,0.8640523906868612,ORIGINAL_AFFECTED
JMRI__JMRI,40,3,0.8938666901997333,0.8719573258701878,ORIGINAL_AFFECTED
JMRI__JMRI,40,4,0.8939255564321554,0.8659993062791594,ORIGINAL_AFFECTED
JMRI__JMRI,40,5,0.8879633916661728,0.8458378884700632,ORIGINAL_AFFECTED
JMRI__JMRI,40,6,0.8995076083494205,0.8722382343715052,ORIGINAL_AFFECTED
JMRI__JMRI,40,7,0.8353615703043945,0.8075194145653694,ORIGINAL_AFFECTED
JMRI__JMRI,40,8,0.8571328594997744,0.81737662984054,ORIGINAL_AFFECTED
JMRI__JMRI,40,9,0.8902134291135794,0.8557640676996092,ORIGINAL_AFFECTED
JMRI__JMRI,40,10,0.9210543605661394,0.8879509381201846,ORIGINAL_AFFECTED
JMRI__JMRI,40,11,0.8899290628849438,0.8561410922088187,ORIGINAL_AFFECTED
JMRI__JMRI,40,12,0.8632747022311172,0.8185693923729976,ORIGINAL_AFFECTED
JMRI__JMRI,40,13,0.851537781850451,0.8213413937115419,ORIGINAL_AFFECTED
JMRI__JMRI,40,14,0.8715262743710168,0.8468702695273173,ORIGINAL_AFFECTED
JMRI__JMRI,40,15,0.8436995215368355,0.8236137816742324,ORIGINAL_AFFECTED
JMRI__JMRI,40,16,0.8491819716888375,0.8496960928575295,ORIGINAL_AFFECTED
JMRI__JMRI,40,17,0.876388785327793,0.8538529908747557,ORIGINAL_AFFECTED
JMRI__JMRI,40,18,0.8872444934864209,0.8676999941887127,ORIGINAL_AFFECTED
JMRI__JMRI,40,19,0.8887720112136014,0.8677916939951676,ORIGINAL_AFFECTED
JMRI__JMRI,40,20,0.8568198912428447,0.8451696664832632,ORIGINAL_AFFECTED
JMRI__JMRI,40,21,0.8193100839742362,0.7922995166264718,ORIGINAL_AFFECTED
JMRI__JMRI,40,22,0.8685513049617483,0.8363253987147892,ORIGINAL_AFFECTED
JMRI__JMRI,40,23,0.8886930429383496,0.868324228495475,ORIGINAL_AFFECTED
JMRI__JMRI,40,24,0.877030602815121,0.8656792308624789,ORIGINAL_AFFECTED
JMRI__JMRI,40,25,0.8656767633736376,0.850642993769759,ORIGINAL_AFFECTED
JMRI__JMRI,40,26,0.9159464303006524,0.8872102168594297,ORIGINAL_AFFECTED
JMRI__JMRI,40,27,0.9154923109889412,0.8719157852318832,ORIGINAL_AFFECTED
JMRI__JMRI,40,28,0.8490839628111319,0.8425075679357361,ORIGINAL_AFFECTED
JMRI__JMRI,40,29,0.8246993227402788,0.7941756545266768,ORIGINAL_AFFECTED
JMRI__JMRI,40,30,0.8814068832969187,0.8525125456099296,ORIGINAL_AFFECTED
JMRI__JMRI,50,1,0.8909964171842187,0.8704138845733804,ORIGINAL_AFFECTED
JMRI__JMRI,50,2,0.8747504650264593,0.8514083628348873,ORIGINAL_AFFECTED
JMRI__JMRI,50,3,0.9076732820410508,0.8803138640102967,ORIGINAL_AFFECTED
JMRI__JMRI,50,4,0.8928625391231911,0.8612454485403971,ORIGINAL_AFFECTED
JMRI__JMRI,50,5,0.8874679935189098,0.8489997784286355,ORIGINAL_AFFECTED
JMRI__JMRI,50,6,0.9005359166291974,0.8747811642506583,ORIGINAL_AFFECTED
JMRI__JMRI,50,7,0.8340432963139918,0.806751082757545,ORIGINAL_AFFECTED
JMRI__JMRI,50,8,0.8546736938270502,0.8181081179472548,ORIGINAL_AFFECTED
JMRI__JMRI,50,9,0.8842639208077934,0.8537448209543076,ORIGINAL_AFFECTED
JMRI__JMRI,50,10,0.9332357335612552,0.9029675952597934,ORIGINAL_AFFECTED
JMRI__JMRI,50,11,0.9039715923381432,0.8713099907908238,ORIGINAL_AFFECTED
JMRI__JMRI,50,12,0.8613263537542636,0.8150088630471902,ORIGINAL_AFFECTED
JMRI__JMRI,50,13,0.8563902371664168,0.8341579418314269,ORIGINAL_AFFECTED
JMRI__JMRI,50,14,0.8851464296783531,0.8632438978903751,ORIGINAL_AFFECTED
JMRI__JMRI,50,15,0.857100913582424,0.832105977092145,ORIGINAL_AFFECTED
JMRI__JMRI,50,16,0.848240223115205,0.8488046466845657,ORIGINAL_AFFECTED
JMRI__JMRI,50,17,0.8742624191576103,0.858630726093128,ORIGINAL_AFFECTED
JMRI__JMRI,50,18,0.8824518434576848,0.865817619501778,ORIGINAL_AFFECTED
JMRI__JMRI,50,19,0.8918662098511027,0.8699986558767216,ORIGINAL_AFFECTED
JMRI__JMRI,50,20,0.8525458890660701,0.8334901323643814,ORIGINAL_AFFECTED
JMRI__JMRI,50,21,0.8625856956952515,0.8399923843664158,ORIGINAL_AFFECTED
JMRI__JMRI,50,22,0.8708078410199797,0.8439901680653786,ORIGINAL_AFFECTED
JMRI__JMRI,50,23,0.8882536583332077,0.8692562714276741,ORIGINAL_AFFECTED
JMRI__JMRI,50,24,0.888650356519966,0.8693227550618041,ORIGINAL_AFFECTED
JMRI__JMRI,50,25,0.8750974334315846,0.8505466139314096,ORIGINAL_AFFECTED
JMRI__JMRI,50,26,0.9270290987907556,0.8957529723602725,ORIGINAL_AFFECTED
JMRI__JMRI,50,27,0.9092677305183516,0.868817397639603,ORIGINAL_AFFECTED
JMRI__JMRI,50,28,0.8493911871819152,0.827193873291392,ORIGINAL_AFFECTED
JMRI__JMRI,50,29,0.8692537165082932,0.8404179100426749,ORIGINAL_AFFECTED
JMRI__JMRI,50,30,0.9099756163881292,0.8827539375094178,ORIGINAL_AFFECTED
SonarSource__sonarqube,0,1,0.1375404689356431,0.528928935113717,ORIGINAL_AFFECTED
SonarSource__sonarqube,0,2,0.1375404689356431,0.528928935113717,ORIGINAL_AFFECTED
SonarSource__sonarqube,0,3,0.1375404689356431,0.528928935113717,ORIGINAL_AFFECTED
SonarSource__sonarqube,0,4,0.1375404689356431,0.528928935113717,ORIGINAL_AFFECTED
SonarSource__sonarqube,0,5,0.1375404689356431,0.528928935113717,ORIGINAL_AFFECTED
SonarSource__sonarqube,0,6,0.1375404689356431,0.528928935113717,ORIGINAL_AFFECTED
SonarSource__sonarqube,0,7,0.1375404689356431,0.528928935113717,ORIGINAL_AFFECTED
SonarSource__sonarqube,0,8,0.1375404689356431,0.528928935113717,ORIGINAL_AFFECTED
SonarSource__sonarqube,0,9,0.1375404689356431,0.528928935113717,ORIGINAL_AFFECTED
SonarSource__sonarqube,0,10,0.1375404689356431,0.528928935113717,ORIGINAL_AFFECTED
SonarSource__sonarqube,0,11,0.1375404689356431,0.528928935113717,ORIGINAL_AFFECTED
SonarSource__sonarqube,0,12,0.1375404689356431,0.528928935113717,ORIGINAL_AFFECTED
SonarSource__sonarqube,0,13,0.1375404689356431,0.528928935113717,ORIGINAL_AFFECTED
SonarSource__sonarqube,0,14,0.1375404689356431,0.528928935113717,ORIGINAL_AFFECTED
SonarSource__sonarqube,0,15,0.1375404689356431,0.528928935113717,ORIGINAL_AFFECTED
SonarSource__sonarqube,0,16,0.1375404689356431,0.528928935113717,ORIGINAL_AFFECTED
SonarSource__sonarqube,0,17,0.1375404689356431,0.528928935113717,ORIGINAL_AFFECTED
SonarSource__sonarqube,0,18,0.1375404689356431,0.528928935113717,ORIGINAL_AFFECTED
SonarSource__sonarqube,0,19,0.1375404689356431,0.528928935113717,ORIGINAL_AFFECTED
SonarSource__sonarqube,0,20,0.1375404689356431,0.528928935113717,ORIGINAL_AFFECTED
SonarSource__sonarqube,0,21,0.1375404689356431,0.528928935113717,ORIGINAL_AFFECTED
SonarSource__sonarqube,0,22,0.1375404689356431,0.528928935113717,ORIGINAL_AFFECTED
SonarSource__sonarqube,0,23,0.1375404689356431,0.528928935113717,ORIGINAL_AFFECTED
SonarSource__sonarqube,0,24,0.1375404689356431,0.528928935113717,ORIGINAL_AFFECTED
SonarSource__sonarqube,0,25,0.1375404689356431,0.528928935113717,ORIGINAL_AFFECTED
SonarSource__sonarqube,0,26,0.1375404689356431,0.528928935113717,ORIGINAL_AFFECTED
SonarSource__sonarqube,0,27,0.1375404689356431,0.528928935113717,ORIGINAL_AFFECTED
SonarSource__sonarqube,0,28,0.1375404689356431,0.528928935113717,ORIGINAL_AFFECTED
SonarSource__sonarqube,0,29,0.1375404689356431,0.528928935113717,ORIGINAL_AFFECTED
SonarSource__sonarqube,0,30,0.1375404689356431,0.528928935113717,ORIGINAL_AFFECTED
SonarSource__sonarqube,5,1,0.7528623027691987,0.7538865953408502,ORIGINAL_AFFECTED
SonarSource__sonarqube,5,2,0.7910733920550533,0.8011299538452064,ORIGINAL_AFFECTED
SonarSource__sonarqube,5,3,0.8081076778859366,0.8157121847421731,ORIGINAL_AFFECTED
SonarSource__sonarqube,5,4,0.7570372069644404,0.7569772666180419,ORIGINAL_AFFECTED
SonarSource__sonarqube,5,5,0.8156489785367883,0.794040427806112,ORIGINAL_AFFECTED
SonarSource__sonarqube,5,6,0.7824513434242091,0.7776648978434492,ORIGINAL_AFFECTED
SonarSource__sonarqube,5,7,0.8182681463172008,0.8293762167602462,ORIGINAL_AFFECTED
SonarSource__sonarqube,5,8,0.7287843401587365,0.7529773138865812,ORIGINAL_AFFECTED
SonarSource__sonarqube,5,9,0.8449901514459325,0.8146567397991197,ORIGINAL_AFFECTED
SonarSource__sonarqube,5,10,0.8871832862701093,0.8616408701296487,ORIGINAL_AFFECTED
SonarSource__sonarqube,5,11,0.7905964246890552,0.7838369740134389,ORIGINAL_AFFECTED
SonarSource__sonarqube,5,12,0.8467983690824785,0.8273725763619387,ORIGINAL_AFFECTED
SonarSource__sonarqube,5,13,0.7683117621302936,0.7706020880328976,ORIGINAL_AFFECTED
SonarSource__sonarqube,5,14,0.7580810038407755,0.7812333869697506,ORIGINAL_AFFECTED
SonarSource__sonarqube,5,15,0.8301862418344009,0.8217336588844252,ORIGINAL_AFFECTED
SonarSource__sonarqube,5,16,0.8006760146755145,0.8109521577266681,ORIGINAL_AFFECTED
SonarSource__sonarqube,5,17,0.7306093098443182,0.7429063381828902,ORIGINAL_AFFECTED
SonarSource__sonarqube,5,18,0.7694018482844333,0.7666950713020684,ORIGINAL_AFFECTED
SonarSource__sonarqube,5,19,0.7992159876464067,0.8086452221970306,ORIGINAL_AFFECTED
SonarSource__sonarqube,5,20,0.8698565115765489,0.8464823025825414,ORIGINAL_AFFECTED
SonarSource__sonarqube,5,21,0.7900607017217892,0.7853891509647668,ORIGINAL_AFFECTED
SonarSource__sonarqube,5,22,0.7100563953616574,0.7231018100375884,ORIGINAL_AFFECTED
SonarSource__sonarqube,5,23,0.8017670794208129,0.7680162711383924,ORIGINAL_AFFECTED
SonarSource__sonarqube,5,24,0.7094680612012685,0.7015645497108031,ORIGINAL_AFFECTED
SonarSource__sonarqube,5,25,0.7979329225218786,0.7952533355894174,ORIGINAL_AFFECTED
SonarSource__sonarqube,5,26,0.8708232749841562,0.8502328760674269,ORIGINAL_AFFECTED
SonarSource__sonarqube,5,27,0.7556299529936275,0.7728085940756234,ORIGINAL_AFFECTED
SonarSource__sonarqube,5,28,0.7229367360417741,0.7215581651920137,ORIGINAL_AFFECTED
SonarSource__sonarqube,5,29,0.7934309414645478,0.8013741243399769,ORIGINAL_AFFECTED
SonarSource__sonarqube,5,30,0.8055160627986744,0.7886990439209091,ORIGINAL_AFFECTED
SonarSource__sonarqube,10,1,0.7976938962375343,0.7865018362083636,ORIGINAL_AFFECTED
SonarSource__sonarqube,10,2,0.8175954522176959,0.820572093978231,ORIGINAL_AFFECTED
SonarSource__sonarqube,10,3,0.7892110640137326,0.7630630678496739,ORIGINAL_AFFECTED
SonarSource__sonarqube,10,4,0.7460246422786607,0.7460103312242476,ORIGINAL_AFFECTED
SonarSource__sonarqube,10,5,0.831075319429164,0.7785365011728714,ORIGINAL_AFFECTED
SonarSource__sonarqube,10,6,0.8369434698006021,0.8099343031653816,ORIGINAL_AFFECTED
SonarSource__sonarqube,10,7,0.8046711697266398,0.8338004307699505,ORIGINAL_AFFECTED
SonarSource__sonarqube,10,8,0.7528864791873984,0.7555225050306014,ORIGINAL_AFFECTED
SonarSource__sonarqube,10,9,0.8405887287804419,0.8235950957468132,ORIGINAL_AFFECTED
SonarSource__sonarqube,10,10,0.8374635828201503,0.831019182590122,ORIGINAL_AFFECTED
SonarSource__sonarqube,10,11,0.7889028562080637,0.7666084891273749,ORIGINAL_AFFECTED
SonarSource__sonarqube,10,12,0.8924696402898428,0.8622942269725383,ORIGINAL_AFFECTED
SonarSource__sonarqube,10,13,0.8452179089062534,0.8520330770515135,ORIGINAL_AFFECTED
SonarSource__sonarqube,10,14,0.7297404171567046,0.7450229332748474,ORIGINAL_AFFECTED
SonarSource__sonarqube,10,15,0.8351753990869502,0.83291020327534,ORIGINAL_AFFECTED
SonarSource__sonarqube,10,16,0.7563071556292053,0.7503824542536189,ORIGINAL_AFFECTED
SonarSource__sonarqube,10,17,0.7946181763080727,0.7870330980883025,ORIGINAL_AFFECTED
SonarSource__sonarqube,10,18,0.7744714613872754,0.7704520393807581,ORIGINAL_AFFECTED
SonarSource__sonarqube,10,19,0.7991120235286074,0.8115372562443113,ORIGINAL_AFFECTED
SonarSource__sonarqube,10,20,0.8687850943308933,0.8447687769425688,ORIGINAL_AFFECTED
SonarSource__sonarqube,10,21,0.7932547498022314,0.7937387018640366,ORIGINAL_AFFECTED
SonarSource__sonarqube,10,22,0.7245976515594039,0.7313154178625518,ORIGINAL_AFFECTED
SonarSource__sonarqube,10,23,0.8287948614164253,0.7942769253698476,ORIGINAL_AFFECTED
SonarSource__sonarqube,10,24,0.7919477315791225,0.7545789877626545,ORIGINAL_AFFECTED
SonarSource__sonarqube,10,25,0.7839538454359604,0.7950661778317175,ORIGINAL_AFFECTED
SonarSource__sonarqube,10,26,0.8522218880807327,0.815267619560677,ORIGINAL_AFFECTED
SonarSource__sonarqube,10,27,0.7669867980027165,0.7685471273436691,ORIGINAL_AFFECTED
SonarSource__sonarqube,10,28,0.7476276154566409,0.733257742203744,ORIGINAL_AFFECTED
SonarSource__sonarqube,10,29,0.8478155877676296,0.8244990530169932,ORIGINAL_AFFECTED
SonarSource__sonarqube,10,30,0.8172969558945558,0.7943342520628655,ORIGINAL_AFFECTED
SonarSource__sonarqube,15,1,0.8044005497518855,0.794214311019852,ORIGINAL_AFFECTED
SonarSource__sonarqube,15,2,0.8052958378798418,0.8113387371737073,ORIGINAL_AFFECTED
SonarSource__sonarqube,15,3,0.8137212038013013,0.7963861335070007,ORIGINAL_AFFECTED
SonarSource__sonarqube,15,4,0.780866043124927,0.7820971314566207,ORIGINAL_AFFECTED
SonarSource__sonarqube,15,5,0.8719266407330473,0.8136700483305275,ORIGINAL_AFFECTED
SonarSource__sonarqube,15,6,0.820774628458445,0.8013976146932721,ORIGINAL_AFFECTED
SonarSource__sonarqube,15,7,0.8034901731809712,0.8146575530984373,ORIGINAL_AFFECTED
SonarSource__sonarqube,15,8,0.8069088429032498,0.7916778772535742,ORIGINAL_AFFECTED
SonarSource__sonarqube,15,9,0.8072000840940591,0.7976272405532555,ORIGINAL_AFFECTED
SonarSource__sonarqube,15,10,0.8268579322085645,0.8256426950614474,ORIGINAL_AFFECTED
SonarSource__sonarqube,15,11,0.8464428965903982,0.7988569601813342,ORIGINAL_AFFECTED
SonarSource__sonarqube,15,12,0.8893342698533877,0.8652079132578077,ORIGINAL_AFFECTED
SonarSource__sonarqube,15,13,0.8382649837014451,0.8297599234328711,ORIGINAL_AFFECTED
SonarSource__sonarqube,15,14,0.7832629997534177,0.7656965643468724,ORIGINAL_AFFECTED
SonarSource__sonarqube,15,15,0.8257701948753254,0.8367869126163119,ORIGINAL_AFFECTED
SonarSource__sonarqube,15,16,0.7610536708649612,0.7527200545332928,ORIGINAL_AFFECTED
SonarSource__sonarqube,15,17,0.819609719944908,0.7762819842742477,ORIGINAL_AFFECTED
SonarSource__sonarqube,15,18,0.7826530271937893,0.7719017770690889,ORIGINAL_AFFECTED
SonarSource__sonarqube,15,19,0.8155109501144473,0.7915532036506023,ORIGINAL_AFFECTED
SonarSource__sonarqube,15,20,0.8658410328046519,0.830204167312736,ORIGINAL_AFFECTED
SonarSource__sonarqube,15,21,0.7903746684398749,0.782146919764843,ORIGINAL_AFFECTED
SonarSource__sonarqube,15,22,0.7249125684348422,0.7278119978256953,ORIGINAL_AFFECTED
SonarSource__sonarqube,15,23,0.8329466652430616,0.7925697346259697,ORIGINAL_AFFECTED
SonarSource__sonarqube,15,24,0.83184376145351,0.7989294931310326,ORIGINAL_AFFECTED
SonarSource__sonarqube,15,25,0.7881795759607977,0.7855069892470462,ORIGINAL_AFFECTED
SonarSource__sonarqube,15,26,0.8880915418143782,0.8482713860218782,ORIGINAL_AFFECTED
SonarSource__sonarqube,15,27,0.7677513686938379,0.7629165411464481,ORIGINAL_AFFECTED
SonarSource__sonarqube,15,28,0.8188117811162314,0.7914817583685044,ORIGINAL_AFFECTED
SonarSource__sonarqube,15,29,0.8193335891711938,0.8047046111581072,ORIGINAL_AFFECTED
SonarSource__sonarqube,15,30,0.8158318314383717,0.7808891173522406,ORIGINAL_AFFECTED
SonarSource__sonarqube,20,1,0.8406828058065436,0.8341582698104886,ORIGINAL_AFFECTED
SonarSource__sonarqube,20,2,0.7919036116709929,0.8028713538922698,ORIGINAL_AFFECTED
SonarSource__sonarqube,20,3,0.8212376810175017,0.8099272087138946,ORIGINAL_AFFECTED
SonarSource__sonarqube,20,4,0.8047440684387969,0.8049759186587204,ORIGINAL_AFFECTED
SonarSource__sonarqube,20,5,0.8692911270493378,0.8226980516577226,ORIGINAL_AFFECTED
SonarSource__sonarqube,20,6,0.8216275495231945,0.7989203642104226,ORIGINAL_AFFECTED
SonarSource__sonarqube,20,7,0.8115389914368151,0.8075735035126796,ORIGINAL_AFFECTED
SonarSource__sonarqube,20,8,0.7994364098833764,0.7914445357073148,ORIGINAL_AFFECTED
SonarSource__sonarqube,20,9,0.7862634968581136,0.7863829582957038,ORIGINAL_AFFECTED
SonarSource__sonarqube,20,10,0.8030746345719183,0.7958136591522577,ORIGINAL_AFFECTED
SonarSource__sonarqube,20,11,0.8349830779089515,0.7894844959221166,ORIGINAL_AFFECTED
SonarSource__sonarqube,20,12,0.8802080502168073,0.8553339360182803,ORIGINAL_AFFECTED
SonarSource__sonarqube,20,13,0.8395259808715453,0.8327432649084898,ORIGINAL_AFFECTED
SonarSource__sonarqube,20,14,0.7925815381527689,0.7700308043527413,ORIGINAL_AFFECTED
SonarSource__sonarqube,20,15,0.8107354873803699,0.8269748226273377,ORIGINAL_AFFECTED
SonarSource__sonarqube,20,16,0.7927577173488344,0.7819626823956236,ORIGINAL_AFFECTED
SonarSource__sonarqube,20,17,0.788833374713755,0.7616461893761606,ORIGINAL_AFFECTED
SonarSource__sonarqube,20,18,0.7676797658782615,0.7607269171554102,ORIGINAL_AFFECTED
SonarSource__sonarqube,20,19,0.8023729438563276,0.7851977550337718,ORIGINAL_AFFECTED
SonarSource__sonarqube,20,20,0.8580438128631427,0.8251607620875879,ORIGINAL_AFFECTED
SonarSource__sonarqube,20,21,0.7899117300546504,0.7821682710081949,ORIGINAL_AFFECTED
SonarSource__sonarqube,20,22,0.732913884576434,0.7296857612205068,ORIGINAL_AFFECTED
SonarSource__sonarqube,20,23,0.87681789146581,0.8457183965427765,ORIGINAL_AFFECTED
SonarSource__sonarqube,20,24,0.8248152204826196,0.797772299527186,ORIGINAL_AFFECTED
SonarSource__sonarqube,20,25,0.7733870403663313,0.7747392648407531,ORIGINAL_AFFECTED
SonarSource__sonarqube,20,26,0.8804136435115268,0.8306634867226632,ORIGINAL_AFFECTED
SonarSource__sonarqube,20,27,0.7652890767785906,0.7681356335989701,ORIGINAL_AFFECTED
SonarSource__sonarqube,20,28,0.7946190274838115,0.76476582997715,ORIGINAL_AFFECTED
SonarSource__sonarqube,20,29,0.8322539481915242,0.8198477081312766,ORIGINAL_AFFECTED
SonarSource__sonarqube,20,30,0.7901395927416112,0.7560633677725115,ORIGINAL_AFFECTED
SonarSource__sonarqube,25,1,0.8425448102473948,0.8248425778604679,ORIGINAL_AFFECTED
SonarSource__sonarqube,25,2,0.7856487541095324,0.7927614613741726,ORIGINAL_AFFECTED
SonarSource__sonarqube,25,3,0.8435877510362533,0.8301648733908076,ORIGINAL_AFFECTED
SonarSource__sonarqube,25,4,0.816533625145845,0.8129153752710918,ORIGINAL_AFFECTED
SonarSource__sonarqube,25,5,0.8579295964654684,0.8087846874622853,ORIGINAL_AFFECTED
SonarSource__sonarqube,25,6,0.8148263716356187,0.7893509536522388,ORIGINAL_AFFECTED
SonarSource__sonarqube,25,7,0.8016827673099881,0.7984860911409343,ORIGINAL_AFFECTED
SonarSource__sonarqube,25,8,0.8011088090475337,0.7783367688518641,ORIGINAL_AFFECTED
SonarSource__sonarqube,25,9,0.7971665751150054,0.7672409982656939,ORIGINAL_AFFECTED
SonarSource__sonarqube,25,10,0.790253493850562,0.7891969949201596,ORIGINAL_AFFECTED
SonarSource__sonarqube,25,11,0.8251025751781411,0.7837075421766218,ORIGINAL_AFFECTED
SonarSource__sonarqube,25,12,0.8751651142955735,0.8502227974441728,ORIGINAL_AFFECTED
SonarSource__sonarqube,25,13,0.8246273821328828,0.816686241146868,ORIGINAL_AFFECTED
SonarSource__sonarqube,25,14,0.8122143234331085,0.7879151279077361,ORIGINAL_AFFECTED
SonarSource__sonarqube,25,15,0.8097387751924936,0.81164141236955,ORIGINAL_AFFECTED
SonarSource__sonarqube,25,16,0.8042173095552817,0.7756418994571813,ORIGINAL_AFFECTED
SonarSource__sonarqube,25,17,0.8362335510585126,0.8191207832940685,ORIGINAL_AFFECTED
SonarSource__sonarqube,25,18,0.8025743394674801,0.7973929435723132,ORIGINAL_AFFECTED
SonarSource__sonarqube,25,19,0.8252440575290048,0.7997589559768356,ORIGINAL_AFFECTED
SonarSource__sonarqube,25,20,0.8607075449786816,0.8317960835734729,ORIGINAL_AFFECTED
SonarSource__sonarqube,25,21,0.8140490126790851,0.8159466166665794,ORIGINAL_AFFECTED
SonarSource__sonarqube,25,22,0.7646947358763772,0.7361314747631457,ORIGINAL_AFFECTED
SonarSource__sonarqube,25,23,0.8766466184802838,0.8376406055776764,ORIGINAL_AFFECTED
SonarSource__sonarqube,25,24,0.830093779446293,0.7970321511677799,ORIGINAL_AFFECTED
SonarSource__sonarqube,25,25,0.8065323756982815,0.799225673913598,ORIGINAL_AFFECTED
SonarSource__sonarqube,25,26,0.8823955393265075,0.8482633248111467,ORIGINAL_AFFECTED
SonarSource__sonarqube,25,27,0.7902084593041129,0.77817451818748,ORIGINAL_AFFECTED
SonarSource__sonarqube,25,28,0.7840452731131868,0.7567222675576276,ORIGINAL_AFFECTED
SonarSource__sonarqube,25,29,0.8266888242851123,0.8126617597356189,ORIGINAL_AFFECTED
SonarSource__sonarqube,25,30,0.7835003827352448,0.7458717031043799,ORIGINAL_AFFECTED
SonarSource__sonarqube,30,1,0.834885446232407,0.8186858721129228,ORIGINAL_AFFECTED
SonarSource__sonarqube,30,2,0.7763241995467273,0.7861599104156886,ORIGINAL_AFFECTED
SonarSource__sonarqube,30,3,0.8407186577268716,0.8271684793706788,ORIGINAL_AFFECTED
SonarSource__sonarqube,30,4,0.8730017925196997,0.834872334900157,ORIGINAL_AFFECTED
SonarSource__sonarqube,30,5,0.853830262646045,0.8039753132476368,ORIGINAL_AFFECTED
SonarSource__sonarqube,30,6,0.7982142036145675,0.7797246532027962,ORIGINAL_AFFECTED
SonarSource__sonarqube,30,7,0.7962781407399394,0.7929030743453644,ORIGINAL_AFFECTED
SonarSource__sonarqube,30,8,0.8094954421396643,0.7835047855934076,ORIGINAL_AFFECTED
SonarSource__sonarqube,30,9,0.8303452967964663,0.8011799969216462,ORIGINAL_AFFECTED
SonarSource__sonarqube,30,10,0.8260074865187446,0.7878265568082258,ORIGINAL_AFFECTED
SonarSource__sonarqube,30,11,0.8181444661530307,0.7786713674882331,ORIGINAL_AFFECTED
SonarSource__sonarqube,30,12,0.8837316905520448,0.8592264569073627,ORIGINAL_AFFECTED
SonarSource__sonarqube,30,13,0.8209762847702374,0.8202516474288769,ORIGINAL_AFFECTED
SonarSource__sonarqube,30,14,0.8386275897730832,0.8201339834439141,ORIGINAL_AFFECTED
SonarSource__sonarqube,30,15,0.8299988110579326,0.8377930857906744,ORIGINAL_AFFECTED
SonarSource__sonarqube,30,16,0.8572954391204268,0.8349983178830689,ORIGINAL_AFFECTED
SonarSource__sonarqube,30,17,0.820237579149642,0.8057218098756134,ORIGINAL_AFFECTED
SonarSource__sonarqube,30,18,0.840948846504496,0.815346062570742,ORIGINAL_AFFECTED
SonarSource__sonarqube,30,19,0.8553114843937268,0.8285686449059331,ORIGINAL_AFFECTED
SonarSource__sonarqube,30,20,0.8584916475545058,0.8211275290073727,ORIGINAL_AFFECTED
SonarSource__sonarqube,30,21,0.8180224822116751,0.8114580206405487,ORIGINAL_AFFECTED
SonarSource__sonarqube,30,22,0.792843959684288,0.758331906874389,ORIGINAL_AFFECTED
SonarSource__sonarqube,30,23,0.8649279407937135,0.8284378417802153,ORIGINAL_AFFECTED
SonarSource__sonarqube,30,24,0.8169286100502647,0.7766574403823282,ORIGINAL_AFFECTED
SonarSource__sonarqube,30,25,0.7933137001274484,0.7927865574694546,ORIGINAL_AFFECTED
SonarSource__sonarqube,30,26,0.8775882080426335,0.8426114829726472,ORIGINAL_AFFECTED
SonarSource__sonarqube,30,27,0.7760018986261751,0.7759509796177558,ORIGINAL_AFFECTED
SonarSource__sonarqube,30,28,0.7821188616058342,0.7615190861402966,ORIGINAL_AFFECTED
SonarSource__sonarqube,30,29,0.8614703846304,0.8279563191291618,ORIGINAL_AFFECTED
SonarSource__sonarqube,30,30,0.7883825739511834,0.7589346649963802,ORIGINAL_AFFECTED
SonarSource__sonarqube,40,1,0.8567588480506435,0.829573325740114,ORIGINAL_AFFECTED
SonarSource__sonarqube,40,2,0.7728191448220693,0.7817837686073199,ORIGINAL_AFFECTED
SonarSource__sonarqube,40,3,0.8307336349492367,0.8131395970375275,ORIGINAL_AFFECTED
SonarSource__sonarqube,40,4,0.8675798727324376,0.8327893587045238,ORIGINAL_AFFECTED
SonarSource__sonarqube,40,5,0.8388050096233406,0.7841068549897638,ORIGINAL_AFFECTED
SonarSource__sonarqube,40,6,0.8033698514000316,0.7745112184261883,ORIGINAL_AFFECTED
SonarSource__sonarqube,40,7,0.7856626770335633,0.787402816647736,ORIGINAL_AFFECTED
SonarSource__sonarqube,40,8,0.7958364397983274,0.7708642532595881,ORIGINAL_AFFECTED
SonarSource__sonarqube,40,9,0.8158400557969078,0.7858633753062404,ORIGINAL_AFFECTED
SonarSource__sonarqube,40,10,0.8478745261759113,0.7965810165810079,ORIGINAL_AFFECTED
SonarSource__sonarqube,40,11,0.8427769754659485,0.7989818038285542,ORIGINAL_AFFECTED
SonarSource__sonarqube,40,12,0.873150365099783,0.8525148854912614,ORIGINAL_AFFECTED
SonarSource__sonarqube,40,13,0.8470200311279945,0.8303369949275409,ORIGINAL_AFFECTED
SonarSource__sonarqube,40,14,0.8225155355237185,0.8093283925102319,ORIGINAL_AFFECTED
SonarSource__sonarqube,40,15,0.8451330717216161,0.8129253615289301,ORIGINAL_AFFECTED
SonarSource__sonarqube,40,16,0.8652992222889669,0.8494300045513282,ORIGINAL_AFFECTED
SonarSource__sonarqube,40,17,0.8106226823894129,0.7963999385656446,ORIGINAL_AFFECTED
SonarSource__sonarqube,40,18,0.8202801859549222,0.7962466316867145,ORIGINAL_AFFECTED
SonarSource__sonarqube,40,19,0.8504503471073015,0.8345982252081559,ORIGINAL_AFFECTED
SonarSource__sonarqube,40,20,0.8527863060447572,0.803361419033083,ORIGINAL_AFFECTED
SonarSource__sonarqube,40,21,0.8265192513287968,0.8277360097881546,ORIGINAL_AFFECTED
SonarSource__sonarqube,40,22,0.7897190235761326,0.7677428943176243,ORIGINAL_AFFECTED
SonarSource__sonarqube,40,23,0.8672145913327662,0.828231593319091,ORIGINAL_AFFECTED
SonarSource__sonarqube,40,24,0.8008637590403237,0.755917610490451,ORIGINAL_AFFECTED
SonarSource__sonarqube,40,25,0.8523115138391908,0.8184887737252923,ORIGINAL_AFFECTED
SonarSource__sonarqube,40,26,0.8780877423138831,0.8479930487526495,ORIGINAL_AFFECTED
SonarSource__sonarqube,40,27,0.7880284081738838,0.7794888120167327,ORIGINAL_AFFECTED
SonarSource__sonarqube,40,28,0.7935547759726949,0.7518524564704262,ORIGINAL_AFFECTED
SonarSource__sonarqube,40,29,0.8644709252428266,0.8340020526672907,ORIGINAL_AFFECTED
SonarSource__sonarqube,40,30,0.8392076326786724,0.8303416724415,ORIGINAL_AFFECTED
SonarSource__sonarqube,50,1,0.8479466373504065,0.8202736226914537,ORIGINAL_AFFECTED
SonarSource__sonarqube,50,2,0.8130116657289067,0.8117648882949624,ORIGINAL_AFFECTED
SonarSource__sonarqube,50,3,0.8274894572605741,0.8164236987342581,ORIGINAL_AFFECTED
SonarSource__sonarqube,50,4,0.8694807625365055,0.8389977031827025,ORIGINAL_AFFECTED
SonarSource__sonarqube,50,5,0.8477387792394757,0.7941371696272101,ORIGINAL_AFFECTED
SonarSource__sonarqube,50,6,0.7846257452718604,0.759130207221269,ORIGINAL_AFFECTED
SonarSource__sonarqube,50,7,0.8193485028756401,0.7898102349442361,ORIGINAL_AFFECTED
SonarSource__sonarqube,50,8,0.7927451307409518,0.7609503241409152,ORIGINAL_AFFECTED
SonarSource__sonarqube,50,9,0.8352305102428604,0.7866248723675727,ORIGINAL_AFFECTED
SonarSource__sonarqube,50,10,0.8411935392750647,0.7914515949836692,ORIGINAL_AFFECTED
SonarSource__sonarqube,50,11,0.845581359036667,0.8024580714824947,ORIGINAL_AFFECTED
SonarSource__sonarqube,50,12,0.8605924624302539,0.8346140563352086,ORIGINAL_AFFECTED
SonarSource__sonarqube,50,13,0.8330604193620418,0.8083682219781076,ORIGINAL_AFFECTED
SonarSource__sonarqube,50,14,0.8409625489062189,0.8378166391317139,ORIGINAL_AFFECTED
SonarSource__sonarqube,50,15,0.8445890140564533,0.8173329417111915,ORIGINAL_AFFECTED
SonarSource__sonarqube,50,16,0.8565831164828877,0.8422054251188539,ORIGINAL_AFFECTED
SonarSource__sonarqube,50,17,0.8437989596973741,0.7938702980154905,ORIGINAL_AFFECTED
SonarSource__sonarqube,50,18,0.875555273524428,0.8355788189831658,ORIGINAL_AFFECTED
SonarSource__sonarqube,50,19,0.8406206224415258,0.8177115158970372,ORIGINAL_AFFECTED
SonarSource__sonarqube,50,20,0.8492815246253486,0.805564497962031,ORIGINAL_AFFECTED
SonarSource__sonarqube,50,21,0.8741820617493284,0.8368107659683043,ORIGINAL_AFFECTED
SonarSource__sonarqube,50,22,0.7802934416748291,0.7699580406260075,ORIGINAL_AFFECTED
SonarSource__sonarqube,50,23,0.8555857544715078,0.8217844228195856,ORIGINAL_AFFECTED
SonarSource__sonarqube,50,24,0.7943713532258793,0.7471734169347166,ORIGINAL_AFFECTED
SonarSource__sonarqube,50,25,0.8359385638274107,0.7934329782447167,ORIGINAL_AFFECTED
SonarSource__sonarqube,50,26,0.8683900081037613,0.8305591563497856,ORIGINAL_AFFECTED
SonarSource__sonarqube,50,27,0.808829555145881,0.7813533393355272,ORIGINAL_AFFECTED
SonarSource__sonarqube,50,28,0.8042854341751609,0.7651865762963621,ORIGINAL_AFFECTED
SonarSource__sonarqube,50,29,0.8491260191360429,0.8172279538412145,ORIGINAL_AFFECTED
SonarSource__sonarqube,50,30,0.8222372366758772,0.8110895332149436,ORIGINAL_AFFECTED
apache__curator,0,1,0.4759450171821306,0.3528574324256965,ORIGINAL_AFFECTED
apache__curator,0,2,0.4759450171821306,0.3528574324256965,ORIGINAL_AFFECTED
apache__curator,0,3,0.4759450171821306,0.3528574324256965,ORIGINAL_AFFECTED
apache__curator,0,4,0.4759450171821306,0.3528574324256965,ORIGINAL_AFFECTED
apache__curator,0,5,0.4759450171821306,0.3528574324256965,ORIGINAL_AFFECTED
apache__curator,0,6,0.4759450171821306,0.3528574324256965,ORIGINAL_AFFECTED
apache__curator,0,7,0.4759450171821306,0.3528574324256965,ORIGINAL_AFFECTED
apache__curator,0,8,0.4759450171821306,0.3528574324256965,ORIGINAL_AFFECTED
apache__curator,0,9,0.4759450171821306,0.3528574324256965,ORIGINAL_AFFECTED
apache__curator,0,10,0.4759450171821306,0.3528574324256965,ORIGINAL_AFFECTED
apache__curator,0,11,0.4759450171821306,0.3528574324256965,ORIGINAL_AFFECTED
apache__curator,0,12,0.4759450171821306,0.3528574324256965,ORIGINAL_AFFECTED
apache__curator,0,13,0.4759450171821306,0.3528574324256965,ORIGINAL_AFFECTED
apache__curator,0,14,0.4759450171821306,0.3528574324256965,ORIGINAL_AFFECTED
apache__curator,0,15,0.4759450171821306,0.3528574324256965,ORIGINAL_AFFECTED
apache__curator,0,16,0.4759450171821306,0.3528574324256965,ORIGINAL_AFFECTED
apache__curator,0,17,0.4759450171821306,0.3528574324256965,ORIGINAL_AFFECTED
apache__curator,0,18,0.4759450171821306,0.3528574324256965,ORIGINAL_AFFECTED
apache__curator,0,19,0.4759450171821306,0.3528574324256965,ORIGINAL_AFFECTED
apache__curator,0,20,0.4759450171821306,0.3528574324256965,ORIGINAL_AFFECTED
apache__curator,0,21,0.4759450171821306,0.3528574324256965,ORIGINAL_AFFECTED
apache__curator,0,22,0.4759450171821306,0.3528574324256965,ORIGINAL_AFFECTED
apache__curator,0,23,0.4759450171821306,0.3528574324256965,ORIGINAL_AFFECTED
apache__curator,0,24,0.4759450171821306,0.3528574324256965,ORIGINAL_AFFECTED
apache__curator,0,25,0.4759450171821306,0.3528574324256965,ORIGINAL_AFFECTED
apache__curator,0,26,0.4759450171821306,0.3528574324256965,ORIGINAL_AFFECTED
apache__curator,0,27,0.4759450171821306,0.3528574324256965,ORIGINAL_AFFECTED
apache__curator,0,28,0.4759450171821306,0.3528574324256965,ORIGINAL_AFFECTED
apache__curator,0,29,0.4759450171821306,0.3528574324256965,ORIGINAL_AFFECTED
apache__curator,0,30,0.4759450171821306,0.3528574324256965,ORIGINAL_AFFECTED
apache__curator,5,1,0.5504009163802979,0.4235907239502048,ORIGINAL_AFFECTED
apache__curator,5,2,0.709049255441008,0.7513755770952781,ORIGINAL_AFFECTED
apache__curator,5,3,0.4948453608247423,0.44311965658729,ORIGINAL_AFFECTED
apache__curator,5,4,0.8470790378006874,0.7944016733322369,ORIGINAL_AFFECTED
apache__curator,5,5,0.4289805269186713,0.5200530069767633,ORIGINAL_AFFECTED
apache__curator,5,6,0.5916380297823597,0.4817946936296243,ORIGINAL_AFFECTED
apache__curator,5,7,0.718213058419244,0.5806086116186524,ORIGINAL_AFFECTED
apache__curator,5,8,0.1580756013745705,0.1878635599958495,ORIGINAL_AFFECTED
apache__curator,5,9,0.6305841924398625,0.4735332249471506,ORIGINAL_AFFECTED
apache__curator,5,10,0.5114547537227949,0.672919663659629,ORIGINAL_AFFECTED
apache__curator,5,11,0.4788087056128293,0.4861782310468,ORIGINAL_AFFECTED
apache__curator,5,12,0.7119129438717067,0.6158080763013376,ORIGINAL_AFFECTED
apache__curator,5,13,0.5349369988545247,0.3979915881674833,ORIGINAL_AFFECTED
apache__curator,5,14,0.5091638029782359,0.5292959123903781,ORIGINAL_AFFECTED
apache__curator,5,15,0.513745704467354,0.4969506893072656,ORIGINAL_AFFECTED
apache__curator,5,16,0.5040091638029782,0.5293692213504528,ORIGINAL_AFFECTED
apache__curator,5,17,0.6156930126002291,0.6374715419145257,ORIGINAL_AFFECTED
apache__curator,5,18,0.7371134020618557,0.6598356885099441,ORIGINAL_AFFECTED
apache__curator,5,19,0.6305841924398625,0.5776387052725149,ORIGINAL_AFFECTED
apache__curator,5,20,0.347651775486827,0.4642029311279781,ORIGINAL_AFFECTED
apache__curator,5,21,0.4879725085910653,0.5361166762208773,ORIGINAL_AFFECTED
apache__curator,5,22,0.4639175257731959,0.3929089574080959,ORIGINAL_AFFECTED
apache__curator,5,23,0.4484536082474227,0.3628014552887821,ORIGINAL_AFFECTED
apache__curator,5,24,0.5698739977090492,0.5142986437398782,ORIGINAL_AFFECTED
apache__curator,5,25,0.6254295532646048,0.6751594005424317,ORIGINAL_AFFECTED
apache__curator,5,26,0.640893470790378,0.5308361273736294,ORIGINAL_AFFECTED
apache__curator,5,27,0.513745704467354,0.4911821533762144,ORIGINAL_AFFECTED
apache__curator,5,28,0.5177548682703321,0.4982628475014221,ORIGINAL_AFFECTED
apache__curator,5,29,0.5240549828178694,0.5132457621099434,ORIGINAL_AFFECTED
apache__curator,5,30,0.493127147766323,0.6356857315030274,ORIGINAL_AFFECTED
apache__curator,10,1,0.6815578465063001,0.667947417992961,ORIGINAL_AFFECTED
apache__curator,10,2,0.6443298969072164,0.6130235227752632,ORIGINAL_AFFECTED
apache__curator,10,3,0.4186712485681558,0.3762754441153752,ORIGINAL_AFFECTED
apache__curator,10,4,0.7852233676975946,0.7540699212652897,ORIGINAL_AFFECTED
apache__curator,10,5,0.5429553264604812,0.5327597790479732,ORIGINAL_AFFECTED
apache__curator,10,6,0.368270332187858,0.3678684568343139,ORIGINAL_AFFECTED
apache__curator,10,7,0.7256586483390608,0.5950667583910076,ORIGINAL_AFFECTED
apache__curator,10,8,0.3951890034364261,0.3867215914363652,ORIGINAL_AFFECTED
apache__curator,10,9,0.6443298969072164,0.5416290377456215,ORIGINAL_AFFECTED
apache__curator,10,10,0.368270332187858,0.3995678002894118,ORIGINAL_AFFECTED
apache__curator,10,11,0.570446735395189,0.5988686322879434,ORIGINAL_AFFECTED
apache__curator,10,12,0.604810996563574,0.586734803005683,ORIGINAL_AFFECTED
apache__curator,10,13,0.4163802978235968,0.3201860585650672,ORIGINAL_AFFECTED
apache__curator,10,14,0.6351660939289805,0.7179620897748017,ORIGINAL_AFFECTED
apache__curator,10,15,0.4828178694158076,0.4690808155061681,ORIGINAL_AFFECTED
apache__curator,10,16,0.4627720504009164,0.4852593705610594,ORIGINAL_AFFECTED
apache__curator,10,17,0.7164948453608248,0.6478597554755534,ORIGINAL_AFFECTED
apache__curator,10,18,0.5652920962199313,0.5592217888766116,ORIGINAL_AFFECTED
apache__curator,10,19,0.5882016036655212,0.5199160868423491,ORIGINAL_AFFECTED
apache__curator,10,20,0.1076746849942726,0.176972216530336,ORIGINAL_AFFECTED
apache__curator,10,21,0.7462772050400917,0.7743421501127468,ORIGINAL_AFFECTED
apache__curator,10,22,0.2691867124856816,0.2302734233071092,ORIGINAL_AFFECTED
apache__curator,10,23,0.2405498281786942,0.2287610142538667,ORIGINAL_AFFECTED
apache__curator,10,24,0.3608247422680412,0.2811263427839225,ORIGINAL_AFFECTED
apache__curator,10,25,0.4873997709049256,0.4883850076670301,ORIGINAL_AFFECTED
apache__curator,10,26,0.5893470790378007,0.4726040901111794,ORIGINAL_AFFECTED
apache__curator,10,27,0.3911798396334479,0.4253453380688525,ORIGINAL_AFFECTED
apache__curator,10,28,0.6471935853379153,0.5968997096304851,ORIGINAL_AFFECTED
apache__curator,10,29,0.7554410080183276,0.6605773753841279,ORIGINAL_AFFECTED
apache__curator,10,30,0.7697594501718212,0.6610386985327414,ORIGINAL_AFFECTED
apache__curator,15,1,0.6815578465063001,0.667947417992961,ORIGINAL_AFFECTED
apache__curator,15,2,0.731958762886598,0.6522687543606327,ORIGINAL_AFFECTED
apache__curator,15,3,0.3619702176403208,0.4053778835269517,ORIGINAL_AFFECTED
apache__curator,15,4,0.7439862542955327,0.7375863693451323,ORIGINAL_AFFECTED
apache__curator,15,5,0.4306987399770905,0.5054222727424763,ORIGINAL_AFFECTED
apache__curator,15,6,0.2560137457044674,0.3529422420025787,ORIGINAL_AFFECTED
apache__curator,15,7,0.8768613974799542,0.6763440787400967,ORIGINAL_AFFECTED
apache__curator,15,8,0.4392898052691867,0.4005885099251619,ORIGINAL_AFFECTED
apache__curator,15,9,0.5979381443298969,0.4771018891373954,ORIGINAL_AFFECTED
apache__curator,15,10,0.6053837342497137,0.5753934290158611,ORIGINAL_AFFECTED
apache__curator,15,11,0.504581901489118,0.5311123239268876,ORIGINAL_AFFECTED
apache__curator,15,12,0.5274914089347079,0.4722455557747624,ORIGINAL_AFFECTED
apache__curator,15,13,0.7101947308132875,0.5649795100326009,ORIGINAL_AFFECTED
apache__curator,15,14,0.6042382588774342,0.6996535532151289,ORIGINAL_AFFECTED
apache__curator,15,15,0.4518900343642612,0.4301068915677613,ORIGINAL_AFFECTED
apache__curator,15,16,0.3608247422680412,0.4310712214800208,ORIGINAL_AFFECTED
apache__curator,15,17,0.4788087056128293,0.5733851510686594,ORIGINAL_AFFECTED
apache__curator,15,18,0.6156930126002291,0.5694929084423723,ORIGINAL_AFFECTED
apache__curator,15,19,0.5366552119129439,0.4471056706925357,ORIGINAL_AFFECTED
apache__curator,15,20,0.1128293241695303,0.196493468174413,ORIGINAL_AFFECTED
apache__curator,15,21,0.8367697594501718,0.7856324897013371,ORIGINAL_AFFECTED
apache__curator,15,22,0.6105383734249714,0.5506538559456335,ORIGINAL_AFFECTED
apache__curator,15,23,0.1580756013745705,0.2058426125009871,ORIGINAL_AFFECTED
apache__curator,15,24,0.731958762886598,0.6730117503451936,ORIGINAL_AFFECTED
apache__curator,15,25,0.3144329896907216,0.2906512469297458,ORIGINAL_AFFECTED
apache__curator,15,26,0.563573883161512,0.4538937516559647,ORIGINAL_AFFECTED
apache__curator,15,27,0.3447880870561283,0.3868265316333146,ORIGINAL_AFFECTED
apache__curator,15,28,0.6265750286368843,0.6224561590346187,ORIGINAL_AFFECTED
apache__curator,15,29,0.6483390607101948,0.6413397994794654,ORIGINAL_AFFECTED
apache__curator,15,30,0.6071019473081329,0.6016663656880619,ORIGINAL_AFFECTED
apache__curator,20,1,0.5652920962199313,0.5809502636675736,ORIGINAL_AFFECTED
apache__curator,20,2,0.731958762886598,0.6522687543606327,ORIGINAL_AFFECTED
apache__curator,20,3,0.95418098510882,0.8747516619393169,ORIGINAL_AFFECTED
apache__curator,20,4,0.6821305841924399,0.6805601677338831,ORIGINAL_AFFECTED
apache__curator,20,5,0.3287514318442153,0.3726230528525725,ORIGINAL_AFFECTED
apache__curator,20,6,0.4404352806414662,0.5230349228331854,ORIGINAL_AFFECTED
apache__curator,20,7,0.8562428407789232,0.6739128440495228,ORIGINAL_AFFECTED
apache__curator,20,8,0.4186712485681558,0.3950284230207219,ORIGINAL_AFFECTED
apache__curator,20,9,0.424971363115693,0.3240008676394402,ORIGINAL_AFFECTED
apache__curator,20,10,0.5395189003436426,0.529641128781297,ORIGINAL_AFFECTED
apache__curator,20,11,0.504581901489118,0.5311123239268876,ORIGINAL_AFFECTED
apache__curator,20,12,0.5372279495990837,0.6364289822875275,ORIGINAL_AFFECTED
apache__curator,20,13,0.6288659793814433,0.541833531226493,ORIGINAL_AFFECTED
apache__curator,20,14,0.56815578465063,0.6741622434441409,ORIGINAL_AFFECTED
apache__curator,20,15,0.7336769759450172,0.5028077930154875,ORIGINAL_AFFECTED
apache__curator,20,16,0.3350515463917525,0.4022921875846235,ORIGINAL_AFFECTED
apache__curator,20,17,0.797823596792669,0.7244363347947138,ORIGINAL_AFFECTED
apache__curator,20,18,0.5549828178694158,0.5433462068658135,ORIGINAL_AFFECTED
apache__curator,20,19,0.5263459335624284,0.4392160357195611,ORIGINAL_AFFECTED
apache__curator,20,20,0.1271477663230241,0.1711053210608815,ORIGINAL_AFFECTED
apache__curator,20,21,0.861397479954181,0.8053775226746509,ORIGINAL_AFFECTED
apache__curator,20,22,0.6105383734249714,0.5506538559456335,ORIGINAL_AFFECTED
apache__curator,20,23,0.1076746849942726,0.1753190027386203,ORIGINAL_AFFECTED
apache__curator,20,24,0.6712485681557847,0.601255246145944,ORIGINAL_AFFECTED
apache__curator,20,25,0.2835051546391752,0.236563853190116,ORIGINAL_AFFECTED
apache__curator,20,26,0.563573883161512,0.5299781330637805,ORIGINAL_AFFECTED
apache__curator,20,27,0.2983963344788087,0.3317323758408104,ORIGINAL_AFFECTED
apache__curator,20,28,0.670675830469645,0.6018174589882981,ORIGINAL_AFFECTED
apache__curator,20,29,0.8665521191294387,0.7549467626649681,ORIGINAL_AFFECTED
apache__curator,20,30,0.5463917525773196,0.5943593381114888,ORIGINAL_AFFECTED
apache__curator,25,1,0.504581901489118,0.5720744040611054,ORIGINAL_AFFECTED
apache__curator,25,2,0.6712485681557847,0.6446026000865422,ORIGINAL_AFFECTED
apache__curator,25,3,0.9438717067583048,0.8371297616076852,ORIGINAL_AFFECTED
apache__curator,25,4,0.5040091638029782,0.4601651418975701,ORIGINAL_AFFECTED
apache__curator,25,5,0.3184421534936999,0.3332137897817569,ORIGINAL_AFFECTED
apache__curator,25,6,0.4146620847651776,0.465750742476805,ORIGINAL_AFFECTED
apache__curator,25,7,0.8253150057273768,0.6572871888372558,ORIGINAL_AFFECTED
apache__curator,25,8,0.3373424971363116,0.3745653628152245,ORIGINAL_AFFECTED
apache__curator,25,9,0.3991981672394043,0.2855938519934593,ORIGINAL_AFFECTED
apache__curator,25,10,0.5395189003436426,0.529641128781297,ORIGINAL_AFFECTED
apache__curator,25,11,0.8883161512027491,0.658668446656234,ORIGINAL_AFFECTED
apache__curator,25,12,0.4662084765177549,0.4607820004631699,ORIGINAL_AFFECTED
apache__curator,25,13,0.7749140893470791,0.5215705871488788,ORIGINAL_AFFECTED
apache__curator,25,14,0.5475372279495991,0.6545906859447632,ORIGINAL_AFFECTED
apache__curator,25,15,0.6821305841924399,0.4644547379236965,ORIGINAL_AFFECTED
apache__curator,25,16,0.2989690721649484,0.3932809900171911,ORIGINAL_AFFECTED
apache__curator,25,17,0.6867124856815578,0.6479365505910021,ORIGINAL_AFFECTED
apache__curator,25,18,0.5549828178694158,0.5433462068658135,ORIGINAL_AFFECTED
apache__curator,25,19,0.5005727376861397,0.4306999423604929,ORIGINAL_AFFECTED
apache__curator,25,20,0.5057273768613975,0.4641804239036186,ORIGINAL_AFFECTED
apache__curator,25,21,0.8459335624284078,0.7989044059947341,ORIGINAL_AFFECTED
apache__curator,25,22,0.5549828178694158,0.5437843407679612,ORIGINAL_AFFECTED
apache__curator,25,23,0.0767468499427262,0.1189820343414465,ORIGINAL_AFFECTED
apache__curator,25,24,0.7823596792668958,0.6535139139635242,ORIGINAL_AFFECTED
apache__curator,25,25,0.5005727376861397,0.4624726046108501,ORIGINAL_AFFECTED
apache__curator,25,26,0.5274914089347079,0.4654365806422846,ORIGINAL_AFFECTED
apache__curator,25,27,0.5349369988545247,0.3935433896545588,ORIGINAL_AFFECTED
apache__curator,25,28,0.5933562428407789,0.5335162963210902,ORIGINAL_AFFECTED
apache__curator,25,29,0.8407789232531501,0.7393824750066282,ORIGINAL_AFFECTED
apache__curator,25,30,0.3888888888888889,0.3162917999501875,ORIGINAL_AFFECTED
apache__curator,30,1,0.504581901489118,0.5720744040611054,ORIGINAL_AFFECTED
apache__curator,30,2,0.6609392898052693,0.6328361895211088,ORIGINAL_AFFECTED
apache__curator,30,3,0.938717067583047,0.8368808121186335,ORIGINAL_AFFECTED
apache__curator,30,4,0.4175257731958763,0.3945793196249259,ORIGINAL_AFFECTED
apache__curator,30,5,0.2651775486827033,0.2505933425776038,ORIGINAL_AFFECTED
apache__curator,30,6,0.3230240549828179,0.4475622373850981,ORIGINAL_AFFECTED
apache__curator,30,7,0.7995418098510882,0.6450301886914978,ORIGINAL_AFFECTED
apache__curator,30,8,0.5927835051546392,0.5494692195320385,ORIGINAL_AFFECTED
apache__curator,30,9,0.4558991981672394,0.3692064831487784,ORIGINAL_AFFECTED
apache__curator,30,10,0.7061855670103092,0.5592411863269738,ORIGINAL_AFFECTED
apache__curator,30,11,0.8883161512027491,0.658668446656234,ORIGINAL_AFFECTED
apache__curator,30,12,0.4558991981672394,0.4604573772088799,ORIGINAL_AFFECTED
apache__curator,30,13,0.7491408934707904,0.4840282302636626,ORIGINAL_AFFECTED
apache__curator,30,14,0.709049255441008,0.7124267826409059,ORIGINAL_AFFECTED
apache__curator,30,15,0.6512027491408935,0.4565868161617705,ORIGINAL_AFFECTED
apache__curator,30,16,0.95418098510882,0.8628730306197513,ORIGINAL_AFFECTED
apache__curator,30,17,0.5756013745704467,0.5972244228395994,ORIGINAL_AFFECTED
apache__curator,30,18,0.4994272623138602,0.5357393877031031,ORIGINAL_AFFECTED
apache__curator,30,19,0.5985108820160366,0.5497470290710189,ORIGINAL_AFFECTED
apache__curator,30,20,0.4799541809851088,0.4086545836775948,ORIGINAL_AFFECTED
apache__curator,30,21,0.8253150057273768,0.7701202125244342,ORIGINAL_AFFECTED
apache__curator,30,22,0.4994272623138602,0.5361775216052509,ORIGINAL_AFFECTED
apache__curator,30,23,0.0509736540664375,0.1110085562763043,ORIGINAL_AFFECTED
apache__curator,30,24,0.777205040091638,0.6260086501222122,ORIGINAL_AFFECTED
apache__curator,30,25,0.474799541809851,0.408290188700097,ORIGINAL_AFFECTED
apache__curator,30,26,0.4358533791523483,0.2883586767115994,ORIGINAL_AFFECTED
apache__curator,30,27,0.4484536082474227,0.3517722053791296,ORIGINAL_AFFECTED
apache__curator,30,28,0.6088201603665522,0.5532873573833692,ORIGINAL_AFFECTED
apache__curator,30,29,0.8201603665521191,0.6985674427571353,ORIGINAL_AFFECTED
apache__curator,30,30,0.368270332187858,0.3008384431522541,ORIGINAL_AFFECTED
apache__curator,40,1,0.8883161512027491,0.7166657232606146,ORIGINAL_AFFECTED
apache__curator,40,2,0.7720504009163803,0.6267219613524999,ORIGINAL_AFFECTED
apache__curator,40,3,0.9284077892325316,0.8355408275199647,ORIGINAL_AFFECTED
apache__curator,40,4,0.5675830469644902,0.491770820730824,ORIGINAL_AFFECTED
apache__curator,40,5,0.3951890034364261,0.3640189715514915,ORIGINAL_AFFECTED
apache__curator,40,6,0.7336769759450172,0.5909273128482485,ORIGINAL_AFFECTED
apache__curator,40,7,0.7531500572737686,0.5638896388613983,ORIGINAL_AFFECTED
apache__curator,40,8,0.738831615120275,0.5547524582945151,ORIGINAL_AFFECTED
apache__curator,40,9,0.3230240549828179,0.2903966276501316,ORIGINAL_AFFECTED
apache__curator,40,10,0.7514318442153494,0.5958270785866673,ORIGINAL_AFFECTED
apache__curator,40,11,0.8831615120274914,0.6481710765345583,ORIGINAL_AFFECTED
apache__curator,40,12,0.4198167239404353,0.4237637703951453,ORIGINAL_AFFECTED
apache__curator,40,13,0.697594501718213,0.4664828808250029,ORIGINAL_AFFECTED
apache__curator,40,14,0.6225658648339061,0.5232481706875546,ORIGINAL_AFFECTED
apache__curator,40,15,0.5790378006872852,0.3983513391827188,ORIGINAL_AFFECTED
apache__curator,40,16,0.95418098510882,0.8628730306197513,ORIGINAL_AFFECTED
apache__curator,40,17,0.5097365406643757,0.5519957033452574,ORIGINAL_AFFECTED
apache__curator,40,18,0.8831615120274914,0.6887590874883358,ORIGINAL_AFFECTED
apache__curator,40,19,0.5315005727376861,0.4481038334539058,ORIGINAL_AFFECTED
apache__curator,40,20,0.474799541809851,0.408290188700097,ORIGINAL_AFFECTED
apache__curator,40,21,0.7531500572737686,0.6741682430072027,ORIGINAL_AFFECTED
apache__curator,40,22,0.8224513172966781,0.6519445348360272,ORIGINAL_AFFECTED
apache__curator,40,23,0.2434135166093929,0.2009297931917781,ORIGINAL_AFFECTED
apache__curator,40,24,0.777205040091638,0.6260086501222122,ORIGINAL_AFFECTED
apache__curator,40,25,0.4799541809851088,0.4085049560054187,ORIGINAL_AFFECTED
apache__curator,40,26,0.3997709049255441,0.2530837380137987,ORIGINAL_AFFECTED
apache__curator,40,27,0.4072164948453608,0.3154199904381186,ORIGINAL_AFFECTED
apache__curator,40,28,0.5521191294387171,0.498244367375316,ORIGINAL_AFFECTED
apache__curator,40,29,0.6872852233676976,0.4716271919852063,ORIGINAL_AFFECTED
apache__curator,40,30,0.9335624284077892,0.7839704464036649,ORIGINAL_AFFECTED
apache__curator,50,1,0.8883161512027491,0.7166657232606146,ORIGINAL_AFFECTED
apache__curator,50,2,0.7617411225658648,0.6264295854413512,ORIGINAL_AFFECTED
apache__curator,50,3,0.9129438717067584,0.7780831564574835,ORIGINAL_AFFECTED
apache__curator,50,4,0.5366552119129439,0.4724897043020066,ORIGINAL_AFFECTED
apache__curator,50,5,0.2829324169530355,0.3237872754376326,ORIGINAL_AFFECTED
apache__curator,50,6,0.7027491408934707,0.5267520902448388,ORIGINAL_AFFECTED
apache__curator,50,7,0.938717067583047,0.7891706529586469,ORIGINAL_AFFECTED
apache__curator,50,8,0.6924398625429553,0.5368222905610347,ORIGINAL_AFFECTED
apache__curator,50,9,0.3928980526918672,0.2671382194015035,ORIGINAL_AFFECTED
apache__curator,50,10,0.6855670103092784,0.5358806289320129,ORIGINAL_AFFECTED
apache__curator,50,11,0.8831615120274914,0.6481710765345583,ORIGINAL_AFFECTED
apache__curator,50,12,0.3734249713631157,0.31961845931227,ORIGINAL_AFFECTED
apache__curator,50,13,0.6666666666666667,0.4406774819318176,ORIGINAL_AFFECTED
apache__curator,50,14,0.4948453608247423,0.4256028748801744,ORIGINAL_AFFECTED
apache__curator,50,15,0.5274914089347079,0.3848758194307911,ORIGINAL_AFFECTED
apache__curator,50,16,0.8934707903780068,0.7150727045094295,ORIGINAL_AFFECTED
apache__curator,50,17,0.8934707903780068,0.700926869984736,ORIGINAL_AFFECTED
apache__curator,50,18,0.8780068728522337,0.6874900470445781,ORIGINAL_AFFECTED
apache__curator,50,19,0.5057273768613975,0.4381499385553065,ORIGINAL_AFFECTED
apache__curator,50,20,0.516036655211913,0.4871764342623251,ORIGINAL_AFFECTED
apache__curator,50,21,0.7170675830469645,0.6560402915691217,ORIGINAL_AFFECTED
apache__curator,50,22,0.6557846506300115,0.6244484911013128,ORIGINAL_AFFECTED
apache__curator,50,23,0.268041237113402,0.1838911975364893,ORIGINAL_AFFECTED
apache__curator,50,24,0.8780068728522337,0.6975295048936458,ORIGINAL_AFFECTED
apache__curator,50,25,0.474799541809851,0.408290188700097,ORIGINAL_AFFECTED
apache__curator,50,26,0.5154639175257731,0.406557517488902,ORIGINAL_AFFECTED
apache__curator,50,27,0.5068728522336771,0.3346716507522486,ORIGINAL_AFFECTED
apache__curator,50,28,0.6305841924398625,0.4956119058846282,ORIGINAL_AFFECTED
apache__curator,50,29,0.640893470790378,0.4511013281111309,ORIGINAL_AFFECTED
apache__curator,50,30,0.9232531500572738,0.7779447078642632,ORIGINAL_AFFECTED
apache__logging-log4j2,0,1,0.0327085521765274,0.0488349370249216,ORIGINAL_AFFECTED
apache__logging-log4j2,0,2,0.0327085521765274,0.0488349370249216,ORIGINAL_AFFECTED
apache__logging-log4j2,0,3,0.0327085521765274,0.0488349370249216,ORIGINAL_AFFECTED
apache__logging-log4j2,0,4,0.0327085521765274,0.0488349370249216,ORIGINAL_AFFECTED
apache__logging-log4j2,0,5,0.0327085521765274,0.0488349370249216,ORIGINAL_AFFECTED
apache__logging-log4j2,0,6,0.0327085521765274,0.0488349370249216,ORIGINAL_AFFECTED
apache__logging-log4j2,0,7,0.0327085521765274,0.0488349370249216,ORIGINAL_AFFECTED
apache__logging-log4j2,0,8,0.0327085521765274,0.0488349370249216,ORIGINAL_AFFECTED
apache__logging-log4j2,0,9,0.0327085521765274,0.0488349370249216,ORIGINAL_AFFECTED
apache__logging-log4j2,0,10,0.0327085521765274,0.0488349370249216,ORIGINAL_AFFECTED
apache__logging-log4j2,0,11,0.0327085521765274,0.0488349370249216,ORIGINAL_AFFECTED
apache__logging-log4j2,0,12,0.0327085521765274,0.0488349370249216,ORIGINAL_AFFECTED
apache__logging-log4j2,0,13,0.0327085521765274,0.0488349370249216,ORIGINAL_AFFECTED
apache__logging-log4j2,0,14,0.0327085521765274,0.0488349370249216,ORIGINAL_AFFECTED
apache__logging-log4j2,0,15,0.0327085521765274,0.0488349370249216,ORIGINAL_AFFECTED
apache__logging-log4j2,0,16,0.0327085521765274,0.0488349370249216,ORIGINAL_AFFECTED
apache__logging-log4j2,0,17,0.0327085521765274,0.0488349370249216,ORIGINAL_AFFECTED
apache__logging-log4j2,0,18,0.0327085521765274,0.0488349370249216,ORIGINAL_AFFECTED
apache__logging-log4j2,0,19,0.0327085521765274,0.0488349370249216,ORIGINAL_AFFECTED
apache__logging-log4j2,0,20,0.0327085521765274,0.0488349370249216,ORIGINAL_AFFECTED
apache__logging-log4j2,0,21,0.0327085521765274,0.0488349370249216,ORIGINAL_AFFECTED
apache__logging-log4j2,0,22,0.0327085521765274,0.0488349370249216,ORIGINAL_AFFECTED
apache__logging-log4j2,0,23,0.0327085521765274,0.0488349370249216,ORIGINAL_AFFECTED
apache__logging-log4j2,0,24,0.0327085521765274,0.0488349370249216,ORIGINAL_AFFECTED
apache__logging-log4j2,0,25,0.0327085521765274,0.0488349370249216,ORIGINAL_AFFECTED
apache__logging-log4j2,0,26,0.0327085521765274,0.0488349370249216,ORIGINAL_AFFECTED
apache__logging-log4j2,0,27,0.0327085521765274,0.0488349370249216,ORIGINAL_AFFECTED
apache__logging-log4j2,0,28,0.0327085521765274,0.0488349370249216,ORIGINAL_AFFECTED
apache__logging-log4j2,0,29,0.0327085521765274,0.0488349370249216,ORIGINAL_AFFECTED
apache__logging-log4j2,0,30,0.0327085521765274,0.0488349370249216,ORIGINAL_AFFECTED
apache__logging-log4j2,5,1,0.959088505078082,0.9570914008733814,ORIGINAL_AFFECTED
apache__logging-log4j2,5,2,0.934075141958435,0.924919443895088,ORIGINAL_AFFECTED
apache__logging-log4j2,5,3,0.939845335885052,0.9382111027981426,ORIGINAL_AFFECTED
apache__logging-log4j2,5,4,0.9412542417537184,0.9369050945266107,ORIGINAL_AFFECTED
apache__logging-log4j2,5,5,0.9214145299414288,0.9144260669401866,ORIGINAL_AFFECTED
apache__logging-log4j2,5,6,0.9318878720559128,0.9263100077172224,ORIGINAL_AFFECTED
apache__logging-log4j2,5,7,0.9549974728358844,0.9491778574472844,ORIGINAL_AFFECTED
apache__logging-log4j2,5,8,0.9314837416889348,0.9273683124528468,ORIGINAL_AFFECTED
apache__logging-log4j2,5,9,0.958703591982382,0.9460795140495528,ORIGINAL_AFFECTED
apache__logging-log4j2,5,10,0.9284176325777456,0.9269680994258928,ORIGINAL_AFFECTED
apache__logging-log4j2,5,11,0.9341012869573,0.9262133490823756,ORIGINAL_AFFECTED
apache__logging-log4j2,5,12,0.9299724303828084,0.9202216445419322,ORIGINAL_AFFECTED
apache__logging-log4j2,5,13,0.9520697750113046,0.9518726010086248,ORIGINAL_AFFECTED
apache__logging-log4j2,5,14,0.938354734238004,0.9393530985583902,ORIGINAL_AFFECTED
apache__logging-log4j2,5,15,0.9435893409620116,0.9345700976443392,ORIGINAL_AFFECTED
apache__logging-log4j2,5,16,0.9267192664239204,0.9233624644271216,ORIGINAL_AFFECTED
apache__logging-log4j2,5,17,0.95806726205224,0.9497704313461184,ORIGINAL_AFFECTED
apache__logging-log4j2,5,18,0.9384477836189116,0.9311379711106852,ORIGINAL_AFFECTED
apache__logging-log4j2,5,19,0.935848356417734,0.9257094440940123,ORIGINAL_AFFECTED
apache__logging-log4j2,5,20,0.9705445701855684,0.9759285080100256,ORIGINAL_AFFECTED
apache__logging-log4j2,5,21,0.9501950240948376,0.9454697997942588,ORIGINAL_AFFECTED
apache__logging-log4j2,5,22,0.930587463715742,0.9302610406944442,ORIGINAL_AFFECTED
apache__logging-log4j2,5,23,0.9359805938748972,0.9191515330133584,ORIGINAL_AFFECTED
apache__logging-log4j2,5,24,0.965604643967646,0.9662088244590628,ORIGINAL_AFFECTED
apache__logging-log4j2,5,25,0.958057285518269,0.9548331556497656,ORIGINAL_AFFECTED
apache__logging-log4j2,5,26,0.9451229378865676,0.9413187712686416,ORIGINAL_AFFECTED
apache__logging-log4j2,5,27,0.9463410395212116,0.9425133083332504,ORIGINAL_AFFECTED
apache__logging-log4j2,5,28,0.947732203560074,0.9361281713135636,ORIGINAL_AFFECTED
apache__logging-log4j2,5,29,0.9348322421320316,0.9269674221695402,ORIGINAL_AFFECTED
apache__logging-log4j2,5,30,0.9279471306157572,0.9250637748517742,ORIGINAL_AFFECTED
apache__logging-log4j2,10,1,0.948491704450082,0.948058351219346,ORIGINAL_AFFECTED
apache__logging-log4j2,10,2,0.9337088801216782,0.9229585452317648,ORIGINAL_AFFECTED
apache__logging-log4j2,10,3,0.9476230145665306,0.9373369337473472,ORIGINAL_AFFECTED
apache__logging-log4j2,10,4,0.9299554807587764,0.9241104842683276,ORIGINAL_AFFECTED
apache__logging-log4j2,10,5,0.9196295606829524,0.9092639152984784,ORIGINAL_AFFECTED
apache__logging-log4j2,10,6,0.9322730312950536,0.9270050232166892,ORIGINAL_AFFECTED
apache__logging-log4j2,10,7,0.9387038601965596,0.9369774920513674,ORIGINAL_AFFECTED
apache__logging-log4j2,10,8,0.9174626899975576,0.912395805393864,ORIGINAL_AFFECTED
apache__logging-log4j2,10,9,0.9406807393308289,0.9312915515863938,ORIGINAL_AFFECTED
apache__logging-log4j2,10,10,0.9345829314020084,0.9274111707733688,ORIGINAL_AFFECTED
apache__logging-log4j2,10,11,0.9562829759445196,0.9519811208623452,ORIGINAL_AFFECTED
apache__logging-log4j2,10,12,0.955335142705206,0.9496479182520108,ORIGINAL_AFFECTED
apache__logging-log4j2,10,13,0.937853240871643,0.9346849768871414,ORIGINAL_AFFECTED
apache__logging-log4j2,10,14,0.9305994436438982,0.9313447392859012,ORIGINAL_AFFECTED
apache__logging-log4j2,10,15,0.9367466555627934,0.9324904245044444,ORIGINAL_AFFECTED
apache__logging-log4j2,10,16,0.9585142176250456,0.9558298971283083,ORIGINAL_AFFECTED
apache__logging-log4j2,10,17,0.9423206316475992,0.9310045424086736,ORIGINAL_AFFECTED
apache__logging-log4j2,10,18,0.9323328580642184,0.9254166638688393,ORIGINAL_AFFECTED
apache__logging-log4j2,10,19,0.9310882184527652,0.9255452647364104,ORIGINAL_AFFECTED
apache__logging-log4j2,10,20,0.9662368153793308,0.9709910393608217,ORIGINAL_AFFECTED
apache__logging-log4j2,10,21,0.953077145941977,0.95075900534003,ORIGINAL_AFFECTED
apache__logging-log4j2,10,22,0.952564802820528,0.953010142729867,ORIGINAL_AFFECTED
apache__logging-log4j2,10,23,0.9340127483050216,0.9209100130445832,ORIGINAL_AFFECTED
apache__logging-log4j2,10,24,0.9591324683285604,0.96106021458051,ORIGINAL_AFFECTED
apache__logging-log4j2,10,25,0.9554543391283308,0.9440144079793548,ORIGINAL_AFFECTED
apache__logging-log4j2,10,26,0.9298221762912208,0.9255546029879236,ORIGINAL_AFFECTED
apache__logging-log4j2,10,27,0.95451434877608,0.9476230639933906,ORIGINAL_AFFECTED
apache__logging-log4j2,10,28,0.959033451536935,0.9500349080106114,ORIGINAL_AFFECTED
apache__logging-log4j2,10,29,0.9478688626934366,0.9439017405094956,ORIGINAL_AFFECTED
apache__logging-log4j2,10,30,0.941613129433756,0.9394250860382624,ORIGINAL_AFFECTED
apache__logging-log4j2,15,1,0.9377480175704368,0.938534843652924,ORIGINAL_AFFECTED
apache__logging-log4j2,15,2,0.9227952366539104,0.9175394328499205,ORIGINAL_AFFECTED
apache__logging-log4j2,15,3,0.9520070119693468,0.945315358775913,ORIGINAL_AFFECTED
apache__logging-log4j2,15,4,0.9370885157997196,0.9304367224916053,ORIGINAL_AFFECTED
apache__logging-log4j2,15,5,0.9442399116121384,0.9405685712198047,ORIGINAL_AFFECTED
apache__logging-log4j2,15,6,0.9485883403274484,0.9455164368804102,ORIGINAL_AFFECTED
apache__logging-log4j2,15,7,0.9378314227829496,0.93515133467371,ORIGINAL_AFFECTED
apache__logging-log4j2,15,8,0.9327162733804284,0.9291176007943248,ORIGINAL_AFFECTED
apache__logging-log4j2,15,9,0.9465883698126368,0.9380145383810828,ORIGINAL_AFFECTED
apache__logging-log4j2,15,10,0.945235103470792,0.9351597700559738,ORIGINAL_AFFECTED
apache__logging-log4j2,15,11,0.9479867848446742,0.9447857502646833,ORIGINAL_AFFECTED
apache__logging-log4j2,15,12,0.9435471722153692,0.9402173215206496,ORIGINAL_AFFECTED
apache__logging-log4j2,15,13,0.9407673827002684,0.9396684386760554,ORIGINAL_AFFECTED
apache__logging-log4j2,15,14,0.9449509233048156,0.93903209850104,ORIGINAL_AFFECTED
apache__logging-log4j2,15,15,0.94971004472335,0.9453222137415316,ORIGINAL_AFFECTED
apache__logging-log4j2,15,16,0.9473933242091672,0.9469644531267384,ORIGINAL_AFFECTED
apache__logging-log4j2,15,17,0.9315090461984374,0.9231706919243944,ORIGINAL_AFFECTED
apache__logging-log4j2,15,18,0.9347828764630476,0.934889161418238,ORIGINAL_AFFECTED
apache__logging-log4j2,15,19,0.944144871316491,0.9380541877785424,ORIGINAL_AFFECTED
apache__logging-log4j2,15,20,0.9588420675306238,0.9606677181999572,ORIGINAL_AFFECTED
apache__logging-log4j2,15,21,0.9524571555313088,0.9478625937704396,ORIGINAL_AFFECTED
apache__logging-log4j2,15,22,0.9535802046118256,0.9490333122352752,ORIGINAL_AFFECTED
apache__logging-log4j2,15,23,0.9512821143348186,0.9401882017435036,ORIGINAL_AFFECTED
apache__logging-log4j2,15,24,0.9507749389934363,0.954397026430934,ORIGINAL_AFFECTED
apache__logging-log4j2,15,25,0.962206784364122,0.9533110472049912,ORIGINAL_AFFECTED
apache__logging-log4j2,15,26,0.917449474342365,0.9155190783850932,ORIGINAL_AFFECTED
apache__logging-log4j2,15,27,0.9427527591103984,0.9379963910633234,ORIGINAL_AFFECTED
apache__logging-log4j2,15,28,0.9602161352318744,0.9557744898949866,ORIGINAL_AFFECTED
apache__logging-log4j2,15,29,0.9566686191832202,0.952056499214913,ORIGINAL_AFFECTED
apache__logging-log4j2,15,30,0.9417626367598104,0.941940715052568,ORIGINAL_AFFECTED
apache__logging-log4j2,20,1,0.9366646190410828,0.9309683042424932,ORIGINAL_AFFECTED
apache__logging-log4j2,20,2,0.9168329362658768,0.9122060924904604,ORIGINAL_AFFECTED
apache__logging-log4j2,20,3,0.9436211535360982,0.9365156039158096,ORIGINAL_AFFECTED
apache__logging-log4j2,20,4,0.925422878118124,0.9219029230169544,ORIGINAL_AFFECTED
apache__logging-log4j2,20,5,0.9391903488905567,0.937094794521403,ORIGINAL_AFFECTED
apache__logging-log4j2,20,6,0.9399565304702991,0.9407909525450356,ORIGINAL_AFFECTED
apache__logging-log4j2,20,7,0.94324924057694,0.9401469707437003,ORIGINAL_AFFECTED
apache__logging-log4j2,20,8,0.9265641327332912,0.925718474832848,ORIGINAL_AFFECTED
apache__logging-log4j2,20,9,0.9421767313654058,0.938137541923737,ORIGINAL_AFFECTED
apache__logging-log4j2,20,10,0.9333003370220482,0.9252784050402508,ORIGINAL_AFFECTED
apache__logging-log4j2,20,11,0.9595384943959832,0.9586235487415652,ORIGINAL_AFFECTED
apache__logging-log4j2,20,12,0.9348653943315924,0.9345527964232136,ORIGINAL_AFFECTED
apache__logging-log4j2,20,13,0.9347326320011436,0.9362385206006514,ORIGINAL_AFFECTED
apache__logging-log4j2,20,14,0.9502851148242498,0.945215245157696,ORIGINAL_AFFECTED
apache__logging-log4j2,20,15,0.9469179312743032,0.9411785633944956,ORIGINAL_AFFECTED
apache__logging-log4j2,20,16,0.9403946344644064,0.938984196759257,ORIGINAL_AFFECTED
apache__logging-log4j2,20,17,0.9231215569324136,0.9170744906925036,ORIGINAL_AFFECTED
apache__logging-log4j2,20,18,0.9451518119020392,0.9424412506402492,ORIGINAL_AFFECTED
apache__logging-log4j2,20,19,0.9446955502449864,0.9382934980383636,ORIGINAL_AFFECTED
apache__logging-log4j2,20,20,0.95122380137302,0.9564115486950538,ORIGINAL_AFFECTED
apache__logging-log4j2,20,21,0.9556139311703912,0.9532486856480604,ORIGINAL_AFFECTED
apache__logging-log4j2,20,22,0.9520862839372772,0.9505779530089468,ORIGINAL_AFFECTED
apache__logging-log4j2,20,23,0.9443972606431194,0.9358305441427468,ORIGINAL_AFFECTED
apache__logging-log4j2,20,24,0.9459772170035424,0.9511528975101674,ORIGINAL_AFFECTED
apache__logging-log4j2,20,25,0.9587158790789478,0.9527769457794044,ORIGINAL_AFFECTED
apache__logging-log4j2,20,26,0.9083988153145104,0.9044056353926522,ORIGINAL_AFFECTED
apache__logging-log4j2,20,27,0.9339979965015374,0.9264906622827266,ORIGINAL_AFFECTED
apache__logging-log4j2,20,28,0.9571525307193914,0.952556745795304,ORIGINAL_AFFECTED
apache__logging-log4j2,20,29,0.950812076180043,0.9502193269443252,ORIGINAL_AFFECTED
apache__logging-log4j2,20,30,0.9456358237065048,0.947367382231346,ORIGINAL_AFFECTED
apache__logging-log4j2,25,1,0.9295687935818968,0.9223821101395112,ORIGINAL_AFFECTED
apache__logging-log4j2,25,2,0.9422016860394038,0.933464881858214,ORIGINAL_AFFECTED
apache__logging-log4j2,25,3,0.9361671472411628,0.9298331861456351,ORIGINAL_AFFECTED
apache__logging-log4j2,25,4,0.9373382316457188,0.9302177589018744,ORIGINAL_AFFECTED
apache__logging-log4j2,25,5,0.9345804326012964,0.935508660741994,ORIGINAL_AFFECTED
apache__logging-log4j2,25,6,0.950225354067729,0.9517718718649216,ORIGINAL_AFFECTED
apache__logging-log4j2,25,7,0.9375594680927168,0.936404242234,ORIGINAL_AFFECTED
apache__logging-log4j2,25,8,0.9492167389465288,0.9455127639445134,ORIGINAL_AFFECTED
apache__logging-log4j2,25,9,0.9351694739154326,0.9314561927019464,ORIGINAL_AFFECTED
apache__logging-log4j2,25,10,0.9339684909683752,0.927308279926803,ORIGINAL_AFFECTED
apache__logging-log4j2,25,11,0.9595040495042272,0.960100772192747,ORIGINAL_AFFECTED
apache__logging-log4j2,25,12,0.9419713402382234,0.93965337950823,ORIGINAL_AFFECTED
apache__logging-log4j2,25,13,0.9291021728011182,0.9280871960773288,ORIGINAL_AFFECTED
apache__logging-log4j2,25,14,0.9430009401723998,0.937455195814486,ORIGINAL_AFFECTED
apache__logging-log4j2,25,15,0.9403353106496396,0.9374389541012283,ORIGINAL_AFFECTED
apache__logging-log4j2,25,16,0.9335989177488848,0.9293499100229022,ORIGINAL_AFFECTED
apache__logging-log4j2,25,17,0.9270292202086882,0.9181575357628003,ORIGINAL_AFFECTED
apache__logging-log4j2,25,18,0.9397335715159756,0.9391841328037354,ORIGINAL_AFFECTED
apache__logging-log4j2,25,19,0.93978031501453,0.931709655481722,ORIGINAL_AFFECTED
apache__logging-log4j2,25,20,0.941773488337338,0.9478851783750306,ORIGINAL_AFFECTED
apache__logging-log4j2,25,21,0.9543245326447692,0.953623040160922,ORIGINAL_AFFECTED
apache__logging-log4j2,25,22,0.9620266018863568,0.9594861357779974,ORIGINAL_AFFECTED
apache__logging-log4j2,25,23,0.9377275482701208,0.9307319865773852,ORIGINAL_AFFECTED
apache__logging-log4j2,25,24,0.9395193862934724,0.9451883739376044,ORIGINAL_AFFECTED
apache__logging-log4j2,25,25,0.9529905269429516,0.9475355883605292,ORIGINAL_AFFECTED
apache__logging-log4j2,25,26,0.921041572391528,0.916656055340655,ORIGINAL_AFFECTED
apache__logging-log4j2,25,27,0.927134346393442,0.9218841123147882,ORIGINAL_AFFECTED
apache__logging-log4j2,25,28,0.9578994837221378,0.9514512141740986,ORIGINAL_AFFECTED
apache__logging-log4j2,25,29,0.9461726397078564,0.9448902486161734,ORIGINAL_AFFECTED
apache__logging-log4j2,25,30,0.9399635414472878,0.9407358810944972,ORIGINAL_AFFECTED
apache__logging-log4j2,30,1,0.9245537635016452,0.9177420178176784,ORIGINAL_AFFECTED
apache__logging-log4j2,30,2,0.9344083636783268,0.9301046798617576,ORIGINAL_AFFECTED
apache__logging-log4j2,30,3,0.9303317443349844,0.923075432244751,ORIGINAL_AFFECTED
apache__logging-log4j2,30,4,0.9312645883435904,0.9249277671694482,ORIGINAL_AFFECTED
apache__logging-log4j2,30,5,0.9329074901401514,0.9319024863679658,ORIGINAL_AFFECTED
apache__logging-log4j2,30,6,0.9504675833908234,0.9557888879707394,ORIGINAL_AFFECTED
apache__logging-log4j2,30,7,0.9579965942436584,0.956337209553008,ORIGINAL_AFFECTED
apache__logging-log4j2,30,8,0.944071216216204,0.9431700891140032,ORIGINAL_AFFECTED
apache__logging-log4j2,30,9,0.928136231093854,0.9220849699784772,ORIGINAL_AFFECTED
apache__logging-log4j2,30,10,0.926398545753052,0.9194569689649768,ORIGINAL_AFFECTED
apache__logging-log4j2,30,11,0.9540812377390444,0.9549495399007188,ORIGINAL_AFFECTED
apache__logging-log4j2,30,12,0.9392212620371044,0.9373033650447168,ORIGINAL_AFFECTED
apache__logging-log4j2,30,13,0.9249901437488036,0.9285719333343184,ORIGINAL_AFFECTED
apache__logging-log4j2,30,14,0.9386573879966582,0.934767369364583,ORIGINAL_AFFECTED
apache__logging-log4j2,30,15,0.9376080118874688,0.9348482432526464,ORIGINAL_AFFECTED
apache__logging-log4j2,30,16,0.9341164123107252,0.9300320316154728,ORIGINAL_AFFECTED
apache__logging-log4j2,30,17,0.9179845816888806,0.9100558164589356,ORIGINAL_AFFECTED
apache__logging-log4j2,30,18,0.934954835266391,0.9293165425305429,ORIGINAL_AFFECTED
apache__logging-log4j2,30,19,0.9336408751560904,0.9279204086524032,ORIGINAL_AFFECTED
apache__logging-log4j2,30,20,0.939681934113535,0.9486565487944804,ORIGINAL_AFFECTED
apache__logging-log4j2,30,21,0.9495024723943776,0.948360476894084,ORIGINAL_AFFECTED
apache__logging-log4j2,30,22,0.9572338628983008,0.9542754285835484,ORIGINAL_AFFECTED
apache__logging-log4j2,30,23,0.95350559933814,0.9475458858957964,ORIGINAL_AFFECTED
apache__logging-log4j2,30,24,0.950630536799822,0.9514051528551748,ORIGINAL_AFFECTED
apache__logging-log4j2,30,25,0.9473058551386128,0.9421941058401438,ORIGINAL_AFFECTED
apache__logging-log4j2,30,26,0.9303475594286308,0.9234101037812396,ORIGINAL_AFFECTED
apache__logging-log4j2,30,27,0.9207727957217998,0.9154712990248772,ORIGINAL_AFFECTED
apache__logging-log4j2,30,28,0.9530971194176596,0.9461235334207518,ORIGINAL_AFFECTED
apache__logging-log4j2,30,29,0.9403914906107376,0.936634113716974,ORIGINAL_AFFECTED
apache__logging-log4j2,30,30,0.9361807139441016,0.9363150147491056,ORIGINAL_AFFECTED
apache__logging-log4j2,40,1,0.913220752349868,0.9077804151527984,ORIGINAL_AFFECTED
apache__logging-log4j2,40,2,0.9419206638514712,0.940435604490668,ORIGINAL_AFFECTED
apache__logging-log4j2,40,3,0.9339990584853728,0.9275358124466746,ORIGINAL_AFFECTED
apache__logging-log4j2,40,4,0.93291883376758,0.927816722705256,ORIGINAL_AFFECTED
apache__logging-log4j2,40,5,0.9429036446398376,0.9410080914807716,ORIGINAL_AFFECTED
apache__logging-log4j2,40,6,0.9470521181659642,0.9522109505650034,ORIGINAL_AFFECTED
apache__logging-log4j2,40,7,0.9542086695105771,0.953306199662897,ORIGINAL_AFFECTED
apache__logging-log4j2,40,8,0.9449237903346784,0.9412056507230044,ORIGINAL_AFFECTED
apache__logging-log4j2,40,9,0.9263491813373677,0.9174708469452574,ORIGINAL_AFFECTED
apache__logging-log4j2,40,10,0.9217110014690304,0.9171018900335818,ORIGINAL_AFFECTED
apache__logging-log4j2,40,11,0.955626920496554,0.9522294288516958,ORIGINAL_AFFECTED
apache__logging-log4j2,40,12,0.9501731519870484,0.9497628879775146,ORIGINAL_AFFECTED
apache__logging-log4j2,40,13,0.923992749178994,0.929238151480192,ORIGINAL_AFFECTED
apache__logging-log4j2,40,14,0.928244766201846,0.9244674030321748,ORIGINAL_AFFECTED
apache__logging-log4j2,40,15,0.9266305524111368,0.9237748795620664,ORIGINAL_AFFECTED
apache__logging-log4j2,40,16,0.9308986203279228,0.9255730733319224,ORIGINAL_AFFECTED
apache__logging-log4j2,40,17,0.9048736351721366,0.8962509738069531,ORIGINAL_AFFECTED
apache__logging-log4j2,40,18,0.9264596136519528,0.9256402566125156,ORIGINAL_AFFECTED
apache__logging-log4j2,40,19,0.9368819693449756,0.9357134204337174,ORIGINAL_AFFECTED
apache__logging-log4j2,40,20,0.928233839853678,0.9326737276745438,ORIGINAL_AFFECTED
apache__logging-log4j2,40,21,0.939957520194429,0.9396892497180834,ORIGINAL_AFFECTED
apache__logging-log4j2,40,22,0.950804015176296,0.9481679349871056,ORIGINAL_AFFECTED
apache__logging-log4j2,40,23,0.9478440967285572,0.9431178652321612,ORIGINAL_AFFECTED
apache__logging-log4j2,40,24,0.9482299362110802,0.9511568288060268,ORIGINAL_AFFECTED
apache__logging-log4j2,40,25,0.941953679545421,0.9384214355398824,ORIGINAL_AFFECTED
apache__logging-log4j2,40,26,0.923058241048844,0.9187009684315236,ORIGINAL_AFFECTED
apache__logging-log4j2,40,27,0.9183918502396544,0.9164395221144398,ORIGINAL_AFFECTED
apache__logging-log4j2,40,28,0.9561435237863968,0.9515874952055392,ORIGINAL_AFFECTED
apache__logging-log4j2,40,29,0.9318934776409574,0.929491480436606,ORIGINAL_AFFECTED
apache__logging-log4j2,40,30,0.9312021032922492,0.9269224402955684,ORIGINAL_AFFECTED
apache__logging-log4j2,50,1,0.9111976600849708,0.907681833231567,ORIGINAL_AFFECTED
apache__logging-log4j2,50,2,0.948897367217396,0.9419562554517488,ORIGINAL_AFFECTED
apache__logging-log4j2,50,3,0.9274423499593728,0.9235271492248563,ORIGINAL_AFFECTED
apache__logging-log4j2,50,4,0.9257885935440836,0.9208025438805636,ORIGINAL_AFFECTED
apache__logging-log4j2,50,5,0.9377951348179994,0.9342853588436756,ORIGINAL_AFFECTED
apache__logging-log4j2,50,6,0.939701285826163,0.9400171549216012,ORIGINAL_AFFECTED
apache__logging-log4j2,50,7,0.9483755994582956,0.9450711352380692,ORIGINAL_AFFECTED
apache__logging-log4j2,50,8,0.9579403764274276,0.9555522619416126,ORIGINAL_AFFECTED
apache__logging-log4j2,50,9,0.9167428427637528,0.9085408666839776,ORIGINAL_AFFECTED
apache__logging-log4j2,50,10,0.9141095731439332,0.9119627903547316,ORIGINAL_AFFECTED
apache__logging-log4j2,50,11,0.946676058397672,0.9431864269708098,ORIGINAL_AFFECTED
apache__logging-log4j2,50,12,0.9446038867023262,0.9461974248371,ORIGINAL_AFFECTED
apache__logging-log4j2,50,13,0.9165311729372516,0.917880496162935,ORIGINAL_AFFECTED
apache__logging-log4j2,50,14,0.9288916775154876,0.9257887860260522,ORIGINAL_AFFECTED
apache__logging-log4j2,50,15,0.9197835334564752,0.913509978151755,ORIGINAL_AFFECTED
apache__logging-log4j2,50,16,0.9387394385503324,0.9378655253622348,ORIGINAL_AFFECTED
apache__logging-log4j2,50,17,0.9087601440853867,0.9058993367826602,ORIGINAL_AFFECTED
apache__logging-log4j2,50,18,0.9316761758340945,0.9341325390166054,ORIGINAL_AFFECTED
apache__logging-log4j2,50,19,0.9287517965576652,0.929708736526258,ORIGINAL_AFFECTED
apache__logging-log4j2,50,20,0.9167997125752696,0.9186147829983448,ORIGINAL_AFFECTED
apache__logging-log4j2,50,21,0.9519010901075998,0.9514650673246546,ORIGINAL_AFFECTED
apache__logging-log4j2,50,22,0.9463599123602574,0.9427449635136786,ORIGINAL_AFFECTED
apache__logging-log4j2,50,23,0.9504035753332314,0.9502187494284025,ORIGINAL_AFFECTED
apache__logging-log4j2,50,24,0.9565951340162128,0.9561275358742996,ORIGINAL_AFFECTED
apache__logging-log4j2,50,25,0.9397644938940024,0.9334289191675068,ORIGINAL_AFFECTED
apache__logging-log4j2,50,26,0.920586397590604,0.9180646989528628,ORIGINAL_AFFECTED
apache__logging-log4j2,50,27,0.9088042429876616,0.905245691813357,ORIGINAL_AFFECTED
apache__logging-log4j2,50,28,0.947543870156876,0.9451567775736908,ORIGINAL_AFFECTED
apache__logging-log4j2,50,29,0.939739359198134,0.9360431907094042,ORIGINAL_AFFECTED
apache__logging-log4j2,50,30,0.9346968309184042,0.931232426584489,ORIGINAL_AFFECTED
apache__rocketmq,0,1,0.1031913536770914,0.2995804297170278,ORIGINAL_AFFECTED
apache__rocketmq,0,2,0.1031913536770914,0.2995804297170278,ORIGINAL_AFFECTED
apache__rocketmq,0,3,0.1031913536770914,0.2995804297170278,ORIGINAL_AFFECTED
apache__rocketmq,0,4,0.1031913536770914,0.2995804297170278,ORIGINAL_AFFECTED
apache__rocketmq,0,5,0.1031913536770914,0.2995804297170278,ORIGINAL_AFFECTED
apache__rocketmq,0,6,0.1031913536770914,0.2995804297170278,ORIGINAL_AFFECTED
apache__rocketmq,0,7,0.1031913536770914,0.2995804297170278,ORIGINAL_AFFECTED
apache__rocketmq,0,8,0.1031913536770914,0.2995804297170278,ORIGINAL_AFFECTED
apache__rocketmq,0,9,0.1031913536770914,0.2995804297170278,ORIGINAL_AFFECTED
apache__rocketmq,0,10,0.1031913536770914,0.2995804297170278,ORIGINAL_AFFECTED
apache__rocketmq,0,11,0.1031913536770914,0.2995804297170278,ORIGINAL_AFFECTED
apache__rocketmq,0,12,0.1031913536770914,0.2995804297170278,ORIGINAL_AFFECTED
apache__rocketmq,0,13,0.1031913536770914,0.2995804297170278,ORIGINAL_AFFECTED
apache__rocketmq,0,14,0.1031913536770914,0.2995804297170278,ORIGINAL_AFFECTED
apache__rocketmq,0,15,0.1031913536770914,0.2995804297170278,ORIGINAL_AFFECTED
apache__rocketmq,0,16,0.1031913536770914,0.2995804297170278,ORIGINAL_AFFECTED
apache__rocketmq,0,17,0.1031913536770914,0.2995804297170278,ORIGINAL_AFFECTED
apache__rocketmq,0,18,0.1031913536770914,0.2995804297170278,ORIGINAL_AFFECTED
apache__rocketmq,0,19,0.1031913536770914,0.2995804297170278,ORIGINAL_AFFECTED
apache__rocketmq,0,20,0.1031913536770914,0.2995804297170278,ORIGINAL_AFFECTED
apache__rocketmq,0,21,0.1031913536770914,0.2995804297170278,ORIGINAL_AFFECTED
apache__rocketmq,0,22,0.1031913536770914,0.2995804297170278,ORIGINAL_AFFECTED
apache__rocketmq,0,23,0.1031913536770914,0.2995804297170278,ORIGINAL_AFFECTED
apache__rocketmq,0,24,0.1031913536770914,0.2995804297170278,ORIGINAL_AFFECTED
apache__rocketmq,0,25,0.1031913536770914,0.2995804297170278,ORIGINAL_AFFECTED
apache__rocketmq,0,26,0.1031913536770914,0.2995804297170278,ORIGINAL_AFFECTED
apache__rocketmq,0,27,0.1031913536770914,0.2995804297170278,ORIGINAL_AFFECTED
apache__rocketmq,0,28,0.1031913536770914,0.2995804297170278,ORIGINAL_AFFECTED
apache__rocketmq,0,29,0.1031913536770914,0.2995804297170278,ORIGINAL_AFFECTED
apache__rocketmq,0,30,0.1031913536770914,0.2995804297170278,ORIGINAL_AFFECTED
apache__rocketmq,5,1,0.7981783143259606,0.7545311249923119,ORIGINAL_AFFECTED
apache__rocketmq,5,2,0.9170508633455684,0.8853341109665698,ORIGINAL_AFFECTED
apache__rocketmq,5,3,0.8238851086716059,0.7966978423607505,ORIGINAL_AFFECTED
apache__rocketmq,5,4,0.7705210774155391,0.7252603432741624,ORIGINAL_AFFECTED
apache__rocketmq,5,5,0.7497486517632612,0.7255595166389597,ORIGINAL_AFFECTED
apache__rocketmq,5,6,0.7883829426889337,0.7690090013589201,ORIGINAL_AFFECTED
apache__rocketmq,5,7,0.8324820648959561,0.7645481141759947,ORIGINAL_AFFECTED
apache__rocketmq,5,8,0.8983022883341686,0.8757275003579773,ORIGINAL_AFFECTED
apache__rocketmq,5,9,0.8441274385646499,0.833029634257206,ORIGINAL_AFFECTED
apache__rocketmq,5,10,0.9689265151720372,0.9505478998268648,ORIGINAL_AFFECTED
apache__rocketmq,5,11,0.8594556741070823,0.8416888119916404,ORIGINAL_AFFECTED
apache__rocketmq,5,12,0.8463646706667931,0.7876637872648571,ORIGINAL_AFFECTED
apache__rocketmq,5,13,0.890879889545042,0.8674603374607635,ORIGINAL_AFFECTED
apache__rocketmq,5,14,0.9699852817019048,0.946885494018924,ORIGINAL_AFFECTED
apache__rocketmq,5,15,0.9407616154912344,0.921299553829456,ORIGINAL_AFFECTED
apache__rocketmq,5,16,0.8227365678599324,0.7861291841175517,ORIGINAL_AFFECTED
apache__rocketmq,5,17,0.809028177527055,0.8091302516572136,ORIGINAL_AFFECTED
apache__rocketmq,5,18,0.8304831727187767,0.7856211215088816,ORIGINAL_AFFECTED
apache__rocketmq,5,19,0.8891285785555301,0.8390693789792325,ORIGINAL_AFFECTED
apache__rocketmq,5,20,0.8410790211203063,0.8246892605613905,ORIGINAL_AFFECTED
apache__rocketmq,5,21,0.9289527349622788,0.8675487705381861,ORIGINAL_AFFECTED
apache__rocketmq,5,22,0.8430401722627803,0.7850734175391552,ORIGINAL_AFFECTED
apache__rocketmq,5,23,0.8202831043193239,0.8037136152875791,ORIGINAL_AFFECTED
apache__rocketmq,5,24,0.8847363968613005,0.8608659822201918,ORIGINAL_AFFECTED
apache__rocketmq,5,25,0.863663298614403,0.862686740073551,ORIGINAL_AFFECTED
apache__rocketmq,5,26,0.8580192855981905,0.7794901103820417,ORIGINAL_AFFECTED
apache__rocketmq,5,27,0.7657526987308855,0.7664269663491687,ORIGINAL_AFFECTED
apache__rocketmq,5,28,0.807121542780133,0.791555468642936,ORIGINAL_AFFECTED
apache__rocketmq,5,29,0.7702360796955209,0.7499062542831135,ORIGINAL_AFFECTED
apache__rocketmq,5,30,0.7823078494579964,0.7474008484613437,ORIGINAL_AFFECTED
apache__rocketmq,10,1,0.7583783827254134,0.7354823829241492,ORIGINAL_AFFECTED
apache__rocketmq,10,2,0.9339597780742506,0.920986454327557,ORIGINAL_AFFECTED
apache__rocketmq,10,3,0.8185232433982113,0.8030760042597405,ORIGINAL_AFFECTED
apache__rocketmq,10,4,0.7233368548893193,0.6913669385759538,ORIGINAL_AFFECTED
apache__rocketmq,10,5,0.913738131679105,0.8937308839685848,ORIGINAL_AFFECTED
apache__rocketmq,10,6,0.7516798781451333,0.7223521810775949,ORIGINAL_AFFECTED
apache__rocketmq,10,7,0.7977265929397317,0.7662543554493026,ORIGINAL_AFFECTED
apache__rocketmq,10,8,0.8425638592416013,0.8457481337632358,ORIGINAL_AFFECTED
apache__rocketmq,10,9,0.8632408106576731,0.8350693764954066,ORIGINAL_AFFECTED
apache__rocketmq,10,10,0.9507009109768708,0.936709133225616,ORIGINAL_AFFECTED
apache__rocketmq,10,11,0.8899746549552356,0.9013200080861998,ORIGINAL_AFFECTED
apache__rocketmq,10,12,0.8492759223767794,0.8611043088389287,ORIGINAL_AFFECTED
apache__rocketmq,10,13,0.8802437746339613,0.8484947042865428,ORIGINAL_AFFECTED
apache__rocketmq,10,14,0.9553249989841666,0.9378553224446448,ORIGINAL_AFFECTED
apache__rocketmq,10,15,0.9133590847114808,0.894437280094502,ORIGINAL_AFFECTED
apache__rocketmq,10,16,0.8469189912322286,0.801068970212492,ORIGINAL_AFFECTED
apache__rocketmq,10,17,0.8509602589020872,0.8383641507799273,ORIGINAL_AFFECTED
apache__rocketmq,10,18,0.8152315197320006,0.7963234894289077,ORIGINAL_AFFECTED
apache__rocketmq,10,19,0.8400434212367885,0.819712048191019,ORIGINAL_AFFECTED
apache__rocketmq,10,20,0.8904894426686171,0.8456026261312843,ORIGINAL_AFFECTED
apache__rocketmq,10,21,0.8893337769139431,0.8424078533081414,ORIGINAL_AFFECTED
apache__rocketmq,10,22,0.8525491211911889,0.8237133914012407,ORIGINAL_AFFECTED
apache__rocketmq,10,23,0.8761711572149007,0.8716766627813823,ORIGINAL_AFFECTED
apache__rocketmq,10,24,0.9482752135507668,0.9167288799216492,ORIGINAL_AFFECTED
apache__rocketmq,10,25,0.841582408924887,0.8181157559211532,ORIGINAL_AFFECTED
apache__rocketmq,10,26,0.9274105304682316,0.9037653585567932,ORIGINAL_AFFECTED
apache__rocketmq,10,27,0.808003977552338,0.7830386196453153,ORIGINAL_AFFECTED
apache__rocketmq,10,28,0.848621485780589,0.8032442921382918,ORIGINAL_AFFECTED
apache__rocketmq,10,29,0.7079142032705322,0.6962495318077329,ORIGINAL_AFFECTED
apache__rocketmq,10,30,0.7733767545701219,0.7421897538547111,ORIGINAL_AFFECTED
apache__rocketmq,15,1,0.736278234526599,0.7244218142563459,ORIGINAL_AFFECTED
apache__rocketmq,15,2,0.925457237926255,0.912100943818511,ORIGINAL_AFFECTED
apache__rocketmq,15,3,0.7831621512869481,0.7445901535530377,ORIGINAL_AFFECTED
apache__rocketmq,15,4,0.9154680678396158,0.8988998835085401,ORIGINAL_AFFECTED
apache__rocketmq,15,5,0.9083245999873586,0.8854034173985991,ORIGINAL_AFFECTED
apache__rocketmq,15,6,0.7163985853954753,0.6986048865629122,ORIGINAL_AFFECTED
apache__rocketmq,15,7,0.7728438088336878,0.7374930401156388,ORIGINAL_AFFECTED
apache__rocketmq,15,8,0.8113038843214007,0.8572676426330335,ORIGINAL_AFFECTED
apache__rocketmq,15,9,0.8571903090616859,0.8361761913901908,ORIGINAL_AFFECTED
apache__rocketmq,15,10,0.9364894996681612,0.9213790829644538,ORIGINAL_AFFECTED
apache__rocketmq,15,11,0.8566256467473014,0.8384396412822916,ORIGINAL_AFFECTED
apache__rocketmq,15,12,0.8911192876298575,0.8958003265123349,ORIGINAL_AFFECTED
apache__rocketmq,15,13,0.8840527691620051,0.8641914003997586,ORIGINAL_AFFECTED
apache__rocketmq,15,14,0.9397455986193696,0.904837706823808,ORIGINAL_AFFECTED
apache__rocketmq,15,15,0.892846373813168,0.8698509562608477,ORIGINAL_AFFECTED
apache__rocketmq,15,16,0.810112960680473,0.7793803165681671,ORIGINAL_AFFECTED
apache__rocketmq,15,17,0.8140601791027255,0.8186080339538645,ORIGINAL_AFFECTED
apache__rocketmq,15,18,0.923597627803136,0.9005468237189818,ORIGINAL_AFFECTED
apache__rocketmq,15,19,0.9178335489157672,0.9145065815413024,ORIGINAL_AFFECTED
apache__rocketmq,15,20,0.9150519711683892,0.9060188141087536,ORIGINAL_AFFECTED
apache__rocketmq,15,21,0.924847342805416,0.8999760517438453,ORIGINAL_AFFECTED
apache__rocketmq,15,22,0.8287603615012664,0.8114887489541023,ORIGINAL_AFFECTED
apache__rocketmq,15,23,0.8524137472741802,0.8615076023524668,ORIGINAL_AFFECTED
apache__rocketmq,15,24,0.953883968680726,0.9264770863999328,ORIGINAL_AFFECTED
apache__rocketmq,15,25,0.8403398188656075,0.8199546727475648,ORIGINAL_AFFECTED
apache__rocketmq,15,26,0.9663886104752746,0.9325563222982268,ORIGINAL_AFFECTED
apache__rocketmq,15,27,0.8399294221487812,0.8083879984010285,ORIGINAL_AFFECTED
apache__rocketmq,15,28,0.8381207447865169,0.8105063723135864,ORIGINAL_AFFECTED
apache__rocketmq,15,29,0.9589729698004,0.9248889029996832,ORIGINAL_AFFECTED
apache__rocketmq,15,30,0.7452603045017224,0.7205792701485856,ORIGINAL_AFFECTED
apache__rocketmq,20,1,0.7953212121827778,0.7987822185555247,ORIGINAL_AFFECTED
apache__rocketmq,20,2,0.9122903432614125,0.8561254885850518,ORIGINAL_AFFECTED
apache__rocketmq,20,3,0.8109679538405277,0.7752110570043084,ORIGINAL_AFFECTED
apache__rocketmq,20,4,0.9145489501925568,0.8978553724853379,ORIGINAL_AFFECTED
apache__rocketmq,20,5,0.9430487221943809,0.9312003944701808,ORIGINAL_AFFECTED
apache__rocketmq,20,6,0.7318069871282613,0.7126245874544004,ORIGINAL_AFFECTED
apache__rocketmq,20,7,0.7976101107032728,0.7954760334717862,ORIGINAL_AFFECTED
apache__rocketmq,20,8,0.811011761658382,0.7872769157981192,ORIGINAL_AFFECTED
apache__rocketmq,20,9,0.9316473884050512,0.8998869095564432,ORIGINAL_AFFECTED
apache__rocketmq,20,10,0.9331436264351468,0.917562468625518,ORIGINAL_AFFECTED
apache__rocketmq,20,11,0.8883519597684802,0.8788312772418454,ORIGINAL_AFFECTED
apache__rocketmq,20,12,0.8983924294447229,0.903808389625102,ORIGINAL_AFFECTED
apache__rocketmq,20,13,0.9310132684780106,0.9210594159684912,ORIGINAL_AFFECTED
apache__rocketmq,20,14,0.9194209862162688,0.8952891880770014,ORIGINAL_AFFECTED
apache__rocketmq,20,15,0.8822245087880881,0.859802175096469,ORIGINAL_AFFECTED
apache__rocketmq,20,16,0.793457693922607,0.7576257838995353,ORIGINAL_AFFECTED
apache__rocketmq,20,17,0.8400220464077872,0.8402307269195683,ORIGINAL_AFFECTED
apache__rocketmq,20,18,0.9178392488701674,0.8951877108142224,ORIGINAL_AFFECTED
apache__rocketmq,20,19,0.9391884280767338,0.9299768942082758,ORIGINAL_AFFECTED
apache__rocketmq,20,20,0.9000853159016312,0.8888784873083168,ORIGINAL_AFFECTED
apache__rocketmq,20,21,0.964801173174773,0.9522871891020024,ORIGINAL_AFFECTED
apache__rocketmq,20,22,0.8409625388838473,0.816023108498563,ORIGINAL_AFFECTED
apache__rocketmq,20,23,0.8383904344606827,0.8402236230347544,ORIGINAL_AFFECTED
apache__rocketmq,20,24,0.944517885441075,0.9189770743555404,ORIGINAL_AFFECTED
apache__rocketmq,20,25,0.836064853065334,0.8125807219683144,ORIGINAL_AFFECTED
apache__rocketmq,20,26,0.9579355780995336,0.9256740698960488,ORIGINAL_AFFECTED
apache__rocketmq,20,27,0.8896401494629627,0.855326363215501,ORIGINAL_AFFECTED
apache__rocketmq,20,28,0.8136868320895017,0.7880051153841067,ORIGINAL_AFFECTED
apache__rocketmq,20,29,0.9514077053225158,0.9191301419045248,ORIGINAL_AFFECTED
apache__rocketmq,20,30,0.7889775297639203,0.7992672636232121,ORIGINAL_AFFECTED
apache__rocketmq,25,1,0.8587093469093832,0.8551676054126699,ORIGINAL_AFFECTED
apache__rocketmq,25,2,0.9121720692076049,0.8613390041515627,ORIGINAL_AFFECTED
apache__rocketmq,25,3,0.9178121740867656,0.8709435917751611,ORIGINAL_AFFECTED
apache__rocketmq,25,4,0.9079341531109336,0.8845439145642975,ORIGINAL_AFFECTED
apache__rocketmq,25,5,0.9367402976617772,0.9116409750762272,ORIGINAL_AFFECTED
apache__rocketmq,25,6,0.7483340049121192,0.7331215271021172,ORIGINAL_AFFECTED
apache__rocketmq,25,7,0.7722267887698483,0.7734308937333958,ORIGINAL_AFFECTED
apache__rocketmq,25,8,0.7891228786011296,0.778074460668797,ORIGINAL_AFFECTED
apache__rocketmq,25,9,0.915817190046638,0.8836255041051361,ORIGINAL_AFFECTED
apache__rocketmq,25,10,0.9294985055961136,0.91600256885826,ORIGINAL_AFFECTED
apache__rocketmq,25,11,0.8738726506029537,0.8669143241100143,ORIGINAL_AFFECTED
apache__rocketmq,25,12,0.8854449830242942,0.8819796864948684,ORIGINAL_AFFECTED
apache__rocketmq,25,13,0.9234793537493284,0.9138512153588813,ORIGINAL_AFFECTED
apache__rocketmq,25,14,0.9061671672468204,0.8848583032977492,ORIGINAL_AFFECTED
apache__rocketmq,25,15,0.8862771763667474,0.871477496777309,ORIGINAL_AFFECTED
apache__rocketmq,25,16,0.8553207240183662,0.844981198175961,ORIGINAL_AFFECTED
apache__rocketmq,25,17,0.8178207240183664,0.8138405707573013,ORIGINAL_AFFECTED
apache__rocketmq,25,18,0.925286239294244,0.9102814500084166,ORIGINAL_AFFECTED
apache__rocketmq,25,19,0.922627210566474,0.9156281432469398,ORIGINAL_AFFECTED
apache__rocketmq,25,20,0.8809548439454069,0.8794914520145882,ORIGINAL_AFFECTED
apache__rocketmq,25,21,0.9697273587652884,0.9529046348597434,ORIGINAL_AFFECTED
apache__rocketmq,25,22,0.8617089479125751,0.8801891445991326,ORIGINAL_AFFECTED
apache__rocketmq,25,23,0.8747675434438109,0.8648169581751437,ORIGINAL_AFFECTED
apache__rocketmq,25,24,0.9430729470005824,0.917217163241534,ORIGINAL_AFFECTED
apache__rocketmq,25,25,0.8301568503293557,0.811578184862978,ORIGINAL_AFFECTED
apache__rocketmq,25,26,0.9524522219663828,0.919452010275388,ORIGINAL_AFFECTED
apache__rocketmq,25,27,0.9039356350990776,0.8836851158579879,ORIGINAL_AFFECTED
apache__rocketmq,25,28,0.7947302087424885,0.7726299295032449,ORIGINAL_AFFECTED
apache__rocketmq,25,29,0.9443924864442668,0.9173830610805578,ORIGINAL_AFFECTED
apache__rocketmq,25,30,0.8234394540685259,0.8692363891446269,ORIGINAL_AFFECTED
apache__rocketmq,30,1,0.8432097459061912,0.8490312977270167,ORIGINAL_AFFECTED
apache__rocketmq,30,2,0.9017625274839386,0.84827238334535,ORIGINAL_AFFECTED
apache__rocketmq,30,3,0.9107413806531132,0.8697844093088066,ORIGINAL_AFFECTED
apache__rocketmq,30,4,0.9067400126640572,0.8844947684470293,ORIGINAL_AFFECTED
apache__rocketmq,30,5,0.929269082431499,0.9050779367849509,ORIGINAL_AFFECTED
apache__rocketmq,30,6,0.7745395452677963,0.7477915435010596,ORIGINAL_AFFECTED
apache__rocketmq,30,7,0.858300375181157,0.8615819235383697,ORIGINAL_AFFECTED
apache__rocketmq,30,8,0.785644481428307,0.7930351949949157,ORIGINAL_AFFECTED
apache__rocketmq,30,9,0.9054076483229718,0.8772051626539161,ORIGINAL_AFFECTED
apache__rocketmq,30,10,0.9222082639180472,0.9090884011516838,ORIGINAL_AFFECTED
apache__rocketmq,30,11,0.8687027919618227,0.8652964401107587,ORIGINAL_AFFECTED
apache__rocketmq,30,12,0.8895076255231542,0.8715492670953556,ORIGINAL_AFFECTED
apache__rocketmq,30,13,0.9156704162208288,0.9105415646542132,ORIGINAL_AFFECTED
apache__rocketmq,30,14,0.8934947436262094,0.8796309026431227,ORIGINAL_AFFECTED
apache__rocketmq,30,15,0.8699909816563052,0.8310715679813974,ORIGINAL_AFFECTED
apache__rocketmq,30,16,0.8455239273927393,0.8297169136388833,ORIGINAL_AFFECTED
apache__rocketmq,30,17,0.8258833095176823,0.844763855562612,ORIGINAL_AFFECTED
apache__rocketmq,30,18,0.9245552201423972,0.9118590574919891,ORIGINAL_AFFECTED
apache__rocketmq,30,19,0.9117303227415764,0.9116947909910174,ORIGINAL_AFFECTED
apache__rocketmq,30,20,0.865988188678649,0.852309265126365,ORIGINAL_AFFECTED
apache__rocketmq,30,21,0.9685018685692098,0.95119574436717,ORIGINAL_AFFECTED
apache__rocketmq,30,22,0.8468919164488269,0.8680117761075008,ORIGINAL_AFFECTED
apache__rocketmq,30,23,0.9592864672924202,0.9366486534186084,ORIGINAL_AFFECTED
apache__rocketmq,30,24,0.9431983459973904,0.9238373493000918,ORIGINAL_AFFECTED
apache__rocketmq,30,25,0.8683094951081975,0.8344338768958613,ORIGINAL_AFFECTED
apache__rocketmq,30,26,0.948469378829128,0.9162739273988056,ORIGINAL_AFFECTED
apache__rocketmq,30,27,0.8916322835258902,0.8790666994479129,ORIGINAL_AFFECTED
apache__rocketmq,30,28,0.9311671672468204,0.917431636036022,ORIGINAL_AFFECTED
apache__rocketmq,30,29,0.9397968982089728,0.9143939247243792,ORIGINAL_AFFECTED
apache__rocketmq,30,30,0.908690822057582,0.9087392530254126,ORIGINAL_AFFECTED
apache__rocketmq,40,1,0.9340071695268022,0.9242171313218696,ORIGINAL_AFFECTED
apache__rocketmq,40,2,0.8940547641460452,0.8431043912175297,ORIGINAL_AFFECTED
apache__rocketmq,40,3,0.8903227190024064,0.85807412929758,ORIGINAL_AFFECTED
apache__rocketmq,40,4,0.9384531339590868,0.9213802960545888,ORIGINAL_AFFECTED
apache__rocketmq,40,5,0.9596797641460452,0.9390433518877646,ORIGINAL_AFFECTED
apache__rocketmq,40,6,0.7608853045017224,0.7415291527172961,ORIGINAL_AFFECTED
apache__rocketmq,40,7,0.9158827395222424,0.9115387913531992,ORIGINAL_AFFECTED
apache__rocketmq,40,8,0.7773310979353749,0.7830373815800967,ORIGINAL_AFFECTED
apache__rocketmq,40,9,0.880550147182981,0.8328746628720993,ORIGINAL_AFFECTED
apache__rocketmq,40,10,0.9130797869458628,0.8846239773018023,ORIGINAL_AFFECTED
apache__rocketmq,40,11,0.851253806553706,0.8178858904985453,ORIGINAL_AFFECTED
apache__rocketmq,40,12,0.8655692420302221,0.8574350710606885,ORIGINAL_AFFECTED
apache__rocketmq,40,13,0.915002096567386,0.8899000268254321,ORIGINAL_AFFECTED
apache__rocketmq,40,14,0.9365422242463644,0.9137000075972204,ORIGINAL_AFFECTED
apache__rocketmq,40,15,0.8481031567589044,0.8191653081657536,ORIGINAL_AFFECTED
apache__rocketmq,40,16,0.8550599511045496,0.8401512893133432,ORIGINAL_AFFECTED
apache__rocketmq,40,17,0.8136740071921009,0.8472572895064578,ORIGINAL_AFFECTED
apache__rocketmq,40,18,0.9247433186376092,0.9116165983864926,ORIGINAL_AFFECTED
apache__rocketmq,40,19,0.8876978900010384,0.8766507540821777,ORIGINAL_AFFECTED
apache__rocketmq,40,20,0.8968263669732226,0.8725576188547685,ORIGINAL_AFFECTED
apache__rocketmq,40,21,0.9618870714875866,0.9478438799677608,ORIGINAL_AFFECTED
apache__rocketmq,40,22,0.8285238133936512,0.8145892355684135,ORIGINAL_AFFECTED
apache__rocketmq,40,23,0.9501579903202358,0.9325044531869676,ORIGINAL_AFFECTED
apache__rocketmq,40,24,0.9332134508765514,0.9194754322724754,ORIGINAL_AFFECTED
apache__rocketmq,40,25,0.8495167454501948,0.826323837394591,ORIGINAL_AFFECTED
apache__rocketmq,40,26,0.9393409018569436,0.9108329634713624,ORIGINAL_AFFECTED
apache__rocketmq,40,27,0.9559163692532044,0.932243531897052,ORIGINAL_AFFECTED
apache__rocketmq,40,28,0.912036695290596,0.9117551115049144,ORIGINAL_AFFECTED
apache__rocketmq,40,29,0.9392468526093376,0.9103664037662896,ORIGINAL_AFFECTED
apache__rocketmq,40,30,0.8814763897730402,0.8907646027277221,ORIGINAL_AFFECTED
apache__rocketmq,50,1,0.9273296729467748,0.9200607289730902,ORIGINAL_AFFECTED
apache__rocketmq,50,2,0.8775248963849873,0.821666422874292,ORIGINAL_AFFECTED
apache__rocketmq,50,3,0.8897242237903681,0.8751306910522503,ORIGINAL_AFFECTED
apache__rocketmq,50,4,0.9300001015833456,0.915822398380838,ORIGINAL_AFFECTED
apache__rocketmq,50,5,0.9510144084688908,0.9293860762043,ORIGINAL_AFFECTED
apache__rocketmq,50,6,0.7628204390206463,0.7506835961732765,ORIGINAL_AFFECTED
apache__rocketmq,50,7,0.9072173838450877,0.8897083627418335,ORIGINAL_AFFECTED
apache__rocketmq,50,8,0.8319423610452701,0.8038675119357369,ORIGINAL_AFFECTED
apache__rocketmq,50,9,0.8678221490069664,0.8186775171645906,ORIGINAL_AFFECTED
apache__rocketmq,50,10,0.9217836173152198,0.8997543711202789,ORIGINAL_AFFECTED
apache__rocketmq,50,11,0.8532972402062369,0.8157520331694483,ORIGINAL_AFFECTED
apache__rocketmq,50,12,0.8909183642372445,0.8795164672519349,ORIGINAL_AFFECTED
apache__rocketmq,50,13,0.9351357604980745,0.920934924567366,ORIGINAL_AFFECTED
apache__rocketmq,50,14,0.9305715220119825,0.9096331014132272,ORIGINAL_AFFECTED
apache__rocketmq,50,15,0.9032103159016313,0.8768857069731493,ORIGINAL_AFFECTED
apache__rocketmq,50,16,0.9373672926458172,0.9278138812009254,ORIGINAL_AFFECTED
apache__rocketmq,50,17,0.9172721034073312,0.9098035140381572,ORIGINAL_AFFECTED
apache__rocketmq,50,18,0.9160779629604549,0.9065041899218358,ORIGINAL_AFFECTED
apache__rocketmq,50,19,0.929346031815904,0.914398791020969,ORIGINAL_AFFECTED
apache__rocketmq,50,20,0.8826847801059176,0.8682717241343811,ORIGINAL_AFFECTED
apache__rocketmq,50,21,0.9534653888610476,0.9360754375359877,ORIGINAL_AFFECTED
apache__rocketmq,50,22,0.8578928284415309,0.83498902481111,ORIGINAL_AFFECTED
apache__rocketmq,50,23,0.9450123564853066,0.9317688921736288,ORIGINAL_AFFECTED
apache__rocketmq,50,24,0.926504604547322,0.9122456082698558,ORIGINAL_AFFECTED
apache__rocketmq,50,25,0.920502552563738,0.8938307999620121,ORIGINAL_AFFECTED
apache__rocketmq,50,26,0.9296623792851242,0.8990691930278549,ORIGINAL_AFFECTED
apache__rocketmq,50,27,0.951689853065334,0.931382829566438,ORIGINAL_AFFECTED
apache__rocketmq,50,28,0.8937626414830265,0.9011435141634478,ORIGINAL_AFFECTED
apache__rocketmq,50,29,0.9356330815195064,0.9071817417756528,ORIGINAL_AFFECTED
apache__rocketmq,50,30,0.9329284531565332,0.9230873166904318,ORIGINAL_AFFECTED
apache__shardingsphere,0,1,0.0386277379503198,0.1173619050491595,ORIGINAL_AFFECTED
apache__shardingsphere,0,2,0.0386277379503198,0.1173619050491595,ORIGINAL_AFFECTED
apache__shardingsphere,0,3,0.0386277379503198,0.1173619050491595,ORIGINAL_AFFECTED
apache__shardingsphere,0,4,0.0386277379503198,0.1173619050491595,ORIGINAL_AFFECTED
apache__shardingsphere,0,5,0.0386277379503198,0.1173619050491595,ORIGINAL_AFFECTED
apache__shardingsphere,0,6,0.0386277379503198,0.1173619050491595,ORIGINAL_AFFECTED
apache__shardingsphere,0,7,0.0386277379503198,0.1173619050491595,ORIGINAL_AFFECTED
apache__shardingsphere,0,8,0.0386277379503198,0.1173619050491595,ORIGINAL_AFFECTED
apache__shardingsphere,0,9,0.0386277379503198,0.1173619050491595,ORIGINAL_AFFECTED
apache__shardingsphere,0,10,0.0386277379503198,0.1173619050491595,ORIGINAL_AFFECTED
apache__shardingsphere,0,11,0.0386277379503198,0.1173619050491595,ORIGINAL_AFFECTED
apache__shardingsphere,0,12,0.0386277379503198,0.1173619050491595,ORIGINAL_AFFECTED
apache__shardingsphere,0,13,0.0386277379503198,0.1173619050491595,ORIGINAL_AFFECTED
apache__shardingsphere,0,14,0.0386277379503198,0.1173619050491595,ORIGINAL_AFFECTED
apache__shardingsphere,0,15,0.0386277379503198,0.1173619050491595,ORIGINAL_AFFECTED
apache__shardingsphere,0,16,0.0386277379503198,0.1173619050491595,ORIGINAL_AFFECTED
apache__shardingsphere,0,17,0.0386277379503198,0.1173619050491595,ORIGINAL_AFFECTED
apache__shardingsphere,0,18,0.0386277379503198,0.1173619050491595,ORIGINAL_AFFECTED
apache__shardingsphere,0,19,0.0386277379503198,0.1173619050491595,ORIGINAL_AFFECTED
apache__shardingsphere,0,20,0.0386277379503198,0.1173619050491595,ORIGINAL_AFFECTED
apache__shardingsphere,0,21,0.0386277379503198,0.1173619050491595,ORIGINAL_AFFECTED
apache__shardingsphere,0,22,0.0386277379503198,0.1173619050491595,ORIGINAL_AFFECTED
apache__shardingsphere,0,23,0.0386277379503198,0.1173619050491595,ORIGINAL_AFFECTED
apache__shardingsphere,0,24,0.0386277379503198,0.1173619050491595,ORIGINAL_AFFECTED
apache__shardingsphere,0,25,0.0386277379503198,0.1173619050491595,ORIGINAL_AFFECTED
apache__shardingsphere,0,26,0.0386277379503198,0.1173619050491595,ORIGINAL_AFFECTED
apache__shardingsphere,0,27,0.0386277379503198,0.1173619050491595,ORIGINAL_AFFECTED
apache__shardingsphere,0,28,0.0386277379503198,0.1173619050491595,ORIGINAL_AFFECTED
apache__shardingsphere,0,29,0.0386277379503198,0.1173619050491595,ORIGINAL_AFFECTED
apache__shardingsphere,0,30,0.0386277379503198,0.1173619050491595,ORIGINAL_AFFECTED
apache__shardingsphere,5,1,0.9462642527135684,0.9375250204044094,ORIGINAL_AFFECTED
apache__shardingsphere,5,2,0.9271453271808155,0.8949995466091721,ORIGINAL_AFFECTED
apache__shardingsphere,5,3,0.9361711155544624,0.9284501691956027,ORIGINAL_AFFECTED
apache__shardingsphere,5,4,0.9294073651640108,0.9248573972883406,ORIGINAL_AFFECTED
apache__shardingsphere,5,5,0.93407578821754,0.916636732983712,ORIGINAL_AFFECTED
apache__shardingsphere,5,6,0.932676880084884,0.9164690806398044,ORIGINAL_AFFECTED
apache__shardingsphere,5,7,0.9327500300643704,0.9202882747076728,ORIGINAL_AFFECTED
apache__shardingsphere,5,8,0.9285192400607474,0.9214921414491384,ORIGINAL_AFFECTED
apache__shardingsphere,5,9,0.94049276799947,0.9332397799128604,ORIGINAL_AFFECTED
apache__shardingsphere,5,10,0.9363439131529846,0.928456754659436,ORIGINAL_AFFECTED
apache__shardingsphere,5,11,0.9338222871245168,0.9265853716159412,ORIGINAL_AFFECTED
apache__shardingsphere,5,12,0.9302313277688704,0.8897883988357811,ORIGINAL_AFFECTED
apache__shardingsphere,5,13,0.9308947361319776,0.91901134534035,ORIGINAL_AFFECTED
apache__shardingsphere,5,14,0.9318517676293548,0.9203989137929316,ORIGINAL_AFFECTED
apache__shardingsphere,5,15,0.9373467579297866,0.9245210361958628,ORIGINAL_AFFECTED
apache__shardingsphere,5,16,0.9331120450607604,0.9223865394555596,ORIGINAL_AFFECTED
apache__shardingsphere,5,17,0.9412837928943034,0.928689125544635,ORIGINAL_AFFECTED
apache__shardingsphere,5,18,0.9438630940234948,0.934357903513508,ORIGINAL_AFFECTED
apache__shardingsphere,5,19,0.9280837282688512,0.916142568262088,ORIGINAL_AFFECTED
apache__shardingsphere,5,20,0.9300925219919568,0.8949147715235126,ORIGINAL_AFFECTED
apache__shardingsphere,5,21,0.9331358845352752,0.9234919859483812,ORIGINAL_AFFECTED
apache__shardingsphere,5,22,0.9256661946599044,0.9222642307015424,ORIGINAL_AFFECTED
apache__shardingsphere,5,23,0.9482478387616712,0.9347241488558886,ORIGINAL_AFFECTED
apache__shardingsphere,5,24,0.9374289206401968,0.9170800524481488,ORIGINAL_AFFECTED
apache__shardingsphere,5,25,0.9316052703144332,0.9223710745030668,ORIGINAL_AFFECTED
apache__shardingsphere,5,26,0.9288102307163932,0.91803019936984,ORIGINAL_AFFECTED
apache__shardingsphere,5,27,0.9277544756830588,0.9231399520991064,ORIGINAL_AFFECTED
apache__shardingsphere,5,28,0.9396994396501904,0.9263357883052492,ORIGINAL_AFFECTED
apache__shardingsphere,5,29,0.9366221198772456,0.9264960858865116,ORIGINAL_AFFECTED
apache__shardingsphere,5,30,0.9266158853047308,0.9188212258735544,ORIGINAL_AFFECTED
apache__shardingsphere,10,1,0.9394390572527228,0.9284991514926147,ORIGINAL_AFFECTED
apache__shardingsphere,10,2,0.9303781065570812,0.8957590163562789,ORIGINAL_AFFECTED
apache__shardingsphere,10,3,0.9408270234081462,0.933527873716476,ORIGINAL_AFFECTED
apache__shardingsphere,10,4,0.939160128076126,0.9333346095260016,ORIGINAL_AFFECTED
apache__shardingsphere,10,5,0.9413705669468244,0.930829468882328,ORIGINAL_AFFECTED
apache__shardingsphere,10,6,0.9367259059592624,0.927943529462052,ORIGINAL_AFFECTED
apache__shardingsphere,10,7,0.9420903086461412,0.9317435856687202,ORIGINAL_AFFECTED
apache__shardingsphere,10,8,0.9295831808366308,0.9212596324806483,ORIGINAL_AFFECTED
apache__shardingsphere,10,9,0.9363855984193614,0.9268713756108152,ORIGINAL_AFFECTED
apache__shardingsphere,10,10,0.9392088376311656,0.9270942573286938,ORIGINAL_AFFECTED
apache__shardingsphere,10,11,0.930472508297682,0.9221332978005092,ORIGINAL_AFFECTED
apache__shardingsphere,10,12,0.9407172322724924,0.9286543862473556,ORIGINAL_AFFECTED
apache__shardingsphere,10,13,0.9462377190538304,0.9350958108064894,ORIGINAL_AFFECTED
apache__shardingsphere,10,14,0.9268321118316908,0.9194393628086188,ORIGINAL_AFFECTED
apache__shardingsphere,10,15,0.9402133867524648,0.933867992197024,ORIGINAL_AFFECTED
apache__shardingsphere,10,16,0.9402534254155696,0.9313918160510154,ORIGINAL_AFFECTED
apache__shardingsphere,10,17,0.9428106715196618,0.9322448374440468,ORIGINAL_AFFECTED
apache__shardingsphere,10,18,0.9388976419318688,0.9311759851673652,ORIGINAL_AFFECTED
apache__shardingsphere,10,19,0.9311688702373436,0.923222833416168,ORIGINAL_AFFECTED
apache__shardingsphere,10,20,0.9457011551115015,0.9337687363360924,ORIGINAL_AFFECTED
apache__shardingsphere,10,21,0.9407451121244552,0.9288645676265402,ORIGINAL_AFFECTED
apache__shardingsphere,10,22,0.9231287694605896,0.9159060599748527,ORIGINAL_AFFECTED
apache__shardingsphere,10,23,0.9478157237199534,0.9347251509617228,ORIGINAL_AFFECTED
apache__shardingsphere,10,24,0.9424646745231854,0.927981146676574,ORIGINAL_AFFECTED
apache__shardingsphere,10,25,0.9335420686492684,0.9255383780281397,ORIGINAL_AFFECTED
apache__shardingsphere,10,26,0.9283556875913658,0.9173084045572693,ORIGINAL_AFFECTED
apache__shardingsphere,10,27,0.9352891885086768,0.9275988176298404,ORIGINAL_AFFECTED
apache__shardingsphere,10,28,0.9363971605904392,0.9257166362520136,ORIGINAL_AFFECTED
apache__shardingsphere,10,29,0.9446911936746945,0.9305422133012956,ORIGINAL_AFFECTED
apache__shardingsphere,10,30,0.9262340773188044,0.920634063486812,ORIGINAL_AFFECTED
apache__shardingsphere,15,1,0.9412100955485664,0.9327207976601116,ORIGINAL_AFFECTED
apache__shardingsphere,15,2,0.9335081334357668,0.9254404294258596,ORIGINAL_AFFECTED
apache__shardingsphere,15,3,0.9373651845114652,0.929985217494602,ORIGINAL_AFFECTED
apache__shardingsphere,15,4,0.9407220684501792,0.931369861312118,ORIGINAL_AFFECTED
apache__shardingsphere,15,5,0.9410900919139508,0.931078945303834,ORIGINAL_AFFECTED
apache__shardingsphere,15,6,0.9403480763105776,0.9304197686814688,ORIGINAL_AFFECTED
apache__shardingsphere,15,7,0.9375086342232528,0.9292667040048608,ORIGINAL_AFFECTED
apache__shardingsphere,15,8,0.9335803921003126,0.9258566388955712,ORIGINAL_AFFECTED
apache__shardingsphere,15,9,0.9337059098592576,0.9243976447615792,ORIGINAL_AFFECTED
apache__shardingsphere,15,10,0.934564576915072,0.92394088762044,ORIGINAL_AFFECTED
apache__shardingsphere,15,11,0.9343823156369622,0.92571725086832,ORIGINAL_AFFECTED
apache__shardingsphere,15,12,0.9347762083990152,0.924915308146268,ORIGINAL_AFFECTED
apache__shardingsphere,15,13,0.9423632452277314,0.9330179281989552,ORIGINAL_AFFECTED
apache__shardingsphere,15,14,0.9269953597737725,0.9199177813324626,ORIGINAL_AFFECTED
apache__shardingsphere,15,15,0.9377553289984768,0.9322836904586418,ORIGINAL_AFFECTED
apache__shardingsphere,15,16,0.9368895252340026,0.928963571819458,ORIGINAL_AFFECTED
apache__shardingsphere,15,17,0.9391460000229904,0.9279661646383884,ORIGINAL_AFFECTED
apache__shardingsphere,15,18,0.940007530646601,0.9318427623573888,ORIGINAL_AFFECTED
apache__shardingsphere,15,19,0.9328668333231142,0.9241424404800476,ORIGINAL_AFFECTED
apache__shardingsphere,15,20,0.9410460391158388,0.9322828546123544,ORIGINAL_AFFECTED
apache__shardingsphere,15,21,0.9408753109262976,0.927943054335531,ORIGINAL_AFFECTED
apache__shardingsphere,15,22,0.9308467272255232,0.9200390995847167,ORIGINAL_AFFECTED
apache__shardingsphere,15,23,0.94580645864045,0.9333529908182476,ORIGINAL_AFFECTED
apache__shardingsphere,15,24,0.9393441521295708,0.927392375566974,ORIGINAL_AFFECTED
apache__shardingsphere,15,25,0.9297022249100416,0.9217078388298028,ORIGINAL_AFFECTED
apache__shardingsphere,15,26,0.931533228006724,0.9206597793265798,ORIGINAL_AFFECTED
apache__shardingsphere,15,27,0.9334475242704748,0.9277176499817916,ORIGINAL_AFFECTED
apache__shardingsphere,15,28,0.9339253972298154,0.9229660004767788,ORIGINAL_AFFECTED
apache__shardingsphere,15,29,0.9426176845761366,0.9283826849211588,ORIGINAL_AFFECTED
apache__shardingsphere,15,30,0.9262070726353188,0.919430491450815,ORIGINAL_AFFECTED
apache__shardingsphere,20,1,0.943510151939878,0.9363231063025268,ORIGINAL_AFFECTED
apache__shardingsphere,20,2,0.9320880528770192,0.9265681628163012,ORIGINAL_AFFECTED
apache__shardingsphere,20,3,0.9374124873121492,0.9294116325612678,ORIGINAL_AFFECTED
apache__shardingsphere,20,4,0.9370973014953908,0.9282199096561649,ORIGINAL_AFFECTED
apache__shardingsphere,20,5,0.941809980390592,0.9329987592605088,ORIGINAL_AFFECTED
apache__shardingsphere,20,6,0.9403693967190772,0.9305544142602584,ORIGINAL_AFFECTED
apache__shardingsphere,20,7,0.9373895627193872,0.9290636809893036,ORIGINAL_AFFECTED
apache__shardingsphere,20,8,0.935766089014224,0.9278628429194689,ORIGINAL_AFFECTED
apache__shardingsphere,20,9,0.9313945709541775,0.9220573979645303,ORIGINAL_AFFECTED
apache__shardingsphere,20,10,0.930513593577782,0.92140119957569,ORIGINAL_AFFECTED
apache__shardingsphere,20,11,0.9348042124572776,0.9255918519296626,ORIGINAL_AFFECTED
apache__shardingsphere,20,12,0.9349402632755645,0.9243465430951012,ORIGINAL_AFFECTED
apache__shardingsphere,20,13,0.9419302610665856,0.9339006101738908,ORIGINAL_AFFECTED
apache__shardingsphere,20,14,0.9293113661927096,0.921121986081364,ORIGINAL_AFFECTED
apache__shardingsphere,20,15,0.936624030384563,0.9259308686913736,ORIGINAL_AFFECTED
apache__shardingsphere,20,16,0.9389759537316272,0.9310355651486936,ORIGINAL_AFFECTED
apache__shardingsphere,20,17,0.9340088157096068,0.9251254544332598,ORIGINAL_AFFECTED
apache__shardingsphere,20,18,0.9399968319832728,0.93473705897914,ORIGINAL_AFFECTED
apache__shardingsphere,20,19,0.9344691832625692,0.9235586247861736,ORIGINAL_AFFECTED
apache__shardingsphere,20,20,0.9410064147593604,0.9330129920452452,ORIGINAL_AFFECTED
apache__shardingsphere,20,21,0.9417225734605216,0.9301364131381756,ORIGINAL_AFFECTED
apache__shardingsphere,20,22,0.9407547634142496,0.9293512520527548,ORIGINAL_AFFECTED
apache__shardingsphere,20,23,0.9413214739784604,0.928715035050442,ORIGINAL_AFFECTED
apache__shardingsphere,20,24,0.9388652952403804,0.9274904593920248,ORIGINAL_AFFECTED
apache__shardingsphere,20,25,0.9313528402741942,0.9229416356725252,ORIGINAL_AFFECTED
apache__shardingsphere,20,26,0.9372524198157192,0.927763181794668,ORIGINAL_AFFECTED
apache__shardingsphere,20,27,0.9359869203122224,0.9309463370847624,ORIGINAL_AFFECTED
apache__shardingsphere,20,28,0.9365906400339924,0.9273098112721114,ORIGINAL_AFFECTED
apache__shardingsphere,20,29,0.944651067320755,0.9320475069528013,ORIGINAL_AFFECTED
apache__shardingsphere,20,30,0.9278910894773704,0.9190028886913056,ORIGINAL_AFFECTED
apache__shardingsphere,25,1,0.9408936750517322,0.930972674799551,ORIGINAL_AFFECTED
apache__shardingsphere,25,2,0.936513341847274,0.9299552469864256,ORIGINAL_AFFECTED
apache__shardingsphere,25,3,0.9342639164462718,0.926701046966152,ORIGINAL_AFFECTED
apache__shardingsphere,25,4,0.9347300551440264,0.9259942904332732,ORIGINAL_AFFECTED
apache__shardingsphere,25,5,0.9381467214479547,0.9302489772298838,ORIGINAL_AFFECTED
apache__shardingsphere,25,6,0.936701851904054,0.927059865209918,ORIGINAL_AFFECTED
apache__shardingsphere,25,7,0.9402825114735792,0.9303524559616432,ORIGINAL_AFFECTED
apache__shardingsphere,25,8,0.9339124202028206,0.9237250141434318,ORIGINAL_AFFECTED
apache__shardingsphere,25,9,0.9305709571314468,0.9203667941267476,ORIGINAL_AFFECTED
apache__shardingsphere,25,10,0.9329853150890756,0.9235001989399072,ORIGINAL_AFFECTED
apache__shardingsphere,25,11,0.9368861798095584,0.928754495271918,ORIGINAL_AFFECTED
apache__shardingsphere,25,12,0.9339437528492068,0.9217418081368108,ORIGINAL_AFFECTED
apache__shardingsphere,25,13,0.9396096298017592,0.9328857362390532,ORIGINAL_AFFECTED
apache__shardingsphere,25,14,0.935349871484536,0.9270481036603124,ORIGINAL_AFFECTED
apache__shardingsphere,25,15,0.9409010043434016,0.9295434607502372,ORIGINAL_AFFECTED
apache__shardingsphere,25,16,0.937267395422024,0.9264714206314686,ORIGINAL_AFFECTED
apache__shardingsphere,25,17,0.931209956025092,0.9248548292695884,ORIGINAL_AFFECTED
apache__shardingsphere,25,18,0.9372945861268736,0.9307733803509944,ORIGINAL_AFFECTED
apache__shardingsphere,25,19,0.93225773616364,0.9212279977018056,ORIGINAL_AFFECTED
apache__shardingsphere,25,20,0.9375081544456048,0.929783452524052,ORIGINAL_AFFECTED
apache__shardingsphere,25,21,0.9393342549497696,0.928586483565139,ORIGINAL_AFFECTED
apache__shardingsphere,25,22,0.9375091123917092,0.9249661538210148,ORIGINAL_AFFECTED
apache__shardingsphere,25,23,0.9379745160001356,0.9239513262677356,ORIGINAL_AFFECTED
apache__shardingsphere,25,24,0.9413853062107056,0.931235059514803,ORIGINAL_AFFECTED
apache__shardingsphere,25,25,0.93132795662519,0.9211404634435088,ORIGINAL_AFFECTED
apache__shardingsphere,25,26,0.934927937932315,0.9282834550700616,ORIGINAL_AFFECTED
apache__shardingsphere,25,27,0.9341302758176104,0.9296322203749696,ORIGINAL_AFFECTED
apache__shardingsphere,25,28,0.9386191436934262,0.9274549765455338,ORIGINAL_AFFECTED
apache__shardingsphere,25,29,0.9442863269473056,0.9319562980494708,ORIGINAL_AFFECTED
apache__shardingsphere,25,30,0.9324567389105332,0.9236837576986174,ORIGINAL_AFFECTED
apache__shardingsphere,30,1,0.939231135352178,0.9292067867310654,ORIGINAL_AFFECTED
apache__shardingsphere,30,2,0.9336328207300896,0.9285073430474412,ORIGINAL_AFFECTED
apache__shardingsphere,30,3,0.9329692883615982,0.9254167494243832,ORIGINAL_AFFECTED
apache__shardingsphere,30,4,0.9316243039456904,0.92240679076097,ORIGINAL_AFFECTED
apache__shardingsphere,30,5,0.9350004102660202,0.927522606815483,ORIGINAL_AFFECTED
apache__shardingsphere,30,6,0.9335441503059374,0.9228643184587046,ORIGINAL_AFFECTED
apache__shardingsphere,30,7,0.9421272458197302,0.9312110186354168,ORIGINAL_AFFECTED
apache__shardingsphere,30,8,0.9324413662467504,0.9219690531909924,ORIGINAL_AFFECTED
apache__shardingsphere,30,9,0.9326479545263364,0.921351243195068,ORIGINAL_AFFECTED
apache__shardingsphere,30,10,0.9305654447706876,0.9198169854858952,ORIGINAL_AFFECTED
apache__shardingsphere,30,11,0.933972693098376,0.9255766406411864,ORIGINAL_AFFECTED
apache__shardingsphere,30,12,0.9345558196158348,0.9215700244565648,ORIGINAL_AFFECTED
apache__shardingsphere,30,13,0.936198233861254,0.928135978364127,ORIGINAL_AFFECTED
apache__shardingsphere,30,14,0.9338942171609402,0.925165264969742,ORIGINAL_AFFECTED
apache__shardingsphere,30,15,0.9379430792220133,0.9277163012686476,ORIGINAL_AFFECTED
apache__shardingsphere,30,16,0.935795039426349,0.9264160126726436,ORIGINAL_AFFECTED
apache__shardingsphere,30,17,0.9294445985496534,0.9215332978161722,ORIGINAL_AFFECTED
apache__shardingsphere,30,18,0.934923047924356,0.9261501107022118,ORIGINAL_AFFECTED
apache__shardingsphere,30,19,0.9351301905796991,0.9256990952938996,ORIGINAL_AFFECTED
apache__shardingsphere,30,20,0.9398236781265288,0.9326472832679262,ORIGINAL_AFFECTED
apache__shardingsphere,30,21,0.9365859394269646,0.926769520396054,ORIGINAL_AFFECTED
apache__shardingsphere,30,22,0.9357736666026962,0.9241701262835106,ORIGINAL_AFFECTED
apache__shardingsphere,30,23,0.9349881981900112,0.921064839188257,ORIGINAL_AFFECTED
apache__shardingsphere,30,24,0.9390158712232776,0.929192109938082,ORIGINAL_AFFECTED
apache__shardingsphere,30,25,0.932635863231171,0.923165841996762,ORIGINAL_AFFECTED
apache__shardingsphere,30,26,0.9325960712356098,0.9272154070295674,ORIGINAL_AFFECTED
apache__shardingsphere,30,27,0.9382756306859676,0.93454403850644,ORIGINAL_AFFECTED
apache__shardingsphere,30,28,0.939947585405346,0.9302561069641516,ORIGINAL_AFFECTED
apache__shardingsphere,30,29,0.9405198911943252,0.9281975372237627,ORIGINAL_AFFECTED
apache__shardingsphere,30,30,0.933620024282646,0.92601526328192,ORIGINAL_AFFECTED
apache__shardingsphere,40,1,0.9375707052345982,0.9283955532036908,ORIGINAL_AFFECTED
apache__shardingsphere,40,2,0.9338623404208864,0.9271049281721518,ORIGINAL_AFFECTED
apache__shardingsphere,40,3,0.9324613702529042,0.9232099887977472,ORIGINAL_AFFECTED
apache__shardingsphere,40,4,0.9335692728859208,0.9226535500578622,ORIGINAL_AFFECTED
apache__shardingsphere,40,5,0.934066566409884,0.926728130825466,ORIGINAL_AFFECTED
apache__shardingsphere,40,6,0.930977527823004,0.92371115196548,ORIGINAL_AFFECTED
apache__shardingsphere,40,7,0.9380615175742574,0.92693304941696,ORIGINAL_AFFECTED
apache__shardingsphere,40,8,0.9343364913187016,0.9259781740137102,ORIGINAL_AFFECTED
apache__shardingsphere,40,9,0.9303441011378184,0.9179982184788088,ORIGINAL_AFFECTED
apache__shardingsphere,40,10,0.9281904415685976,0.9183431208229226,ORIGINAL_AFFECTED
apache__shardingsphere,40,11,0.9304127677994066,0.9244760750177188,ORIGINAL_AFFECTED
apache__shardingsphere,40,12,0.9309641093878934,0.9186787428383186,ORIGINAL_AFFECTED
apache__shardingsphere,40,13,0.9333353362253276,0.9245946776115146,ORIGINAL_AFFECTED
apache__shardingsphere,40,14,0.9380285548623196,0.930988441252468,ORIGINAL_AFFECTED
apache__shardingsphere,40,15,0.9327078300127062,0.9242549455793524,ORIGINAL_AFFECTED
apache__shardingsphere,40,16,0.933974323990343,0.9272959762824792,ORIGINAL_AFFECTED
apache__shardingsphere,40,17,0.928592805957318,0.9200915694694464,ORIGINAL_AFFECTED
apache__shardingsphere,40,18,0.9326689487537524,0.9241681275035064,ORIGINAL_AFFECTED
apache__shardingsphere,40,19,0.9347515912886902,0.9264688367830376,ORIGINAL_AFFECTED
apache__shardingsphere,40,20,0.9372602834097742,0.9287577906602024,ORIGINAL_AFFECTED
apache__shardingsphere,40,21,0.9340595499662326,0.9250864543700305,ORIGINAL_AFFECTED
apache__shardingsphere,40,22,0.9379248302873022,0.9270710482365948,ORIGINAL_AFFECTED
apache__shardingsphere,40,23,0.9333962932389084,0.9209943849416438,ORIGINAL_AFFECTED
apache__shardingsphere,40,24,0.9347512192440892,0.9240743549198026,ORIGINAL_AFFECTED
apache__shardingsphere,40,25,0.931616449740527,0.9215522513403028,ORIGINAL_AFFECTED
apache__shardingsphere,40,26,0.9310830994131316,0.9262787902895094,ORIGINAL_AFFECTED
apache__shardingsphere,40,27,0.93720095280819,0.93062336853291,ORIGINAL_AFFECTED
apache__shardingsphere,40,28,0.9385556335403492,0.928129627361408,ORIGINAL_AFFECTED
apache__shardingsphere,40,29,0.934561649978394,0.922436307496614,ORIGINAL_AFFECTED
apache__shardingsphere,40,30,0.9366689186514666,0.927599593304181,ORIGINAL_AFFECTED
apache__shardingsphere,50,1,0.933167865087448,0.9243120025614932,ORIGINAL_AFFECTED
apache__shardingsphere,50,2,0.93636902230883,0.927961400272086,ORIGINAL_AFFECTED
apache__shardingsphere,50,3,0.934943564789791,0.9249000208441542,ORIGINAL_AFFECTED
apache__shardingsphere,50,4,0.9353725107921308,0.9266709663067328,ORIGINAL_AFFECTED
apache__shardingsphere,50,5,0.9330271954798336,0.9273448673892708,ORIGINAL_AFFECTED
apache__shardingsphere,50,6,0.930847118644794,0.92270752723889,ORIGINAL_AFFECTED
apache__shardingsphere,50,7,0.9362832105801752,0.9270588399805204,ORIGINAL_AFFECTED
apache__shardingsphere,50,8,0.9318591037094754,0.9230322519561072,ORIGINAL_AFFECTED
apache__shardingsphere,50,9,0.934769724083686,0.9245803288548896,ORIGINAL_AFFECTED
apache__shardingsphere,50,10,0.927823581700163,0.919031176603954,ORIGINAL_AFFECTED
apache__shardingsphere,50,11,0.931516159401484,0.9261948095222484,ORIGINAL_AFFECTED
apache__shardingsphere,50,12,0.9343281058941691,0.9243241838179588,ORIGINAL_AFFECTED
apache__shardingsphere,50,13,0.9329238030097212,0.9229245320929412,ORIGINAL_AFFECTED
apache__shardingsphere,50,14,0.93619531243507,0.928387121464488,ORIGINAL_AFFECTED
apache__shardingsphere,50,15,0.9299018749797447,0.9215196411921136,ORIGINAL_AFFECTED
apache__shardingsphere,50,16,0.9298955989087436,0.9224411775832064,ORIGINAL_AFFECTED
apache__shardingsphere,50,17,0.9283561992547296,0.9185540416154444,ORIGINAL_AFFECTED
apache__shardingsphere,50,18,0.9295271463421568,0.9211544855231611,ORIGINAL_AFFECTED
apache__shardingsphere,50,19,0.9318950423482384,0.9234959528845604,ORIGINAL_AFFECTED
apache__shardingsphere,50,20,0.9347560863631608,0.9256036410843238,ORIGINAL_AFFECTED
apache__shardingsphere,50,21,0.9341430631625436,0.9249853829542464,ORIGINAL_AFFECTED
apache__shardingsphere,50,22,0.9341516105552752,0.9240480345754872,ORIGINAL_AFFECTED
apache__shardingsphere,50,23,0.9280781678448258,0.9159527929622204,ORIGINAL_AFFECTED
apache__shardingsphere,50,24,0.9331752519385992,0.9250537645829136,ORIGINAL_AFFECTED
apache__shardingsphere,50,25,0.9314552117164204,0.9199920889566198,ORIGINAL_AFFECTED
apache__shardingsphere,50,26,0.9323462097769848,0.9256577106754528,ORIGINAL_AFFECTED
apache__shardingsphere,50,27,0.9348187452335724,0.927121246272936,ORIGINAL_AFFECTED
apache__shardingsphere,50,28,0.9358335279679808,0.9257091372724652,ORIGINAL_AFFECTED
apache__shardingsphere,50,29,0.9299662816377112,0.919051161644214,ORIGINAL_AFFECTED
apache__shardingsphere,50,30,0.9319472895992392,0.9218916167449308,ORIGINAL_AFFECTED
apache__sling,0,1,0.1033106705384785,0.3644067431206876,ORIGINAL_AFFECTED
apache__sling,0,2,0.1033106705384785,0.3644067431206876,ORIGINAL_AFFECTED
apache__sling,0,3,0.1033106705384785,0.3644067431206876,ORIGINAL_AFFECTED
apache__sling,0,4,0.1033106705384785,0.3644067431206876,ORIGINAL_AFFECTED
apache__sling,0,5,0.1033106705384785,0.3644067431206876,ORIGINAL_AFFECTED
apache__sling,0,6,0.1033106705384785,0.3644067431206876,ORIGINAL_AFFECTED
apache__sling,0,7,0.1033106705384785,0.3644067431206876,ORIGINAL_AFFECTED
apache__sling,0,8,0.1033106705384785,0.3644067431206876,ORIGINAL_AFFECTED
apache__sling,0,9,0.1033106705384785,0.3644067431206876,ORIGINAL_AFFECTED
apache__sling,0,10,0.1033106705384785,0.3644067431206876,ORIGINAL_AFFECTED
apache__sling,0,11,0.1033106705384785,0.3644067431206876,ORIGINAL_AFFECTED
apache__sling,0,12,0.1033106705384785,0.3644067431206876,ORIGINAL_AFFECTED
apache__sling,0,13,0.1033106705384785,0.3644067431206876,ORIGINAL_AFFECTED
apache__sling,0,14,0.1033106705384785,0.3644067431206876,ORIGINAL_AFFECTED
apache__sling,0,15,0.1033106705384785,0.3644067431206876,ORIGINAL_AFFECTED
apache__sling,0,16,0.1033106705384785,0.3644067431206876,ORIGINAL_AFFECTED
apache__sling,0,17,0.1033106705384785,0.3644067431206876,ORIGINAL_AFFECTED
apache__sling,0,18,0.1033106705384785,0.3644067431206876,ORIGINAL_AFFECTED
apache__sling,0,19,0.1033106705384785,0.3644067431206876,ORIGINAL_AFFECTED
apache__sling,0,20,0.1033106705384785,0.3644067431206876,ORIGINAL_AFFECTED
apache__sling,0,21,0.1033106705384785,0.3644067431206876,ORIGINAL_AFFECTED
apache__sling,0,22,0.1033106705384785,0.3644067431206876,ORIGINAL_AFFECTED
apache__sling,0,23,0.1033106705384785,0.3644067431206876,ORIGINAL_AFFECTED
apache__sling,0,24,0.1033106705384785,0.3644067431206876,ORIGINAL_AFFECTED
apache__sling,0,25,0.1033106705384785,0.3644067431206876,ORIGINAL_AFFECTED
apache__sling,0,26,0.1033106705384785,0.3644067431206876,ORIGINAL_AFFECTED
apache__sling,0,27,0.1033106705384785,0.3644067431206876,ORIGINAL_AFFECTED
apache__sling,0,28,0.1033106705384785,0.3644067431206876,ORIGINAL_AFFECTED
apache__sling,0,29,0.1033106705384785,0.3644067431206876,ORIGINAL_AFFECTED
apache__sling,0,30,0.1033106705384785,0.3644067431206876,ORIGINAL_AFFECTED
apache__sling,5,1,0.8943380249574483,0.8479478300747182,ORIGINAL_AFFECTED
apache__sling,5,2,0.8934013585812712,0.8250328372204304,ORIGINAL_AFFECTED
apache__sling,5,3,0.918126909022137,0.8616214821650267,ORIGINAL_AFFECTED
apache__sling,5,4,0.9217067509834048,0.8678333082506852,ORIGINAL_AFFECTED
apache__sling,5,5,0.9197447868496654,0.8538296285997689,ORIGINAL_AFFECTED
apache__sling,5,6,0.9082354772104072,0.8370535849859517,ORIGINAL_AFFECTED
apache__sling,5,7,0.8935547607548369,0.8241253867255315,ORIGINAL_AFFECTED
apache__sling,5,8,0.914416966852508,0.8608266491188297,ORIGINAL_AFFECTED
apache__sling,5,9,0.9251049789426206,0.8632219144297496,ORIGINAL_AFFECTED
apache__sling,5,10,0.9016663107425268,0.8408495032800932,ORIGINAL_AFFECTED
apache__sling,5,11,0.9040036854783844,0.8448012662561629,ORIGINAL_AFFECTED
apache__sling,5,12,0.9117821408104194,0.8627451082033858,ORIGINAL_AFFECTED
apache__sling,5,13,0.884633106052162,0.8410161455033228,ORIGINAL_AFFECTED
apache__sling,5,14,0.890326793157894,0.8426996459052098,ORIGINAL_AFFECTED
apache__sling,5,15,0.900838100481533,0.8322434703237942,ORIGINAL_AFFECTED
apache__sling,5,16,0.9227026096273546,0.8693936205408678,ORIGINAL_AFFECTED
apache__sling,5,17,0.9159152116425376,0.854628324326975,ORIGINAL_AFFECTED
apache__sling,5,18,0.89877466551247,0.8505621681313339,ORIGINAL_AFFECTED
apache__sling,5,19,0.8899642401650564,0.834271522607286,ORIGINAL_AFFECTED
apache__sling,5,20,0.9058785825901032,0.849554618221689,ORIGINAL_AFFECTED
apache__sling,5,21,0.9071119628952546,0.8470929250613697,ORIGINAL_AFFECTED
apache__sling,5,22,0.8956123315363139,0.8264073940117275,ORIGINAL_AFFECTED
apache__sling,5,23,0.9106893605249096,0.8655219578533145,ORIGINAL_AFFECTED
apache__sling,5,24,0.89423388749307,0.8174615084159805,ORIGINAL_AFFECTED
apache__sling,5,25,0.8955061754496323,0.83338577317308,ORIGINAL_AFFECTED
apache__sling,5,26,0.8956077514422267,0.8426652924702004,ORIGINAL_AFFECTED
apache__sling,5,27,0.9026038145934002,0.8615876953675037,ORIGINAL_AFFECTED
apache__sling,5,28,0.9268483040630128,0.8681790193726299,ORIGINAL_AFFECTED
apache__sling,5,29,0.9260034998900788,0.8629273848190969,ORIGINAL_AFFECTED
apache__sling,5,30,0.8838248965611752,0.8244206643881716,ORIGINAL_AFFECTED
apache__sling,10,1,0.911945838415614,0.8648473005854065,ORIGINAL_AFFECTED
apache__sling,10,2,0.8971025392565082,0.8453693434074557,ORIGINAL_AFFECTED
apache__sling,10,3,0.9173621851472582,0.8590977084976584,ORIGINAL_AFFECTED
apache__sling,10,4,0.9135464059270428,0.8634916093581779,ORIGINAL_AFFECTED
apache__sling,10,5,0.9042278927038148,0.8423167928606605,ORIGINAL_AFFECTED
apache__sling,10,6,0.9210527884341884,0.8550362733906384,ORIGINAL_AFFECTED
apache__sling,10,7,0.8847432303167112,0.8338570284299953,ORIGINAL_AFFECTED
apache__sling,10,8,0.925303838760677,0.8758277825639484,ORIGINAL_AFFECTED
apache__sling,10,9,0.9248617018201776,0.8725692514148428,ORIGINAL_AFFECTED
apache__sling,10,10,0.8925660627933446,0.8323365188360948,ORIGINAL_AFFECTED
apache__sling,10,11,0.9038762391332248,0.8422080309222096,ORIGINAL_AFFECTED
apache__sling,10,12,0.9167978087125682,0.8633866816672152,ORIGINAL_AFFECTED
apache__sling,10,13,0.8727602423810246,0.8247179440364641,ORIGINAL_AFFECTED
apache__sling,10,14,0.9032779063642034,0.8458838248425686,ORIGINAL_AFFECTED
apache__sling,10,15,0.8989013111388474,0.8400089427580365,ORIGINAL_AFFECTED
apache__sling,10,16,0.910240493712779,0.8625587478209411,ORIGINAL_AFFECTED
apache__sling,10,17,0.9244189051998838,0.870591852746052,ORIGINAL_AFFECTED
apache__sling,10,18,0.9148035807364536,0.8588393330702931,ORIGINAL_AFFECTED
apache__sling,10,19,0.904048359883145,0.8430990675836645,ORIGINAL_AFFECTED
apache__sling,10,20,0.8978707981046142,0.8482479777632282,ORIGINAL_AFFECTED
apache__sling,10,21,0.8869157095506295,0.8233306139159774,ORIGINAL_AFFECTED
apache__sling,10,22,0.9142710496938742,0.8373887482995569,ORIGINAL_AFFECTED
apache__sling,10,23,0.9011824254083356,0.8419407856906784,ORIGINAL_AFFECTED
apache__sling,10,24,0.9055531995815538,0.846542113486282,ORIGINAL_AFFECTED
apache__sling,10,25,0.892541449446206,0.8360964574463586,ORIGINAL_AFFECTED
apache__sling,10,26,0.8973003620374754,0.8343805327997117,ORIGINAL_AFFECTED
apache__sling,10,27,0.89117804490455,0.8399102839235629,ORIGINAL_AFFECTED
apache__sling,10,28,0.911735360611727,0.8621394061096633,ORIGINAL_AFFECTED
apache__sling,10,29,0.9245919919393416,0.8542413350509279,ORIGINAL_AFFECTED
apache__sling,10,30,0.8759692334471681,0.8233617739779985,ORIGINAL_AFFECTED
apache__sling,15,1,0.9082531962497477,0.850063426705448,ORIGINAL_AFFECTED
apache__sling,15,2,0.910230617790261,0.8624430828058797,ORIGINAL_AFFECTED
apache__sling,15,3,0.924220841259482,0.8779583133578752,ORIGINAL_AFFECTED
apache__sling,15,4,0.9205447434553876,0.8741007113223072,ORIGINAL_AFFECTED
apache__sling,15,5,0.9066622975732982,0.852330462781452,ORIGINAL_AFFECTED
apache__sling,15,6,0.9237432930881329,0.8633857368007275,ORIGINAL_AFFECTED
apache__sling,15,7,0.8803833561113942,0.8292263837654277,ORIGINAL_AFFECTED
apache__sling,15,8,0.9300004106723286,0.8724846134093935,ORIGINAL_AFFECTED
apache__sling,15,9,0.9346839078369916,0.8740333648288164,ORIGINAL_AFFECTED
apache__sling,15,10,0.8929527700316529,0.8244773342535101,ORIGINAL_AFFECTED
apache__sling,15,11,0.9012452962504128,0.8359812746671685,ORIGINAL_AFFECTED
apache__sling,15,12,0.9037484990568618,0.846250285685383,ORIGINAL_AFFECTED
apache__sling,15,13,0.8805541194442515,0.8238140795979428,ORIGINAL_AFFECTED
apache__sling,15,14,0.8932797305230166,0.834317110809509,ORIGINAL_AFFECTED
apache__sling,15,15,0.9079019474604064,0.8420529092540493,ORIGINAL_AFFECTED
apache__sling,15,16,0.9125210870592424,0.8589651289113039,ORIGINAL_AFFECTED
apache__sling,15,17,0.9233411269102324,0.873954411635836,ORIGINAL_AFFECTED
apache__sling,15,18,0.9330760370285336,0.8776562996445235,ORIGINAL_AFFECTED
apache__sling,15,19,0.8950758172118082,0.833924718069162,ORIGINAL_AFFECTED
apache__sling,15,20,0.893323023019983,0.8380283753222191,ORIGINAL_AFFECTED
apache__sling,15,21,0.9074042257161904,0.8494660900370575,ORIGINAL_AFFECTED
apache__sling,15,22,0.9076567789852572,0.8318337312957599,ORIGINAL_AFFECTED
apache__sling,15,23,0.9021921760017886,0.8430810975493417,ORIGINAL_AFFECTED
apache__sling,15,24,0.9057906474057636,0.8469571223114865,ORIGINAL_AFFECTED
apache__sling,15,25,0.9292296824517696,0.883503419117203,ORIGINAL_AFFECTED
apache__sling,15,26,0.8942847788344155,0.8330672644446812,ORIGINAL_AFFECTED
apache__sling,15,27,0.8936920313987619,0.8368545471639255,ORIGINAL_AFFECTED
apache__sling,15,28,0.9011067206695902,0.8480060097608497,ORIGINAL_AFFECTED
apache__sling,15,29,0.9196180003752272,0.857927504132526,ORIGINAL_AFFECTED
apache__sling,15,30,0.8963427710306645,0.8300821244590516,ORIGINAL_AFFECTED
apache__sling,20,1,0.9177136374040348,0.8570736475259094,ORIGINAL_AFFECTED
apache__sling,20,2,0.907780277920227,0.8532522894270863,ORIGINAL_AFFECTED
apache__sling,20,3,0.9225541760532346,0.8768276825979843,ORIGINAL_AFFECTED
apache__sling,20,4,0.9110521210235296,0.8500598084551987,ORIGINAL_AFFECTED
apache__sling,20,5,0.915182769836098,0.856445355387332,ORIGINAL_AFFECTED
apache__sling,20,6,0.9161514821035652,0.8485671039467256,ORIGINAL_AFFECTED
apache__sling,20,7,0.9002124779314022,0.8280829287224248,ORIGINAL_AFFECTED
apache__sling,20,8,0.9268946315854052,0.864036127542439,ORIGINAL_AFFECTED
apache__sling,20,9,0.9334795389511562,0.8761734260939118,ORIGINAL_AFFECTED
apache__sling,20,10,0.8986747341213285,0.8325660092194419,ORIGINAL_AFFECTED
apache__sling,20,11,0.921335413552311,0.8564778704736574,ORIGINAL_AFFECTED
apache__sling,20,12,0.90540539742502,0.8449377653282553,ORIGINAL_AFFECTED
apache__sling,20,13,0.8950600782278119,0.8361703144635326,ORIGINAL_AFFECTED
apache__sling,20,14,0.9197897175541682,0.8671834827519079,ORIGINAL_AFFECTED
apache__sling,20,15,0.9033108386322836,0.8428458573324074,ORIGINAL_AFFECTED
apache__sling,20,16,0.9214349535857926,0.8732294961598198,ORIGINAL_AFFECTED
apache__sling,20,17,0.9172957468653236,0.8707276345388477,ORIGINAL_AFFECTED
apache__sling,20,18,0.9252419223757788,0.8581247652991971,ORIGINAL_AFFECTED
apache__sling,20,19,0.902547047687374,0.8349264391541394,ORIGINAL_AFFECTED
apache__sling,20,20,0.8921261310669415,0.8467481390342532,ORIGINAL_AFFECTED
apache__sling,20,21,0.9094809876371884,0.8611154029018344,ORIGINAL_AFFECTED
apache__sling,20,22,0.9181512842222912,0.852646147382801,ORIGINAL_AFFECTED
apache__sling,20,23,0.9064304110102132,0.8471216199201287,ORIGINAL_AFFECTED
apache__sling,20,24,0.9041410368347716,0.8480214852434033,ORIGINAL_AFFECTED
apache__sling,20,25,0.9231190191088258,0.875810027411618,ORIGINAL_AFFECTED
apache__sling,20,26,0.8922252947706723,0.8361227761662539,ORIGINAL_AFFECTED
apache__sling,20,27,0.8962501309219376,0.8356896661014076,ORIGINAL_AFFECTED
apache__sling,20,28,0.9142323720791348,0.8719987444685913,ORIGINAL_AFFECTED
apache__sling,20,29,0.9139624233073546,0.8569226870354979,ORIGINAL_AFFECTED
apache__sling,20,30,0.906293459915093,0.8382910543786721,ORIGINAL_AFFECTED
apache__sling,25,1,0.9095639065411708,0.8572284806546401,ORIGINAL_AFFECTED
apache__sling,25,2,0.9186314949571888,0.8625193183359032,ORIGINAL_AFFECTED
apache__sling,25,3,0.9287291443068404,0.8834676864174953,ORIGINAL_AFFECTED
apache__sling,25,4,0.9212134083936468,0.8615690134406678,ORIGINAL_AFFECTED
apache__sling,25,5,0.9083850703810588,0.8549911373673718,ORIGINAL_AFFECTED
apache__sling,25,6,0.9219733159199536,0.8565718734024221,ORIGINAL_AFFECTED
apache__sling,25,7,0.8957681973026149,0.8245593135251216,ORIGINAL_AFFECTED
apache__sling,25,8,0.9263031402950664,0.8658807556747495,ORIGINAL_AFFECTED
apache__sling,25,9,0.9322357105873376,0.8812433123005307,ORIGINAL_AFFECTED
apache__sling,25,10,0.8946365029080113,0.8291555610833051,ORIGINAL_AFFECTED
apache__sling,25,11,0.916106546292418,0.8481677573651477,ORIGINAL_AFFECTED
apache__sling,25,12,0.9050845605827492,0.8437254646915453,ORIGINAL_AFFECTED
apache__sling,25,13,0.8874560553727638,0.8274975371526034,ORIGINAL_AFFECTED
apache__sling,25,14,0.92842336788287,0.8605857016981237,ORIGINAL_AFFECTED
apache__sling,25,15,0.907662594588642,0.8457799477999478,ORIGINAL_AFFECTED
apache__sling,25,16,0.912057647099576,0.8595268492872572,ORIGINAL_AFFECTED
apache__sling,25,17,0.9262022177647086,0.8613829138728629,ORIGINAL_AFFECTED
apache__sling,25,18,0.9266580370802592,0.8604582624700102,ORIGINAL_AFFECTED
apache__sling,25,19,0.9001263128579611,0.8382906030870959,ORIGINAL_AFFECTED
apache__sling,25,20,0.8947216156772773,0.8512480121591698,ORIGINAL_AFFECTED
apache__sling,25,21,0.9099427562939468,0.8597053771376859,ORIGINAL_AFFECTED
apache__sling,25,22,0.9355385035957704,0.8823291797430505,ORIGINAL_AFFECTED
apache__sling,25,23,0.9252687304771172,0.8604785382672925,ORIGINAL_AFFECTED
apache__sling,25,24,0.8978720679098616,0.8362109101987801,ORIGINAL_AFFECTED
apache__sling,25,25,0.9199454324202996,0.8623677520768243,ORIGINAL_AFFECTED
apache__sling,25,26,0.8845851135421897,0.8237721479073753,ORIGINAL_AFFECTED
apache__sling,25,27,0.899794988523214,0.8459675474374734,ORIGINAL_AFFECTED
apache__sling,25,28,0.932549647902583,0.8725509396285945,ORIGINAL_AFFECTED
apache__sling,25,29,0.9062524437817346,0.845569218018841,ORIGINAL_AFFECTED
apache__sling,25,30,0.9041785630290566,0.8411009441950382,ORIGINAL_AFFECTED
apache__sling,30,1,0.9233320039762456,0.8606916955429506,ORIGINAL_AFFECTED
apache__sling,30,2,0.9137944314050522,0.8581503814334882,ORIGINAL_AFFECTED
apache__sling,30,3,0.926090121949114,0.8703249491163346,ORIGINAL_AFFECTED
apache__sling,30,4,0.9250466753700878,0.8647684099996487,ORIGINAL_AFFECTED
apache__sling,30,5,0.9147198371848412,0.8531689235423685,ORIGINAL_AFFECTED
apache__sling,30,6,0.9202049847584448,0.8467566107986683,ORIGINAL_AFFECTED
apache__sling,30,7,0.9166088980360786,0.8458433856951354,ORIGINAL_AFFECTED
apache__sling,30,8,0.9205912451387102,0.8436374353909503,ORIGINAL_AFFECTED
apache__sling,30,9,0.9377338859670916,0.8622185868324047,ORIGINAL_AFFECTED
apache__sling,30,10,0.909400997777678,0.8381483932751165,ORIGINAL_AFFECTED
apache__sling,30,11,0.9215136482561728,0.8505128234656251,ORIGINAL_AFFECTED
apache__sling,30,12,0.9017346102055614,0.8421238170746097,ORIGINAL_AFFECTED
apache__sling,30,13,0.9004246572230903,0.8342090572707269,ORIGINAL_AFFECTED
apache__sling,30,14,0.9238254319255486,0.8587693935215409,ORIGINAL_AFFECTED
apache__sling,30,15,0.910765200029818,0.8559297354966554,ORIGINAL_AFFECTED
apache__sling,30,16,0.905881485224531,0.8582491227799443,ORIGINAL_AFFECTED
apache__sling,30,17,0.9235283287078428,0.85455419011512,ORIGINAL_AFFECTED
apache__sling,30,18,0.9231904380405944,0.8554053364441668,ORIGINAL_AFFECTED
apache__sling,30,19,0.8991084606064731,0.8370377800344082,ORIGINAL_AFFECTED
apache__sling,30,20,0.8917194288685234,0.8486985164532307,ORIGINAL_AFFECTED
apache__sling,30,21,0.9118314482565544,0.862654900094622,ORIGINAL_AFFECTED
apache__sling,30,22,0.9292286490277614,0.8783143473690901,ORIGINAL_AFFECTED
apache__sling,30,23,0.932549990630062,0.8611157635888805,ORIGINAL_AFFECTED
apache__sling,30,24,0.916009655331238,0.8545796011088651,ORIGINAL_AFFECTED
apache__sling,30,25,0.9167471035908176,0.8579051356264102,ORIGINAL_AFFECTED
apache__sling,30,26,0.8957500966941426,0.8250511007789593,ORIGINAL_AFFECTED
apache__sling,30,27,0.9028421926564488,0.8360629131760411,ORIGINAL_AFFECTED
apache__sling,30,28,0.929772849961682,0.8738955821311812,ORIGINAL_AFFECTED
apache__sling,30,29,0.9033923420642116,0.8399767725858576,ORIGINAL_AFFECTED
apache__sling,30,30,0.9130952619324167,0.8561408821429706,ORIGINAL_AFFECTED
apache__sling,40,1,0.923169373428966,0.8673662764608326,ORIGINAL_AFFECTED
apache__sling,40,2,0.9124317952335812,0.8556779540688654,ORIGINAL_AFFECTED
apache__sling,40,3,0.9178178942187756,0.8579692366032683,ORIGINAL_AFFECTED
apache__sling,40,4,0.9121905681436306,0.8563074239613688,ORIGINAL_AFFECTED
apache__sling,40,5,0.909139261303072,0.8414649003715292,ORIGINAL_AFFECTED
apache__sling,40,6,0.9193439147928472,0.8541532934052283,ORIGINAL_AFFECTED
apache__sling,40,7,0.9064268405061014,0.8401945744032724,ORIGINAL_AFFECTED
apache__sling,40,8,0.9193153448652684,0.8387701334583145,ORIGINAL_AFFECTED
apache__sling,40,9,0.9290073819312687,0.8551332461609729,ORIGINAL_AFFECTED
apache__sling,40,10,0.9195857175065588,0.8527302751595158,ORIGINAL_AFFECTED
apache__sling,40,11,0.91927721970187,0.8544203736138684,ORIGINAL_AFFECTED
apache__sling,40,12,0.9020831719038572,0.8391191556247309,ORIGINAL_AFFECTED
apache__sling,40,13,0.9030904262377344,0.8344282714466869,ORIGINAL_AFFECTED
apache__sling,40,14,0.9245617268050004,0.8566292539688064,ORIGINAL_AFFECTED
apache__sling,40,15,0.9076157012899831,0.8552121547253747,ORIGINAL_AFFECTED
apache__sling,40,16,0.9054901494535385,0.857417059301636,ORIGINAL_AFFECTED
apache__sling,40,17,0.925166240751575,0.8613192562959903,ORIGINAL_AFFECTED
apache__sling,40,18,0.920235153021243,0.8501637303670594,ORIGINAL_AFFECTED
apache__sling,40,19,0.9044964607429176,0.8425383272454248,ORIGINAL_AFFECTED
apache__sling,40,20,0.888762122947059,0.8450199415583963,ORIGINAL_AFFECTED
apache__sling,40,21,0.9203707531522642,0.8458340980866513,ORIGINAL_AFFECTED
apache__sling,40,22,0.9229010298919365,0.8766552918565104,ORIGINAL_AFFECTED
apache__sling,40,23,0.9349981025354543,0.8633336795734449,ORIGINAL_AFFECTED
apache__sling,40,24,0.9161170544653736,0.8616314094916605,ORIGINAL_AFFECTED
apache__sling,40,25,0.9154381742346376,0.8568257468655517,ORIGINAL_AFFECTED
apache__sling,40,26,0.9041730456948044,0.8335146836244771,ORIGINAL_AFFECTED
apache__sling,40,27,0.899023274078977,0.8358407329706642,ORIGINAL_AFFECTED
apache__sling,40,28,0.9316744614835304,0.8694451576112687,ORIGINAL_AFFECTED
apache__sling,40,29,0.9152989122526956,0.8464086349827092,ORIGINAL_AFFECTED
apache__sling,40,30,0.90911799888445,0.8457119133866188,ORIGINAL_AFFECTED
apache__sling,50,1,0.9268701044931236,0.8657455489292877,ORIGINAL_AFFECTED
apache__sling,50,2,0.9066162151669244,0.853960107305115,ORIGINAL_AFFECTED
apache__sling,50,3,0.9207466971456078,0.8544043566273536,ORIGINAL_AFFECTED
apache__sling,50,4,0.9060230355837584,0.8462645979445608,ORIGINAL_AFFECTED
apache__sling,50,5,0.9014157392570156,0.8354830149175201,ORIGINAL_AFFECTED
apache__sling,50,6,0.9204121902727976,0.853764265695289,ORIGINAL_AFFECTED
apache__sling,50,7,0.9163053526737364,0.8577878215342741,ORIGINAL_AFFECTED
apache__sling,50,8,0.9135084025640832,0.8362527610166772,ORIGINAL_AFFECTED
apache__sling,50,9,0.9230534057546352,0.8528226725775424,ORIGINAL_AFFECTED
apache__sling,50,10,0.919714039120477,0.8471381678116435,ORIGINAL_AFFECTED
apache__sling,50,11,0.9206813152558692,0.8480198451381624,ORIGINAL_AFFECTED
apache__sling,50,12,0.9168679348487002,0.8555484160309028,ORIGINAL_AFFECTED
apache__sling,50,13,0.9000102528309131,0.8413742724959107,ORIGINAL_AFFECTED
apache__sling,50,14,0.9301730226711614,0.8650985264280068,ORIGINAL_AFFECTED
apache__sling,50,15,0.9068944428305724,0.853100910642366,ORIGINAL_AFFECTED
apache__sling,50,16,0.91934364303409,0.8587722597878864,ORIGINAL_AFFECTED
apache__sling,50,17,0.916854047611546,0.8575682913303342,ORIGINAL_AFFECTED
apache__sling,50,18,0.9139453970588356,0.8442603009270728,ORIGINAL_AFFECTED
apache__sling,50,19,0.9078295672264994,0.8497676585560816,ORIGINAL_AFFECTED
apache__sling,50,20,0.8998137066933661,0.8482580528148439,ORIGINAL_AFFECTED
apache__sling,50,21,0.9253351400820274,0.8520961680687736,ORIGINAL_AFFECTED
apache__sling,50,22,0.9346867718024052,0.8855034759314905,ORIGINAL_AFFECTED
apache__sling,50,23,0.92964800896337,0.8614820385647537,ORIGINAL_AFFECTED
apache__sling,50,24,0.9139378210642524,0.8557498394911646,ORIGINAL_AFFECTED
apache__sling,50,25,0.9250788386186054,0.8549471290681158,ORIGINAL_AFFECTED
apache__sling,50,26,0.9046574681697286,0.834204137616592,ORIGINAL_AFFECTED
apache__sling,50,27,0.9037648685649844,0.8386837314466599,ORIGINAL_AFFECTED
apache__sling,50,28,0.9329373421306896,0.871200776885123,ORIGINAL_AFFECTED
apache__sling,50,29,0.924823330005511,0.859308738975772,ORIGINAL_AFFECTED
apache__sling,50,30,0.9110485797597728,0.854297168689806,ORIGINAL_AFFECTED
cantaloupe-project__cantaloupe,0,1,0.3258830040771002,0.5695029096584818,ORIGINAL_AFFECTED
cantaloupe-project__cantaloupe,0,2,0.3258830040771002,0.5695029096584818,ORIGINAL_AFFECTED
cantaloupe-project__cantaloupe,0,3,0.3258830040771002,0.5695029096584818,ORIGINAL_AFFECTED
cantaloupe-project__cantaloupe,0,4,0.3258830040771002,0.5695029096584818,ORIGINAL_AFFECTED
cantaloupe-project__cantaloupe,0,5,0.3258830040771002,0.5695029096584818,ORIGINAL_AFFECTED
cantaloupe-project__cantaloupe,0,6,0.3258830040771002,0.5695029096584818,ORIGINAL_AFFECTED
cantaloupe-project__cantaloupe,0,7,0.3258830040771002,0.5695029096584818,ORIGINAL_AFFECTED
cantaloupe-project__cantaloupe,0,8,0.3258830040771002,0.5695029096584818,ORIGINAL_AFFECTED
cantaloupe-project__cantaloupe,0,9,0.3258830040771002,0.5695029096584818,ORIGINAL_AFFECTED
cantaloupe-project__cantaloupe,0,10,0.3258830040771002,0.5695029096584818,ORIGINAL_AFFECTED
cantaloupe-project__cantaloupe,0,11,0.3258830040771002,0.5695029096584818,ORIGINAL_AFFECTED
cantaloupe-project__cantaloupe,0,12,0.3258830040771002,0.5695029096584818,ORIGINAL_AFFECTED
cantaloupe-project__cantaloupe,0,13,0.3258830040771002,0.5695029096584818,ORIGINAL_AFFECTED
cantaloupe-project__cantaloupe,0,14,0.3258830040771002,0.5695029096584818,ORIGINAL_AFFECTED
cantaloupe-project__cantaloupe,0,15,0.3258830040771002,0.5695029096584818,ORIGINAL_AFFECTED
cantaloupe-project__cantaloupe,0,16,0.3258830040771002,0.5695029096584818,ORIGINAL_AFFECTED
cantaloupe-project__cantaloupe,0,17,0.3258830040771002,0.5695029096584818,ORIGINAL_AFFECTED
cantaloupe-project__cantaloupe,0,18,0.3258830040771002,0.5695029096584818,ORIGINAL_AFFECTED
cantaloupe-project__cantaloupe,0,19,0.3258830040771002,0.5695029096584818,ORIGINAL_AFFECTED
cantaloupe-project__cantaloupe,0,20,0.3258830040771002,0.5695029096584818,ORIGINAL_AFFECTED
cantaloupe-project__cantaloupe,0,21,0.3258830040771002,0.5695029096584818,ORIGINAL_AFFECTED
cantaloupe-project__cantaloupe,0,22,0.3258830040771002,0.5695029096584818,ORIGINAL_AFFECTED
cantaloupe-project__cantaloupe,0,23,0.3258830040771002,0.5695029096584818,ORIGINAL_AFFECTED
cantaloupe-project__cantaloupe,0,24,0.3258830040771002,0.5695029096584818,ORIGINAL_AFFECTED
cantaloupe-project__cantaloupe,0,25,0.3258830040771002,0.5695029096584818,ORIGINAL_AFFECTED
cantaloupe-project__cantaloupe,0,26,0.3258830040771002,0.5695029096584818,ORIGINAL_AFFECTED
cantaloupe-project__cantaloupe,0,27,0.3258830040771002,0.5695029096584818,ORIGINAL_AFFECTED
cantaloupe-project__cantaloupe,0,28,0.3258830040771002,0.5695029096584818,ORIGINAL_AFFECTED
cantaloupe-project__cantaloupe,0,29,0.3258830040771002,0.5695029096584818,ORIGINAL_AFFECTED
cantaloupe-project__cantaloupe,0,30,0.3258830040771002,0.5695029096584818,ORIGINAL_AFFECTED
cantaloupe-project__cantaloupe,5,1,0.6128425606857388,0.5580871328171445,ORIGINAL_AFFECTED
cantaloupe-project__cantaloupe,5,2,0.6879924018058688,0.668215103382093,ORIGINAL_AFFECTED
cantaloupe-project__cantaloupe,5,3,0.6588023150709322,0.614865126198305,ORIGINAL_AFFECTED
cantaloupe-project__cantaloupe,5,4,0.62995951137771,0.6249799534703642,ORIGINAL_AFFECTED
cantaloupe-project__cantaloupe,5,5,0.5840366601671608,0.5701231613936735,ORIGINAL_AFFECTED
cantaloupe-project__cantaloupe,5,6,0.6784871361719093,0.6366364730256427,ORIGINAL_AFFECTED
cantaloupe-project__cantaloupe,5,7,0.6054885572350986,0.5695810345485951,ORIGINAL_AFFECTED
cantaloupe-project__cantaloupe,5,8,0.6434295078069884,0.6566033773646207,ORIGINAL_AFFECTED
cantaloupe-project__cantaloupe,5,9,0.6365905807079103,0.603622659642811,ORIGINAL_AFFECTED
cantaloupe-project__cantaloupe,5,10,0.6170269828606831,0.602674633982306,ORIGINAL_AFFECTED
cantaloupe-project__cantaloupe,5,11,0.5818139710436521,0.5925793671908268,ORIGINAL_AFFECTED
cantaloupe-project__cantaloupe,5,12,0.5967737248425522,0.5910406742278719,ORIGINAL_AFFECTED
cantaloupe-project__cantaloupe,5,13,0.6721373959304736,0.6038971780964252,ORIGINAL_AFFECTED
cantaloupe-project__cantaloupe,5,14,0.5123981676007144,0.528548522431174,ORIGINAL_AFFECTED
cantaloupe-project__cantaloupe,5,15,0.6888739245829968,0.6543108656021756,ORIGINAL_AFFECTED
cantaloupe-project__cantaloupe,5,16,0.6696813917639378,0.6420131399661686,ORIGINAL_AFFECTED
cantaloupe-project__cantaloupe,5,17,0.6046382533479483,0.6001424000110264,ORIGINAL_AFFECTED
cantaloupe-project__cantaloupe,5,18,0.6183440600165722,0.5925309649155017,ORIGINAL_AFFECTED
cantaloupe-project__cantaloupe,5,19,0.6713700568447938,0.6251824614614571,ORIGINAL_AFFECTED
cantaloupe-project__cantaloupe,5,20,0.6362018736853987,0.6119555603397342,ORIGINAL_AFFECTED
cantaloupe-project__cantaloupe,5,21,0.5847436224341866,0.5766784654289638,ORIGINAL_AFFECTED
cantaloupe-project__cantaloupe,5,22,0.6437274077197386,0.6350528270166419,ORIGINAL_AFFECTED
cantaloupe-project__cantaloupe,5,23,0.661724757170614,0.6651441700626671,ORIGINAL_AFFECTED
cantaloupe-project__cantaloupe,5,24,0.6394868374417206,0.6380014877222527,ORIGINAL_AFFECTED
cantaloupe-project__cantaloupe,5,25,0.6723715136688483,0.6219511105043023,ORIGINAL_AFFECTED
cantaloupe-project__cantaloupe,5,26,0.6246708300453658,0.5759137431706555,ORIGINAL_AFFECTED
cantaloupe-project__cantaloupe,5,27,0.7114348380595895,0.701322549573307,ORIGINAL_AFFECTED
cantaloupe-project__cantaloupe,5,28,0.594570628332839,0.5762133851660703,ORIGINAL_AFFECTED
cantaloupe-project__cantaloupe,5,29,0.6136746934200357,0.5796343237385048,ORIGINAL_AFFECTED
cantaloupe-project__cantaloupe,5,30,0.6383937710013471,0.6349262743312885,ORIGINAL_AFFECTED
cantaloupe-project__cantaloupe,10,1,0.6280867370102627,0.5770896348195781,ORIGINAL_AFFECTED
cantaloupe-project__cantaloupe,10,2,0.6515731000869619,0.6330614907737496,ORIGINAL_AFFECTED
cantaloupe-project__cantaloupe,10,3,0.6633653857248655,0.602324102255804,ORIGINAL_AFFECTED
cantaloupe-project__cantaloupe,10,4,0.718900398457469,0.6881692779719547,ORIGINAL_AFFECTED
cantaloupe-project__cantaloupe,10,5,0.6430272778647591,0.6139975189132164,ORIGINAL_AFFECTED
cantaloupe-project__cantaloupe,10,6,0.6640139422056325,0.6278961304723778,ORIGINAL_AFFECTED
cantaloupe-project__cantaloupe,10,7,0.6312401255077466,0.6107095628110851,ORIGINAL_AFFECTED
cantaloupe-project__cantaloupe,10,8,0.5950130471047292,0.5940512247329149,ORIGINAL_AFFECTED
cantaloupe-project__cantaloupe,10,9,0.5832603820145966,0.6002476769304971,ORIGINAL_AFFECTED
cantaloupe-project__cantaloupe,10,10,0.6350801427590399,0.5846901630982223,ORIGINAL_AFFECTED
cantaloupe-project__cantaloupe,10,11,0.6060765234267269,0.6078106807316145,ORIGINAL_AFFECTED
cantaloupe-project__cantaloupe,10,12,0.6254354329298,0.5855828115740971,ORIGINAL_AFFECTED
cantaloupe-project__cantaloupe,10,13,0.7175431223838794,0.651194037491609,ORIGINAL_AFFECTED
cantaloupe-project__cantaloupe,10,14,0.5436337099646141,0.5242745343801837,ORIGINAL_AFFECTED
cantaloupe-project__cantaloupe,10,15,0.676126891786128,0.6266520603955639,ORIGINAL_AFFECTED
cantaloupe-project__cantaloupe,10,16,0.7106449922857961,0.6693793127765687,ORIGINAL_AFFECTED
cantaloupe-project__cantaloupe,10,17,0.6333049629850127,0.6275580135722129,ORIGINAL_AFFECTED
cantaloupe-project__cantaloupe,10,18,0.6298631804685381,0.5789935634494463,ORIGINAL_AFFECTED
cantaloupe-project__cantaloupe,10,19,0.7210309281729038,0.6596569317146024,ORIGINAL_AFFECTED
cantaloupe-project__cantaloupe,10,20,0.6391531895328043,0.6128447386716176,ORIGINAL_AFFECTED
cantaloupe-project__cantaloupe,10,21,0.7256706689984789,0.6973581156712645,ORIGINAL_AFFECTED
cantaloupe-project__cantaloupe,10,22,0.6725848095839534,0.6279752434729445,ORIGINAL_AFFECTED
cantaloupe-project__cantaloupe,10,23,0.7031538787058809,0.712018743377986,ORIGINAL_AFFECTED
cantaloupe-project__cantaloupe,10,24,0.6211079696948412,0.5886792363676502,ORIGINAL_AFFECTED
cantaloupe-project__cantaloupe,10,25,0.6914918602800251,0.6285891240289666,ORIGINAL_AFFECTED
cantaloupe-project__cantaloupe,10,26,0.6313231762455669,0.6143701954672629,ORIGINAL_AFFECTED
cantaloupe-project__cantaloupe,10,27,0.6785759467730555,0.6426686435218013,ORIGINAL_AFFECTED
cantaloupe-project__cantaloupe,10,28,0.5975947777346983,0.5741161036224459,ORIGINAL_AFFECTED
cantaloupe-project__cantaloupe,10,29,0.715143058998878,0.6440030473676358,ORIGINAL_AFFECTED
cantaloupe-project__cantaloupe,10,30,0.692552694051863,0.6576621357850668,ORIGINAL_AFFECTED
cantaloupe-project__cantaloupe,15,1,0.5995043067793819,0.5618410963133245,ORIGINAL_AFFECTED
cantaloupe-project__cantaloupe,15,2,0.6251614443554774,0.5982068526752581,ORIGINAL_AFFECTED
cantaloupe-project__cantaloupe,15,3,0.6797647331214328,0.6285969589386248,ORIGINAL_AFFECTED
cantaloupe-project__cantaloupe,15,4,0.6972776182591621,0.6637516502134904,ORIGINAL_AFFECTED
cantaloupe-project__cantaloupe,15,5,0.6612265318345065,0.6326822383387877,ORIGINAL_AFFECTED
cantaloupe-project__cantaloupe,15,6,0.6967695044890081,0.6527599539137025,ORIGINAL_AFFECTED
cantaloupe-project__cantaloupe,15,7,0.6147554048296012,0.6117808284558374,ORIGINAL_AFFECTED
cantaloupe-project__cantaloupe,15,8,0.6241283877381256,0.6135374337926215,ORIGINAL_AFFECTED
cantaloupe-project__cantaloupe,15,9,0.5426579142274018,0.551738304893214,ORIGINAL_AFFECTED
cantaloupe-project__cantaloupe,15,10,0.6044422432006847,0.569516540313209,ORIGINAL_AFFECTED
cantaloupe-project__cantaloupe,15,11,0.6311058812442649,0.5939122733654925,ORIGINAL_AFFECTED
cantaloupe-project__cantaloupe,15,12,0.6774288254759927,0.6250388054830739,ORIGINAL_AFFECTED
cantaloupe-project__cantaloupe,15,13,0.7136441440169022,0.6425611046007391,ORIGINAL_AFFECTED
cantaloupe-project__cantaloupe,15,14,0.6006006250771171,0.5493307026138733,ORIGINAL_AFFECTED
cantaloupe-project__cantaloupe,15,15,0.6700050941831214,0.6424294079268642,ORIGINAL_AFFECTED
cantaloupe-project__cantaloupe,15,16,0.6741877894203193,0.6413326831943188,ORIGINAL_AFFECTED
cantaloupe-project__cantaloupe,15,17,0.6896160593162373,0.6512655455968648,ORIGINAL_AFFECTED
cantaloupe-project__cantaloupe,15,18,0.6686555068706547,0.6089728750928202,ORIGINAL_AFFECTED
cantaloupe-project__cantaloupe,15,19,0.7449593975088362,0.6762509278068832,ORIGINAL_AFFECTED
cantaloupe-project__cantaloupe,15,20,0.6346765561831046,0.5916666585968462,ORIGINAL_AFFECTED
cantaloupe-project__cantaloupe,15,21,0.7232317706418329,0.6768889380325261,ORIGINAL_AFFECTED
cantaloupe-project__cantaloupe,15,22,0.6778422087151664,0.646018866681158,ORIGINAL_AFFECTED
cantaloupe-project__cantaloupe,15,23,0.6926690265348253,0.6849263890531597,ORIGINAL_AFFECTED
cantaloupe-project__cantaloupe,15,24,0.6209711107278765,0.5853503695766177,ORIGINAL_AFFECTED
cantaloupe-project__cantaloupe,15,25,0.6673216911205904,0.6119674737771461,ORIGINAL_AFFECTED
cantaloupe-project__cantaloupe,15,26,0.6348877732265459,0.6085125117919049,ORIGINAL_AFFECTED
cantaloupe-project__cantaloupe,15,27,0.6843127361895484,0.6454183802037939,ORIGINAL_AFFECTED
cantaloupe-project__cantaloupe,15,28,0.6200089526056023,0.593759168574375,ORIGINAL_AFFECTED
cantaloupe-project__cantaloupe,15,29,0.6993439303162323,0.6506238939650423,ORIGINAL_AFFECTED
cantaloupe-project__cantaloupe,15,30,0.6672722906475985,0.6478311129340154,ORIGINAL_AFFECTED
cantaloupe-project__cantaloupe,20,1,0.5819080620085255,0.5543320014888866,ORIGINAL_AFFECTED
cantaloupe-project__cantaloupe,20,2,0.644678243973704,0.6005698482849454,ORIGINAL_AFFECTED
cantaloupe-project__cantaloupe,20,3,0.6726425348826893,0.6297993478292351,ORIGINAL_AFFECTED
cantaloupe-project__cantaloupe,20,4,0.6809613816526149,0.6506960151237603,ORIGINAL_AFFECTED
cantaloupe-project__cantaloupe,20,5,0.6336942957448662,0.6133828989226054,ORIGINAL_AFFECTED
cantaloupe-project__cantaloupe,20,6,0.6603937789797231,0.6229056260118502,ORIGINAL_AFFECTED
cantaloupe-project__cantaloupe,20,7,0.5999871186493696,0.5693428471489638,ORIGINAL_AFFECTED
cantaloupe-project__cantaloupe,20,8,0.6075407645530141,0.5956343337329523,ORIGINAL_AFFECTED
cantaloupe-project__cantaloupe,20,9,0.6259459270772324,0.6012652276934622,ORIGINAL_AFFECTED
cantaloupe-project__cantaloupe,20,10,0.6336049224390792,0.5929807622655974,ORIGINAL_AFFECTED
cantaloupe-project__cantaloupe,20,11,0.6577631489018999,0.6183003021668069,ORIGINAL_AFFECTED
cantaloupe-project__cantaloupe,20,12,0.6816387304480106,0.6290665407255892,ORIGINAL_AFFECTED
cantaloupe-project__cantaloupe,20,13,0.6896067743728151,0.6248991048826772,ORIGINAL_AFFECTED
cantaloupe-project__cantaloupe,20,14,0.613165229088852,0.5505098590102685,ORIGINAL_AFFECTED
cantaloupe-project__cantaloupe,20,15,0.6631603403659233,0.631459247909827,ORIGINAL_AFFECTED
cantaloupe-project__cantaloupe,20,16,0.6669900251914251,0.6408369125690723,ORIGINAL_AFFECTED
cantaloupe-project__cantaloupe,20,17,0.6955780231381805,0.6471966585287653,ORIGINAL_AFFECTED
cantaloupe-project__cantaloupe,20,18,0.6524202018382227,0.6016403236743343,ORIGINAL_AFFECTED
cantaloupe-project__cantaloupe,20,19,0.7160174600989411,0.6627166694774367,ORIGINAL_AFFECTED
cantaloupe-project__cantaloupe,20,20,0.6373522637176907,0.5821352211393636,ORIGINAL_AFFECTED
cantaloupe-project__cantaloupe,20,21,0.6881950738101751,0.655457293369616,ORIGINAL_AFFECTED
cantaloupe-project__cantaloupe,20,22,0.6998307345623923,0.6545076696380634,ORIGINAL_AFFECTED
cantaloupe-project__cantaloupe,20,23,0.7343669815778501,0.6954756712992523,ORIGINAL_AFFECTED
cantaloupe-project__cantaloupe,20,24,0.6173068937670961,0.5905170272216126,ORIGINAL_AFFECTED
cantaloupe-project__cantaloupe,20,25,0.6703788849336094,0.6054159460713653,ORIGINAL_AFFECTED
cantaloupe-project__cantaloupe,20,26,0.6277126206333218,0.6010846313901765,ORIGINAL_AFFECTED
cantaloupe-project__cantaloupe,20,27,0.67471293344011,0.6426421937700939,ORIGINAL_AFFECTED
cantaloupe-project__cantaloupe,20,28,0.6911788994403328,0.6213183739366741,ORIGINAL_AFFECTED
cantaloupe-project__cantaloupe,20,29,0.6557441683384656,0.6027460776066013,ORIGINAL_AFFECTED
cantaloupe-project__cantaloupe,20,30,0.670778122608083,0.6380555542343709,ORIGINAL_AFFECTED
cantaloupe-project__cantaloupe,25,1,0.5781136596384795,0.558488969724335,ORIGINAL_AFFECTED
cantaloupe-project__cantaloupe,25,2,0.6925785832317063,0.6337991138898359,ORIGINAL_AFFECTED
cantaloupe-project__cantaloupe,25,3,0.674649953153953,0.6242770501312275,ORIGINAL_AFFECTED
cantaloupe-project__cantaloupe,25,4,0.6759904257735286,0.6477450640090485,ORIGINAL_AFFECTED
cantaloupe-project__cantaloupe,25,5,0.6303662615487032,0.601633135870318,ORIGINAL_AFFECTED
cantaloupe-project__cantaloupe,25,6,0.6399329032765241,0.607893584646016,ORIGINAL_AFFECTED
cantaloupe-project__cantaloupe,25,7,0.5987638994157417,0.5671956534571579,ORIGINAL_AFFECTED
cantaloupe-project__cantaloupe,25,8,0.5979066917485776,0.5910156312017004,ORIGINAL_AFFECTED
cantaloupe-project__cantaloupe,25,9,0.661812071774799,0.6099732424297984,ORIGINAL_AFFECTED
cantaloupe-project__cantaloupe,25,10,0.6955331215886185,0.6495731508944503,ORIGINAL_AFFECTED
cantaloupe-project__cantaloupe,25,11,0.6411130597605202,0.6087836036947589,ORIGINAL_AFFECTED
cantaloupe-project__cantaloupe,25,12,0.6580211692916308,0.6029209001029333,ORIGINAL_AFFECTED
cantaloupe-project__cantaloupe,25,13,0.6721773807876227,0.6047806963498038,ORIGINAL_AFFECTED
cantaloupe-project__cantaloupe,25,14,0.6323460322667526,0.5617490006394589,ORIGINAL_AFFECTED
cantaloupe-project__cantaloupe,25,15,0.6617646159448718,0.609361789790978,ORIGINAL_AFFECTED
cantaloupe-project__cantaloupe,25,16,0.6634246936753566,0.6355611547474542,ORIGINAL_AFFECTED
cantaloupe-project__cantaloupe,25,17,0.6659111644874667,0.6310256942681488,ORIGINAL_AFFECTED
cantaloupe-project__cantaloupe,25,18,0.6414081316288769,0.5904352411128226,ORIGINAL_AFFECTED
cantaloupe-project__cantaloupe,25,19,0.7330286827050596,0.6770851753578335,ORIGINAL_AFFECTED
cantaloupe-project__cantaloupe,25,20,0.6183365499238368,0.5708649511621957,ORIGINAL_AFFECTED
cantaloupe-project__cantaloupe,25,21,0.6980877939395601,0.6638974223642605,ORIGINAL_AFFECTED
cantaloupe-project__cantaloupe,25,22,0.6994997224980821,0.6325611995622624,ORIGINAL_AFFECTED
cantaloupe-project__cantaloupe,25,23,0.7180072923232025,0.6797025852852543,ORIGINAL_AFFECTED
cantaloupe-project__cantaloupe,25,24,0.5931133223991739,0.5717085426457741,ORIGINAL_AFFECTED
cantaloupe-project__cantaloupe,25,25,0.6503197609628673,0.5758757475135267,ORIGINAL_AFFECTED
cantaloupe-project__cantaloupe,25,26,0.646602432141559,0.6076286710737572,ORIGINAL_AFFECTED
cantaloupe-project__cantaloupe,25,27,0.7197803304812357,0.6682527869672802,ORIGINAL_AFFECTED
cantaloupe-project__cantaloupe,25,28,0.6766573314549537,0.6087561228851933,ORIGINAL_AFFECTED
cantaloupe-project__cantaloupe,25,29,0.6734754226895546,0.6118553830172403,ORIGINAL_AFFECTED
cantaloupe-project__cantaloupe,25,30,0.6727499678832348,0.6299330594508437,ORIGINAL_AFFECTED
cantaloupe-project__cantaloupe,30,1,0.6019107814032817,0.5825031197412466,ORIGINAL_AFFECTED
cantaloupe-project__cantaloupe,30,2,0.6661691225655952,0.6155881924576414,ORIGINAL_AFFECTED
cantaloupe-project__cantaloupe,30,3,0.6771036172714783,0.6316183466064537,ORIGINAL_AFFECTED
cantaloupe-project__cantaloupe,30,4,0.7207984860128137,0.6817887277463281,ORIGINAL_AFFECTED
cantaloupe-project__cantaloupe,30,5,0.6215226507543211,0.5905908423404932,ORIGINAL_AFFECTED
cantaloupe-project__cantaloupe,30,6,0.6179649695174201,0.6004897009228367,ORIGINAL_AFFECTED
cantaloupe-project__cantaloupe,30,7,0.6043466804697126,0.5773399470470995,ORIGINAL_AFFECTED
cantaloupe-project__cantaloupe,30,8,0.581420511451504,0.5723951208543779,ORIGINAL_AFFECTED
cantaloupe-project__cantaloupe,30,9,0.6440981492164619,0.6022942890967339,ORIGINAL_AFFECTED
cantaloupe-project__cantaloupe,30,10,0.6842987678722728,0.6375860244596371,ORIGINAL_AFFECTED
cantaloupe-project__cantaloupe,30,11,0.6338249101150011,0.6038841637822183,ORIGINAL_AFFECTED
cantaloupe-project__cantaloupe,30,12,0.6658717717561478,0.6107713729976331,ORIGINAL_AFFECTED
cantaloupe-project__cantaloupe,30,13,0.6496899577440108,0.5942798469190674,ORIGINAL_AFFECTED
cantaloupe-project__cantaloupe,30,14,0.6095869004054199,0.5533398676527843,ORIGINAL_AFFECTED
cantaloupe-project__cantaloupe,30,15,0.6673079594765766,0.6062879612451497,ORIGINAL_AFFECTED
cantaloupe-project__cantaloupe,30,16,0.6393125235662613,0.6242541105051801,ORIGINAL_AFFECTED
cantaloupe-project__cantaloupe,30,17,0.6989691007035205,0.6485110244197514,ORIGINAL_AFFECTED
cantaloupe-project__cantaloupe,30,18,0.6269871089694582,0.5804089629880745,ORIGINAL_AFFECTED
cantaloupe-project__cantaloupe,30,19,0.7137247833965502,0.6507306969021399,ORIGINAL_AFFECTED
cantaloupe-project__cantaloupe,30,20,0.6099631648844187,0.5576588400701016,ORIGINAL_AFFECTED
cantaloupe-project__cantaloupe,30,21,0.6876770691203674,0.6505222987552983,ORIGINAL_AFFECTED
cantaloupe-project__cantaloupe,30,22,0.6828770677983362,0.6232620424579687,ORIGINAL_AFFECTED
cantaloupe-project__cantaloupe,30,23,0.6967956177624165,0.661404264108533,ORIGINAL_AFFECTED
cantaloupe-project__cantaloupe,30,24,0.5896525970790089,0.5716561539881415,ORIGINAL_AFFECTED
cantaloupe-project__cantaloupe,30,25,0.6357591373557002,0.5688811540803584,ORIGINAL_AFFECTED
cantaloupe-project__cantaloupe,30,26,0.6782982489456009,0.6225926275874097,ORIGINAL_AFFECTED
cantaloupe-project__cantaloupe,30,27,0.7079737430624893,0.6465404351521076,ORIGINAL_AFFECTED
cantaloupe-project__cantaloupe,30,28,0.6479871090925601,0.5983769516436154,ORIGINAL_AFFECTED
cantaloupe-project__cantaloupe,30,29,0.6568337089301981,0.5935750211609202,ORIGINAL_AFFECTED
cantaloupe-project__cantaloupe,30,30,0.7164180971950888,0.65433026364454,ORIGINAL_AFFECTED
cantaloupe-project__cantaloupe,40,1,0.604914228835489,0.5769926283507077,ORIGINAL_AFFECTED
cantaloupe-project__cantaloupe,40,2,0.6898246182816795,0.6497552940248074,ORIGINAL_AFFECTED
cantaloupe-project__cantaloupe,40,3,0.6461594120338615,0.6129492196829566,ORIGINAL_AFFECTED
cantaloupe-project__cantaloupe,40,4,0.7275262943665464,0.6843027098998132,ORIGINAL_AFFECTED
cantaloupe-project__cantaloupe,40,5,0.6996188162051413,0.6488043974264721,ORIGINAL_AFFECTED
cantaloupe-project__cantaloupe,40,6,0.6186389553191367,0.6152740680921424,ORIGINAL_AFFECTED
cantaloupe-project__cantaloupe,40,7,0.6389825010982192,0.6099799800896132,ORIGINAL_AFFECTED
cantaloupe-project__cantaloupe,40,8,0.5981530659696347,0.5911830620092505,ORIGINAL_AFFECTED
cantaloupe-project__cantaloupe,40,9,0.6280148135098147,0.589289547694997,ORIGINAL_AFFECTED
cantaloupe-project__cantaloupe,40,10,0.661848358764959,0.6286878010336324,ORIGINAL_AFFECTED
cantaloupe-project__cantaloupe,40,11,0.6336206656260585,0.6024821857104875,ORIGINAL_AFFECTED
cantaloupe-project__cantaloupe,40,12,0.6865612884983335,0.6276229020502491,ORIGINAL_AFFECTED
cantaloupe-project__cantaloupe,40,13,0.6807729718403971,0.6314124868762744,ORIGINAL_AFFECTED
cantaloupe-project__cantaloupe,40,14,0.6384064709110185,0.5749591086376221,ORIGINAL_AFFECTED
cantaloupe-project__cantaloupe,40,15,0.692203891386467,0.6306763323313692,ORIGINAL_AFFECTED
cantaloupe-project__cantaloupe,40,16,0.6582467261296063,0.6247280529646468,ORIGINAL_AFFECTED
cantaloupe-project__cantaloupe,40,17,0.6635907508854523,0.6247145223835315,ORIGINAL_AFFECTED
cantaloupe-project__cantaloupe,40,18,0.6263533422985326,0.5798526466977018,ORIGINAL_AFFECTED
cantaloupe-project__cantaloupe,40,19,0.6955016099202798,0.6295171804703154,ORIGINAL_AFFECTED
cantaloupe-project__cantaloupe,40,20,0.6074640086524278,0.5665326446572267,ORIGINAL_AFFECTED
cantaloupe-project__cantaloupe,40,21,0.6657807955580807,0.6393505635770985,ORIGINAL_AFFECTED
cantaloupe-project__cantaloupe,40,22,0.704434687429658,0.628228805192096,ORIGINAL_AFFECTED
cantaloupe-project__cantaloupe,40,23,0.7106505085467575,0.6665570598407955,ORIGINAL_AFFECTED
cantaloupe-project__cantaloupe,40,24,0.6087665180020269,0.5699525967191778,ORIGINAL_AFFECTED
cantaloupe-project__cantaloupe,40,25,0.6545983638796479,0.5777519169412771,ORIGINAL_AFFECTED
cantaloupe-project__cantaloupe,40,26,0.6444897799758762,0.6047673024138808,ORIGINAL_AFFECTED
cantaloupe-project__cantaloupe,40,27,0.7021610713080592,0.6460891971525179,ORIGINAL_AFFECTED
cantaloupe-project__cantaloupe,40,28,0.6432803743916299,0.5896036290318335,ORIGINAL_AFFECTED
cantaloupe-project__cantaloupe,40,29,0.6764381966503111,0.6105078062223118,ORIGINAL_AFFECTED
cantaloupe-project__cantaloupe,40,30,0.696774413487649,0.6511306728437632,ORIGINAL_AFFECTED
cantaloupe-project__cantaloupe,50,1,0.5793722789588949,0.5620280424845224,ORIGINAL_AFFECTED
cantaloupe-project__cantaloupe,50,2,0.6691788039730359,0.6352583055393556,ORIGINAL_AFFECTED
cantaloupe-project__cantaloupe,50,3,0.6307116509332421,0.6115007105571735,ORIGINAL_AFFECTED
cantaloupe-project__cantaloupe,50,4,0.7189099110762006,0.664124239583089,ORIGINAL_AFFECTED
cantaloupe-project__cantaloupe,50,5,0.652600674533422,0.6192337559252723,ORIGINAL_AFFECTED
cantaloupe-project__cantaloupe,50,6,0.5873285444750861,0.5650295984583703,ORIGINAL_AFFECTED
cantaloupe-project__cantaloupe,50,7,0.636945064485224,0.6068146999585288,ORIGINAL_AFFECTED
cantaloupe-project__cantaloupe,50,8,0.6235935143548069,0.6046677261657996,ORIGINAL_AFFECTED
cantaloupe-project__cantaloupe,50,9,0.6674787960306924,0.6252337754282554,ORIGINAL_AFFECTED
cantaloupe-project__cantaloupe,50,10,0.6774437134449589,0.6331315166196009,ORIGINAL_AFFECTED
cantaloupe-project__cantaloupe,50,11,0.6313184445488085,0.5801690146794193,ORIGINAL_AFFECTED
cantaloupe-project__cantaloupe,50,12,0.7089692261003081,0.6424218311394879,ORIGINAL_AFFECTED
cantaloupe-project__cantaloupe,50,13,0.6488391418814329,0.6113481722004972,ORIGINAL_AFFECTED
cantaloupe-project__cantaloupe,50,14,0.634933551666898,0.5796638235602388,ORIGINAL_AFFECTED
cantaloupe-project__cantaloupe,50,15,0.6557517700016852,0.5971998740628096,ORIGINAL_AFFECTED
cantaloupe-project__cantaloupe,50,16,0.6486617315358238,0.6072993141809859,ORIGINAL_AFFECTED
cantaloupe-project__cantaloupe,50,17,0.6319484554576681,0.601587758140287,ORIGINAL_AFFECTED
cantaloupe-project__cantaloupe,50,18,0.6665399898247769,0.6143840174120404,ORIGINAL_AFFECTED
cantaloupe-project__cantaloupe,50,19,0.6489580166493245,0.6122244576921761,ORIGINAL_AFFECTED
cantaloupe-project__cantaloupe,50,20,0.6645930004284372,0.6058682110556746,ORIGINAL_AFFECTED
cantaloupe-project__cantaloupe,50,21,0.6306842342883499,0.6177315078256739,ORIGINAL_AFFECTED
cantaloupe-project__cantaloupe,50,22,0.7130441447343804,0.6433209496119928,ORIGINAL_AFFECTED
cantaloupe-project__cantaloupe,50,23,0.6946162934570834,0.6313459114459915,ORIGINAL_AFFECTED
cantaloupe-project__cantaloupe,50,24,0.6070097782676532,0.5699460005591489,ORIGINAL_AFFECTED
cantaloupe-project__cantaloupe,50,25,0.6348705910505389,0.5706841234954435,ORIGINAL_AFFECTED
cantaloupe-project__cantaloupe,50,26,0.6621872941794725,0.6124190004970975,ORIGINAL_AFFECTED
cantaloupe-project__cantaloupe,50,27,0.6862436495524754,0.6419462115699517,ORIGINAL_AFFECTED
cantaloupe-project__cantaloupe,50,28,0.6181505432459372,0.5751918577305772,ORIGINAL_AFFECTED
cantaloupe-project__cantaloupe,50,29,0.6679236274975039,0.6072572175018134,ORIGINAL_AFFECTED
cantaloupe-project__cantaloupe,50,30,0.6844694740919864,0.6473146261386852,ORIGINAL_AFFECTED
eclipse__steady,0,1,0.0662878787878787,0.2948148473035355,ORIGINAL_AFFECTED
eclipse__steady,0,2,0.0662878787878787,0.2948148473035355,ORIGINAL_AFFECTED
eclipse__steady,0,3,0.0662878787878787,0.2948148473035355,ORIGINAL_AFFECTED
eclipse__steady,0,4,0.0662878787878787,0.2948148473035355,ORIGINAL_AFFECTED
eclipse__steady,0,5,0.0662878787878787,0.2948148473035355,ORIGINAL_AFFECTED
eclipse__steady,0,6,0.0662878787878787,0.2948148473035355,ORIGINAL_AFFECTED
eclipse__steady,0,7,0.0662878787878787,0.2948148473035355,ORIGINAL_AFFECTED
eclipse__steady,0,8,0.0662878787878787,0.2948148473035355,ORIGINAL_AFFECTED
eclipse__steady,0,9,0.0662878787878787,0.2948148473035355,ORIGINAL_AFFECTED
eclipse__steady,0,10,0.0662878787878787,0.2948148473035355,ORIGINAL_AFFECTED
eclipse__steady,0,11,0.0662878787878787,0.2948148473035355,ORIGINAL_AFFECTED
eclipse__steady,0,12,0.0662878787878787,0.2948148473035355,ORIGINAL_AFFECTED
eclipse__steady,0,13,0.0662878787878787,0.2948148473035355,ORIGINAL_AFFECTED
eclipse__steady,0,14,0.0662878787878787,0.2948148473035355,ORIGINAL_AFFECTED
eclipse__steady,0,15,0.0662878787878787,0.2948148473035355,ORIGINAL_AFFECTED
eclipse__steady,0,16,0.0662878787878787,0.2948148473035355,ORIGINAL_AFFECTED
eclipse__steady,0,17,0.0662878787878787,0.2948148473035355,ORIGINAL_AFFECTED
eclipse__steady,0,18,0.0662878787878787,0.2948148473035355,ORIGINAL_AFFECTED
eclipse__steady,0,19,0.0662878787878787,0.2948148473035355,ORIGINAL_AFFECTED
eclipse__steady,0,20,0.0662878787878787,0.2948148473035355,ORIGINAL_AFFECTED
eclipse__steady,0,21,0.0662878787878787,0.2948148473035355,ORIGINAL_AFFECTED
eclipse__steady,0,22,0.0662878787878787,0.2948148473035355,ORIGINAL_AFFECTED
eclipse__steady,0,23,0.0662878787878787,0.2948148473035355,ORIGINAL_AFFECTED
eclipse__steady,0,24,0.0662878787878787,0.2948148473035355,ORIGINAL_AFFECTED
eclipse__steady,0,25,0.0662878787878787,0.2948148473035355,ORIGINAL_AFFECTED
eclipse__steady,0,26,0.0662878787878787,0.2948148473035355,ORIGINAL_AFFECTED
eclipse__steady,0,27,0.0662878787878787,0.2948148473035355,ORIGINAL_AFFECTED
eclipse__steady,0,28,0.0662878787878787,0.2948148473035355,ORIGINAL_AFFECTED
eclipse__steady,0,29,0.0662878787878787,0.2948148473035355,ORIGINAL_AFFECTED
eclipse__steady,0,30,0.0662878787878787,0.2948148473035355,ORIGINAL_AFFECTED
eclipse__steady,5,1,0.9351325757575756,0.9281532826001844,ORIGINAL_AFFECTED
eclipse__steady,5,2,0.9569128787878788,0.9616574087346572,ORIGINAL_AFFECTED
eclipse__steady,5,3,0.9313446969696968,0.925576893353869,ORIGINAL_AFFECTED
eclipse__steady,5,4,0.9313446969696968,0.9427550805997384,ORIGINAL_AFFECTED
eclipse__steady,5,5,0.944128787878788,0.9440256898264956,ORIGINAL_AFFECTED
eclipse__steady,5,6,0.9517045454545454,0.9409476449794456,ORIGINAL_AFFECTED
eclipse__steady,5,7,0.9398674242424244,0.948982541268498,ORIGINAL_AFFECTED
eclipse__steady,5,8,0.9209280303030304,0.9287608794914296,ORIGINAL_AFFECTED
eclipse__steady,5,9,0.9526515151515152,0.9566897487075496,ORIGINAL_AFFECTED
eclipse__steady,5,10,0.9370265151515152,0.9439853720884064,ORIGINAL_AFFECTED
eclipse__steady,5,11,0.9663825757575756,0.9503270091601378,ORIGINAL_AFFECTED
eclipse__steady,5,12,0.9412878787878788,0.9506938147943274,ORIGINAL_AFFECTED
eclipse__steady,5,13,0.965435606060606,0.9582859022237712,ORIGINAL_AFFECTED
eclipse__steady,5,14,0.9573863636363636,0.9618078711019088,ORIGINAL_AFFECTED
eclipse__steady,5,15,0.9578598484848484,0.9616622983326808,ORIGINAL_AFFECTED
eclipse__steady,5,16,0.9427083333333334,0.9350916221956348,ORIGINAL_AFFECTED
eclipse__steady,5,17,0.9275568181818182,0.9300700908078466,ORIGINAL_AFFECTED
eclipse__steady,5,18,0.9611742424242424,0.9703500846315124,ORIGINAL_AFFECTED
eclipse__steady,5,19,0.9521780303030304,0.9559551938325348,ORIGINAL_AFFECTED
eclipse__steady,5,20,0.965435606060606,0.968023493796506,ORIGINAL_AFFECTED
eclipse__steady,5,21,0.9370265151515152,0.934792842021668,ORIGINAL_AFFECTED
eclipse__steady,5,22,0.9668560606060606,0.9700834728655954,ORIGINAL_AFFECTED
eclipse__steady,5,23,0.9550189393939394,0.9678364023352884,ORIGINAL_AFFECTED
eclipse__steady,5,24,0.984375,0.9904562832692876,ORIGINAL_AFFECTED
eclipse__steady,5,25,0.9517045454545454,0.9679293046977364,ORIGINAL_AFFECTED
eclipse__steady,5,26,0.9266098484848484,0.9400433266923492,ORIGINAL_AFFECTED
eclipse__steady,5,27,0.9668560606060606,0.9616876041470132,ORIGINAL_AFFECTED
eclipse__steady,5,28,0.9867424242424244,0.9978877002233254,ORIGINAL_AFFECTED
eclipse__steady,5,29,0.965435606060606,0.9645504208986044,ORIGINAL_AFFECTED
eclipse__steady,5,30,0.9483901515151516,0.9597386275313012,ORIGINAL_AFFECTED
eclipse__steady,10,1,0.9526515151515152,0.9550442702989852,ORIGINAL_AFFECTED
eclipse__steady,10,2,0.9469696969696968,0.9542553293687608,ORIGINAL_AFFECTED
eclipse__steady,10,3,0.9479166666666666,0.9526141400812694,ORIGINAL_AFFECTED
eclipse__steady,10,4,0.9446022727272728,0.9358803915610162,ORIGINAL_AFFECTED
eclipse__steady,10,5,0.9649621212121212,0.99213324382653,ORIGINAL_AFFECTED
eclipse__steady,10,6,0.946496212121212,0.9475100860040312,ORIGINAL_AFFECTED
eclipse__steady,10,7,0.9545454545454546,0.97554069317201,ORIGINAL_AFFECTED
eclipse__steady,10,8,0.9526515151515152,0.9586437007037066,ORIGINAL_AFFECTED
eclipse__steady,10,9,0.9772727272727272,0.9882651428777764,ORIGINAL_AFFECTED
eclipse__steady,10,10,0.9242424242424244,0.9345246861721648,ORIGINAL_AFFECTED
eclipse__steady,10,11,0.9512310606060606,0.939395583627858,ORIGINAL_AFFECTED
eclipse__steady,10,12,0.9607007575757576,0.964514134934324,ORIGINAL_AFFECTED
eclipse__steady,10,13,0.9635416666666666,0.973835081285998,ORIGINAL_AFFECTED
eclipse__steady,10,14,0.9701704545454546,0.9674743147342796,ORIGINAL_AFFECTED
eclipse__steady,10,15,0.9801136363636364,0.9636243138764554,ORIGINAL_AFFECTED
eclipse__steady,10,16,0.9469696969696968,0.9397909548083956,ORIGINAL_AFFECTED
eclipse__steady,10,17,0.9223484848484848,0.921571454748348,ORIGINAL_AFFECTED
eclipse__steady,10,18,0.9502840909090908,0.9533130952513762,ORIGINAL_AFFECTED
eclipse__steady,10,19,0.9630681818181818,0.968408571086468,ORIGINAL_AFFECTED
eclipse__steady,10,20,0.9526515151515152,0.9418651737594482,ORIGINAL_AFFECTED
eclipse__steady,10,21,0.9592803030303032,0.9730904898676714,ORIGINAL_AFFECTED
eclipse__steady,10,22,0.959753787878788,0.9511796006470904,ORIGINAL_AFFECTED
eclipse__steady,10,23,0.9417613636363636,0.9520332215231004,ORIGINAL_AFFECTED
eclipse__steady,10,24,0.9744318181818182,0.9761125187935038,ORIGINAL_AFFECTED
eclipse__steady,10,25,0.9573863636363636,0.9616486589276676,ORIGINAL_AFFECTED
eclipse__steady,10,26,0.9403409090909092,0.9490467923021764,ORIGINAL_AFFECTED
eclipse__steady,10,27,0.9512310606060606,0.9497046576924006,ORIGINAL_AFFECTED
eclipse__steady,10,28,0.9782196969696968,0.9816367351710836,ORIGINAL_AFFECTED
eclipse__steady,10,29,0.9692234848484848,0.9652081147239858,ORIGINAL_AFFECTED
eclipse__steady,10,30,0.9673295454545454,0.9623093551378,ORIGINAL_AFFECTED
eclipse__steady,15,1,0.9450757575757576,0.9536000374511806,ORIGINAL_AFFECTED
eclipse__steady,15,2,0.9573863636363636,0.9665911847052854,ORIGINAL_AFFECTED
eclipse__steady,15,3,0.9678030303030304,0.9658105646699428,ORIGINAL_AFFECTED
eclipse__steady,15,4,0.9422348484848484,0.931558930514814,ORIGINAL_AFFECTED
eclipse__steady,15,5,0.9578598484848484,0.9908278927190792,ORIGINAL_AFFECTED
eclipse__steady,15,6,0.9649621212121212,0.9680925486457864,ORIGINAL_AFFECTED
eclipse__steady,15,7,0.9393939393939394,0.9660915021002444,ORIGINAL_AFFECTED
eclipse__steady,15,8,0.9488636363636364,0.9550796126566292,ORIGINAL_AFFECTED
eclipse__steady,15,9,0.9791666666666666,0.9788867223037206,ORIGINAL_AFFECTED
eclipse__steady,15,10,0.918560606060606,0.9241555644125956,ORIGINAL_AFFECTED
eclipse__steady,15,11,0.9398674242424244,0.9333864392217296,ORIGINAL_AFFECTED
eclipse__steady,15,12,0.953125,0.9557685312834244,ORIGINAL_AFFECTED
eclipse__steady,15,13,0.9673295454545454,0.9692486383398864,ORIGINAL_AFFECTED
eclipse__steady,15,14,0.959753787878788,0.9544979220566672,ORIGINAL_AFFECTED
eclipse__steady,15,15,0.9782196969696968,0.9636021820117172,ORIGINAL_AFFECTED
eclipse__steady,15,16,0.9398674242424244,0.9396923908061312,ORIGINAL_AFFECTED
eclipse__steady,15,17,0.9161931818181818,0.9200531916708178,ORIGINAL_AFFECTED
eclipse__steady,15,18,0.9427083333333334,0.947244160497486,ORIGINAL_AFFECTED
eclipse__steady,15,19,0.9559659090909092,0.9521608657662424,ORIGINAL_AFFECTED
eclipse__steady,15,20,0.9375,0.9323296855716876,ORIGINAL_AFFECTED
eclipse__steady,15,21,0.9446022727272728,0.9573998555924468,ORIGINAL_AFFECTED
eclipse__steady,15,22,0.9488636363636364,0.9450993426135668,ORIGINAL_AFFECTED
eclipse__steady,15,23,0.9313446969696968,0.9478887296123828,ORIGINAL_AFFECTED
eclipse__steady,15,24,0.9682765151515152,0.9749466499033568,ORIGINAL_AFFECTED
eclipse__steady,15,25,0.9469696969696968,0.9515150099150232,ORIGINAL_AFFECTED
eclipse__steady,15,26,0.9393939393939394,0.9481896543468862,ORIGINAL_AFFECTED
eclipse__steady,15,27,0.949810606060606,0.9522354106904964,ORIGINAL_AFFECTED
eclipse__steady,15,28,0.9744318181818182,0.9812049064614228,ORIGINAL_AFFECTED
eclipse__steady,15,29,0.9611742424242424,0.9568020378972492,ORIGINAL_AFFECTED
eclipse__steady,15,30,0.9607007575757576,0.9576418478034032,ORIGINAL_AFFECTED
eclipse__steady,20,1,0.9389204545454546,0.9435347570284446,ORIGINAL_AFFECTED
eclipse__steady,20,2,0.9535984848484848,0.9530894604786138,ORIGINAL_AFFECTED
eclipse__steady,20,3,0.9616477272727272,0.9643586114042062,ORIGINAL_AFFECTED
eclipse__steady,20,4,0.9327651515151516,0.9251623069109228,ORIGINAL_AFFECTED
eclipse__steady,20,5,0.9479166666666666,0.9673683734437688,ORIGINAL_AFFECTED
eclipse__steady,20,6,0.962121212121212,0.9675578668127875,ORIGINAL_AFFECTED
eclipse__steady,20,7,0.930871212121212,0.9487864426530268,ORIGINAL_AFFECTED
eclipse__steady,20,8,0.96875,0.97049505692379,ORIGINAL_AFFECTED
eclipse__steady,20,9,0.9730113636363636,0.9752349646219048,ORIGINAL_AFFECTED
eclipse__steady,20,10,0.9176136363636364,0.9214601091652848,ORIGINAL_AFFECTED
eclipse__steady,20,11,0.9327651515151516,0.9324465212297244,ORIGINAL_AFFECTED
eclipse__steady,20,12,0.949810606060606,0.9554483912865124,ORIGINAL_AFFECTED
eclipse__steady,20,13,0.9616477272727272,0.9681417019732868,ORIGINAL_AFFECTED
eclipse__steady,20,14,0.9535984848484848,0.9459929380979798,ORIGINAL_AFFECTED
eclipse__steady,20,15,0.9730113636363636,0.9621232072832184,ORIGINAL_AFFECTED
eclipse__steady,20,16,0.9337121212121212,0.9320405988113466,ORIGINAL_AFFECTED
eclipse__steady,20,17,0.9247159090909092,0.9261663901541844,ORIGINAL_AFFECTED
eclipse__steady,20,18,0.9393939393939394,0.9449279493354772,ORIGINAL_AFFECTED
eclipse__steady,20,19,0.9479166666666666,0.95026979228502,ORIGINAL_AFFECTED
eclipse__steady,20,20,0.928503787878788,0.9272111342652212,ORIGINAL_AFFECTED
eclipse__steady,20,21,0.9318181818181818,0.9413996325581512,ORIGINAL_AFFECTED
eclipse__steady,20,22,0.9446022727272728,0.938207668655394,ORIGINAL_AFFECTED
eclipse__steady,20,23,0.9270833333333334,0.9374846086248556,ORIGINAL_AFFECTED
eclipse__steady,20,24,0.9616477272727272,0.9678544166437963,ORIGINAL_AFFECTED
eclipse__steady,20,25,0.9422348484848484,0.9504027550382924,ORIGINAL_AFFECTED
eclipse__steady,20,26,0.9322916666666666,0.928094864771166,ORIGINAL_AFFECTED
eclipse__steady,20,27,0.9460227272727272,0.9511016244259776,ORIGINAL_AFFECTED
eclipse__steady,20,28,0.9696969696969696,0.9808784185653224,ORIGINAL_AFFECTED
eclipse__steady,20,29,0.953125,0.9459455004189092,ORIGINAL_AFFECTED
eclipse__steady,20,30,0.9744318181818182,0.9777186230706152,ORIGINAL_AFFECTED
eclipse__steady,25,1,0.9327651515151516,0.940910672755794,ORIGINAL_AFFECTED
eclipse__steady,25,2,0.9559659090909092,0.9543956694102794,ORIGINAL_AFFECTED
eclipse__steady,25,3,0.965435606060606,0.975407044159366,ORIGINAL_AFFECTED
eclipse__steady,25,4,0.9275568181818182,0.9212550033955592,ORIGINAL_AFFECTED
eclipse__steady,25,5,0.9455492424242424,0.9741444984802264,ORIGINAL_AFFECTED
eclipse__steady,25,6,0.9592803030303032,0.9658713844067623,ORIGINAL_AFFECTED
eclipse__steady,25,7,0.9256628787878788,0.9347719111108302,ORIGINAL_AFFECTED
eclipse__steady,25,8,0.9644886363636364,0.9618721221355868,ORIGINAL_AFFECTED
eclipse__steady,25,9,0.9682765151515152,0.970519504913908,ORIGINAL_AFFECTED
eclipse__steady,25,10,0.9521780303030304,0.962060157203441,ORIGINAL_AFFECTED
eclipse__steady,25,11,0.928503787878788,0.9312701868841587,ORIGINAL_AFFECTED
eclipse__steady,25,12,0.9550189393939394,0.9533868681338368,ORIGINAL_AFFECTED
eclipse__steady,25,13,0.9573863636363636,0.9656659355073508,ORIGINAL_AFFECTED
eclipse__steady,25,14,0.949810606060606,0.943714556983838,ORIGINAL_AFFECTED
eclipse__steady,25,15,0.9706439393939394,0.9587737468546496,ORIGINAL_AFFECTED
eclipse__steady,25,16,0.930871212121212,0.9317158265636756,ORIGINAL_AFFECTED
eclipse__steady,25,17,0.9204545454545454,0.9253475111588684,ORIGINAL_AFFECTED
eclipse__steady,25,18,0.934185606060606,0.9436410414486414,ORIGINAL_AFFECTED
eclipse__steady,25,19,0.9412878787878788,0.948293193729596,ORIGINAL_AFFECTED
eclipse__steady,25,20,0.921875,0.9235298674304212,ORIGINAL_AFFECTED
eclipse__steady,25,21,0.9403409090909092,0.9529794874142942,ORIGINAL_AFFECTED
eclipse__steady,25,22,0.9715909090909092,0.9768323190920268,ORIGINAL_AFFECTED
eclipse__steady,25,23,0.9261363636363636,0.9489700170349644,ORIGINAL_AFFECTED
eclipse__steady,25,24,0.9554924242424244,0.947338950073206,ORIGINAL_AFFECTED
eclipse__steady,25,25,0.9649621212121212,0.9805556193133452,ORIGINAL_AFFECTED
eclipse__steady,25,26,0.9289772727272728,0.9278376890716103,ORIGINAL_AFFECTED
eclipse__steady,25,27,0.9417613636363636,0.9505340879255574,ORIGINAL_AFFECTED
eclipse__steady,25,28,0.9640151515151516,0.9738253878723722,ORIGINAL_AFFECTED
eclipse__steady,25,29,0.9460227272727272,0.943081225366153,ORIGINAL_AFFECTED
eclipse__steady,25,30,0.9706439393939394,0.9754565406165518,ORIGINAL_AFFECTED
eclipse__steady,30,1,0.9242424242424244,0.9392166414966796,ORIGINAL_AFFECTED
eclipse__steady,30,2,0.9512310606060606,0.9506016844736728,ORIGINAL_AFFECTED
eclipse__steady,30,3,0.9616477272727272,0.9751351996657396,ORIGINAL_AFFECTED
eclipse__steady,30,4,0.9256628787878788,0.9196786656186964,ORIGINAL_AFFECTED
eclipse__steady,30,5,0.9616477272727272,0.9888683648655268,ORIGINAL_AFFECTED
eclipse__steady,30,6,0.9535984848484848,0.959647526599704,ORIGINAL_AFFECTED
eclipse__steady,30,7,0.9247159090909092,0.9312226634226664,ORIGINAL_AFFECTED
eclipse__steady,30,8,0.9786931818181818,0.9662471114127844,ORIGINAL_AFFECTED
eclipse__steady,30,9,0.9663825757575756,0.9641498169903574,ORIGINAL_AFFECTED
eclipse__steady,30,10,0.9635416666666666,0.9765192990360966,ORIGINAL_AFFECTED
eclipse__steady,30,11,0.925189393939394,0.9272228864569622,ORIGINAL_AFFECTED
eclipse__steady,30,12,0.9540719696969696,0.9531869950918208,ORIGINAL_AFFECTED
eclipse__steady,30,13,0.9682765151515152,0.9807357623984242,ORIGINAL_AFFECTED
eclipse__steady,30,14,0.9450757575757576,0.9424886403986644,ORIGINAL_AFFECTED
eclipse__steady,30,15,0.9663825757575756,0.9528179591146732,ORIGINAL_AFFECTED
eclipse__steady,30,16,0.9517045454545454,0.9486708937313116,ORIGINAL_AFFECTED
eclipse__steady,30,17,0.9398674242424244,0.9329829187111528,ORIGINAL_AFFECTED
eclipse__steady,30,18,0.9474431818181818,0.9482518466024492,ORIGINAL_AFFECTED
eclipse__steady,30,19,0.9365530303030304,0.9411235847258728,ORIGINAL_AFFECTED
eclipse__steady,30,20,0.9190340909090908,0.9230956368129594,ORIGINAL_AFFECTED
eclipse__steady,30,21,0.9573863636363636,0.9684662168736932,ORIGINAL_AFFECTED
eclipse__steady,30,22,0.9682765151515152,0.9763174529983866,ORIGINAL_AFFECTED
eclipse__steady,30,23,0.9223484848484848,0.9427780702886916,ORIGINAL_AFFECTED
eclipse__steady,30,24,0.9507575757575756,0.9463107619695122,ORIGINAL_AFFECTED
eclipse__steady,30,25,0.9659090909090908,0.9732926790350672,ORIGINAL_AFFECTED
eclipse__steady,30,26,0.9294507575757576,0.9253276954195098,ORIGINAL_AFFECTED
eclipse__steady,30,27,0.9375,0.940166596031996,ORIGINAL_AFFECTED
eclipse__steady,30,28,0.96875,0.9766105715325364,ORIGINAL_AFFECTED
eclipse__steady,30,29,0.9436553030303032,0.9455237940349814,ORIGINAL_AFFECTED
eclipse__steady,30,30,0.9663825757575756,0.9741980267112216,ORIGINAL_AFFECTED
eclipse__steady,40,1,0.9261363636363636,0.9304160513136198,ORIGINAL_AFFECTED
eclipse__steady,40,2,0.9607007575757576,0.958004879011048,ORIGINAL_AFFECTED
eclipse__steady,40,3,0.9554924242424244,0.9735983218027512,ORIGINAL_AFFECTED
eclipse__steady,40,4,0.953125,0.9492177566681588,ORIGINAL_AFFECTED
eclipse__steady,40,5,0.9550189393939394,0.9804137351882402,ORIGINAL_AFFECTED
eclipse__steady,40,6,0.962121212121212,0.972606677010602,ORIGINAL_AFFECTED
eclipse__steady,40,7,0.9393939393939394,0.9497352820168642,ORIGINAL_AFFECTED
eclipse__steady,40,8,0.9767992424242424,0.9655047503374158,ORIGINAL_AFFECTED
eclipse__steady,40,9,0.9578598484848484,0.9623537046496984,ORIGINAL_AFFECTED
eclipse__steady,40,10,0.9559659090909092,0.9687673989554608,ORIGINAL_AFFECTED
eclipse__steady,40,11,0.9228219696969696,0.9239201774480922,ORIGINAL_AFFECTED
eclipse__steady,40,12,0.962121212121212,0.954157708973132,ORIGINAL_AFFECTED
eclipse__steady,40,13,0.9611742424242424,0.979033667591692,ORIGINAL_AFFECTED
eclipse__steady,40,14,0.9403409090909092,0.9343194946200176,ORIGINAL_AFFECTED
eclipse__steady,40,15,0.9744318181818182,0.9704472761150336,ORIGINAL_AFFECTED
eclipse__steady,40,16,0.9427083333333334,0.9328804944999222,ORIGINAL_AFFECTED
eclipse__steady,40,17,0.930871212121212,0.9309352923107548,ORIGINAL_AFFECTED
eclipse__steady,40,18,0.965435606060606,0.9743058552150043,ORIGINAL_AFFECTED
eclipse__steady,40,19,0.9474431818181818,0.9436600851462068,ORIGINAL_AFFECTED
eclipse__steady,40,20,0.9195075757575756,0.9207490586737516,ORIGINAL_AFFECTED
eclipse__steady,40,21,0.9450757575757576,0.9612176022597998,ORIGINAL_AFFECTED
eclipse__steady,40,22,0.9602272727272728,0.9640239741780666,ORIGINAL_AFFECTED
eclipse__steady,40,23,0.9588068181818182,0.9697233582602802,ORIGINAL_AFFECTED
eclipse__steady,40,24,0.9446022727272728,0.9355039782956226,ORIGINAL_AFFECTED
eclipse__steady,40,25,0.9578598484848484,0.9634491461718214,ORIGINAL_AFFECTED
eclipse__steady,40,26,0.9592803030303032,0.952975627205328,ORIGINAL_AFFECTED
eclipse__steady,40,27,0.9630681818181818,0.9621061365813468,ORIGINAL_AFFECTED
eclipse__steady,40,28,0.975378787878788,0.9873752360374862,ORIGINAL_AFFECTED
eclipse__steady,40,29,0.934185606060606,0.9431074747871216,ORIGINAL_AFFECTED
eclipse__steady,40,30,0.9607007575757576,0.9656307647145498,ORIGINAL_AFFECTED
eclipse__steady,50,1,0.9204545454545454,0.9231838211422266,ORIGINAL_AFFECTED
eclipse__steady,50,2,0.9540719696969696,0.9566004492068036,ORIGINAL_AFFECTED
eclipse__steady,50,3,0.9493371212121212,0.9601716571948624,ORIGINAL_AFFECTED
eclipse__steady,50,4,0.9450757575757576,0.942196379688729,ORIGINAL_AFFECTED
eclipse__steady,50,5,0.9469696969696968,0.969544072999416,ORIGINAL_AFFECTED
eclipse__steady,50,6,0.96875,0.98178805536255,ORIGINAL_AFFECTED
eclipse__steady,50,7,0.9303977272727272,0.9345932263269162,ORIGINAL_AFFECTED
eclipse__steady,50,8,0.9706439393939394,0.9641135310260772,ORIGINAL_AFFECTED
eclipse__steady,50,9,0.946496212121212,0.9606842071631232,ORIGINAL_AFFECTED
eclipse__steady,50,10,0.9488636363636364,0.9657550634432542,ORIGINAL_AFFECTED
eclipse__steady,50,11,0.9180871212121212,0.922922442104019,ORIGINAL_AFFECTED
eclipse__steady,50,12,0.9535984848484848,0.9521488562272368,ORIGINAL_AFFECTED
eclipse__steady,50,13,0.9554924242424244,0.9675435411484028,ORIGINAL_AFFECTED
eclipse__steady,50,14,0.9318181818181818,0.9333247616606956,ORIGINAL_AFFECTED
eclipse__steady,50,15,0.9696969696969696,0.9690498804693494,ORIGINAL_AFFECTED
eclipse__steady,50,16,0.934185606060606,0.922528443442225,ORIGINAL_AFFECTED
eclipse__steady,50,17,0.9346590909090908,0.9355950792272196,ORIGINAL_AFFECTED
eclipse__steady,50,18,0.9592803030303032,0.9739964380207756,ORIGINAL_AFFECTED
eclipse__steady,50,19,0.9427083333333334,0.9425898636559946,ORIGINAL_AFFECTED
eclipse__steady,50,20,0.9171401515151516,0.9184433987495833,ORIGINAL_AFFECTED
eclipse__steady,50,21,0.9384469696969696,0.9536819596636807,ORIGINAL_AFFECTED
eclipse__steady,50,22,0.9550189393939394,0.9570411992882968,ORIGINAL_AFFECTED
eclipse__steady,50,23,0.9521780303030304,0.9599638921700716,ORIGINAL_AFFECTED
eclipse__steady,50,24,0.9474431818181818,0.9379090600462702,ORIGINAL_AFFECTED
eclipse__steady,50,25,0.9483901515151516,0.9415272768012928,ORIGINAL_AFFECTED
eclipse__steady,50,26,0.9512310606060606,0.9496272819482382,ORIGINAL_AFFECTED
eclipse__steady,50,27,0.9711174242424244,0.9613648906774572,ORIGINAL_AFFECTED
eclipse__steady,50,28,0.9706439393939394,0.9748611248291552,ORIGINAL_AFFECTED
eclipse__steady,50,29,0.9550189393939394,0.955150554719182,ORIGINAL_AFFECTED
eclipse__steady,50,30,0.9550189393939394,0.9628556175976968,ORIGINAL_AFFECTED
facebook__buck,0,1,0.298584560328265,0.492707717810999,ORIGINAL_AFFECTED
facebook__buck,0,2,0.298584560328265,0.492707717810999,ORIGINAL_AFFECTED
facebook__buck,0,3,0.298584560328265,0.492707717810999,ORIGINAL_AFFECTED
facebook__buck,0,4,0.298584560328265,0.492707717810999,ORIGINAL_AFFECTED
facebook__buck,0,5,0.298584560328265,0.492707717810999,ORIGINAL_AFFECTED
facebook__buck,0,6,0.298584560328265,0.492707717810999,ORIGINAL_AFFECTED
facebook__buck,0,7,0.298584560328265,0.492707717810999,ORIGINAL_AFFECTED
facebook__buck,0,8,0.298584560328265,0.492707717810999,ORIGINAL_AFFECTED
facebook__buck,0,9,0.298584560328265,0.492707717810999,ORIGINAL_AFFECTED
facebook__buck,0,10,0.298584560328265,0.492707717810999,ORIGINAL_AFFECTED
facebook__buck,0,11,0.298584560328265,0.492707717810999,ORIGINAL_AFFECTED
facebook__buck,0,12,0.298584560328265,0.492707717810999,ORIGINAL_AFFECTED
facebook__buck,0,13,0.298584560328265,0.492707717810999,ORIGINAL_AFFECTED
facebook__buck,0,14,0.298584560328265,0.492707717810999,ORIGINAL_AFFECTED
facebook__buck,0,15,0.298584560328265,0.492707717810999,ORIGINAL_AFFECTED
facebook__buck,0,16,0.298584560328265,0.492707717810999,ORIGINAL_AFFECTED
facebook__buck,0,17,0.298584560328265,0.492707717810999,ORIGINAL_AFFECTED
facebook__buck,0,18,0.298584560328265,0.492707717810999,ORIGINAL_AFFECTED
facebook__buck,0,19,0.298584560328265,0.492707717810999,ORIGINAL_AFFECTED
facebook__buck,0,20,0.298584560328265,0.492707717810999,ORIGINAL_AFFECTED
facebook__buck,0,21,0.298584560328265,0.492707717810999,ORIGINAL_AFFECTED
facebook__buck,0,22,0.298584560328265,0.492707717810999,ORIGINAL_AFFECTED
facebook__buck,0,23,0.298584560328265,0.492707717810999,ORIGINAL_AFFECTED
facebook__buck,0,24,0.298584560328265,0.492707717810999,ORIGINAL_AFFECTED
facebook__buck,0,25,0.298584560328265,0.492707717810999,ORIGINAL_AFFECTED
facebook__buck,0,26,0.298584560328265,0.492707717810999,ORIGINAL_AFFECTED
facebook__buck,0,27,0.298584560328265,0.492707717810999,ORIGINAL_AFFECTED
facebook__buck,0,28,0.298584560328265,0.492707717810999,ORIGINAL_AFFECTED
facebook__buck,0,29,0.298584560328265,0.492707717810999,ORIGINAL_AFFECTED
facebook__buck,0,30,0.298584560328265,0.492707717810999,ORIGINAL_AFFECTED
facebook__buck,5,1,0.6867867699076743,0.633556952312374,ORIGINAL_AFFECTED
facebook__buck,5,2,0.4429328192350077,0.4447246325908882,ORIGINAL_AFFECTED
facebook__buck,5,3,0.5478566855103201,0.5174436425013725,ORIGINAL_AFFECTED
facebook__buck,5,4,0.6889057631571119,0.6731170257815372,ORIGINAL_AFFECTED
facebook__buck,5,5,0.5546788189797751,0.5129952492418393,ORIGINAL_AFFECTED
facebook__buck,5,6,0.7215055424809281,0.629144130664212,ORIGINAL_AFFECTED
facebook__buck,5,7,0.6512679188684383,0.6459157691555026,ORIGINAL_AFFECTED
facebook__buck,5,8,0.670723286218995,0.6266743287070875,ORIGINAL_AFFECTED
facebook__buck,5,9,0.5806299294920926,0.5041848999022268,ORIGINAL_AFFECTED
facebook__buck,5,10,0.7308547328686236,0.6946360263982084,ORIGINAL_AFFECTED
facebook__buck,5,11,0.644062651936083,0.6484489581875911,ORIGINAL_AFFECTED
facebook__buck,5,12,0.7592600404208044,0.6837173124759109,ORIGINAL_AFFECTED
facebook__buck,5,13,0.6786461060751695,0.6421800694672223,ORIGINAL_AFFECTED
facebook__buck,5,14,0.7708038622040113,0.7487430001161811,ORIGINAL_AFFECTED
facebook__buck,5,15,0.5897326729719625,0.6080193191883068,ORIGINAL_AFFECTED
facebook__buck,5,16,0.6524720990668904,0.6461464336207963,ORIGINAL_AFFECTED
facebook__buck,5,17,0.833228990239972,0.7454734574965078,ORIGINAL_AFFECTED
facebook__buck,5,18,0.8366194121220168,0.7402061688032193,ORIGINAL_AFFECTED
facebook__buck,5,19,0.5369314482546845,0.5288284597258557,ORIGINAL_AFFECTED
facebook__buck,5,20,0.5374042119390908,0.5438995619250129,ORIGINAL_AFFECTED
facebook__buck,5,21,0.7444919565763358,0.6934952117961365,ORIGINAL_AFFECTED
facebook__buck,5,22,0.701105024946444,0.677900195892348,ORIGINAL_AFFECTED
facebook__buck,5,23,0.6479374170277528,0.5775070596517704,ORIGINAL_AFFECTED
facebook__buck,5,24,0.68822241726553,0.5816740301038077,ORIGINAL_AFFECTED
facebook__buck,5,25,0.5966149922122571,0.5647048397017029,ORIGINAL_AFFECTED
facebook__buck,5,26,0.6873510620918724,0.6375003131527943,ORIGINAL_AFFECTED
facebook__buck,5,27,0.6072117603763296,0.5870805500222429,ORIGINAL_AFFECTED
facebook__buck,5,28,0.7408102647114951,0.6880075995315974,ORIGINAL_AFFECTED
facebook__buck,5,29,0.5922341723464563,0.5616832643608539,ORIGINAL_AFFECTED
facebook__buck,5,30,0.5538653335828262,0.5378153849899633,ORIGINAL_AFFECTED
facebook__buck,10,1,0.6872397186637941,0.6737608838387166,ORIGINAL_AFFECTED
facebook__buck,10,2,0.5795215863646714,0.5768062780094427,ORIGINAL_AFFECTED
facebook__buck,10,3,0.5609398300616448,0.5611680654401205,ORIGINAL_AFFECTED
facebook__buck,10,4,0.7299446121684491,0.6895667156896194,ORIGINAL_AFFECTED
facebook__buck,10,5,0.7270932493187318,0.6571041712950605,ORIGINAL_AFFECTED
facebook__buck,10,6,0.6330793859900219,0.5466739831832418,ORIGINAL_AFFECTED
facebook__buck,10,7,0.6558363859723259,0.6298861938275323,ORIGINAL_AFFECTED
facebook__buck,10,8,0.6688447314216933,0.6363704689536352,ORIGINAL_AFFECTED
facebook__buck,10,9,0.6650707214949154,0.6008816845871449,ORIGINAL_AFFECTED
facebook__buck,10,10,0.7270150705670947,0.6960131254280115,ORIGINAL_AFFECTED
facebook__buck,10,11,0.6865543139372793,0.6475721113139701,ORIGINAL_AFFECTED
facebook__buck,10,12,0.6956585020758708,0.6472492298577892,ORIGINAL_AFFECTED
facebook__buck,10,13,0.6341820753995348,0.6080228032130744,ORIGINAL_AFFECTED
facebook__buck,10,14,0.8192288061775752,0.7737447718437418,ORIGINAL_AFFECTED
facebook__buck,10,15,0.7030993560906046,0.7191848191115062,ORIGINAL_AFFECTED
facebook__buck,10,16,0.6452077789273449,0.5922187545768626,ORIGINAL_AFFECTED
facebook__buck,10,17,0.8377369177165405,0.7803850820714778,ORIGINAL_AFFECTED
facebook__buck,10,18,0.8567344277551798,0.7645465738966474,ORIGINAL_AFFECTED
facebook__buck,10,19,0.5397861988363332,0.4742707719999285,ORIGINAL_AFFECTED
facebook__buck,10,20,0.521147388769253,0.5051710970287479,ORIGINAL_AFFECTED
facebook__buck,10,21,0.7183912458359755,0.6662892380625516,ORIGINAL_AFFECTED
facebook__buck,10,22,0.6776579521985667,0.6173718939784324,ORIGINAL_AFFECTED
facebook__buck,10,23,0.6357484418510487,0.5826690971956319,ORIGINAL_AFFECTED
facebook__buck,10,24,0.6804587642480243,0.6126385741959931,ORIGINAL_AFFECTED
facebook__buck,10,25,0.5456160420918463,0.5154639795020823,ORIGINAL_AFFECTED
facebook__buck,10,26,0.7512381158873204,0.7012865637570377,ORIGINAL_AFFECTED
facebook__buck,10,27,0.7314520236507204,0.6333589611738508,ORIGINAL_AFFECTED
facebook__buck,10,28,0.721744909886673,0.6893600442378587,ORIGINAL_AFFECTED
facebook__buck,10,29,0.6514186672231511,0.6124057147727016,ORIGINAL_AFFECTED
facebook__buck,10,30,0.8000485211633316,0.7633295553262857,ORIGINAL_AFFECTED
facebook__buck,15,1,0.7078440206928219,0.6651794340194985,ORIGINAL_AFFECTED
facebook__buck,15,2,0.578417526181882,0.5386287422870455,ORIGINAL_AFFECTED
facebook__buck,15,3,0.6517012886159125,0.6291003395423193,ORIGINAL_AFFECTED
facebook__buck,15,4,0.6813874501696633,0.6183431457661479,ORIGINAL_AFFECTED
facebook__buck,15,5,0.6523939151541879,0.6002166380404823,ORIGINAL_AFFECTED
facebook__buck,15,6,0.7144479404687839,0.6120391973820808,ORIGINAL_AFFECTED
facebook__buck,15,7,0.6232936146441185,0.5915286453284639,ORIGINAL_AFFECTED
facebook__buck,15,8,0.6583259219548759,0.6316347919590372,ORIGINAL_AFFECTED
facebook__buck,15,9,0.6028842789257184,0.5529698092067213,ORIGINAL_AFFECTED
facebook__buck,15,10,0.7626796583583655,0.6801487843316265,ORIGINAL_AFFECTED
facebook__buck,15,11,0.6039265448583455,0.5415804506673981,ORIGINAL_AFFECTED
facebook__buck,15,12,0.7057170129963461,0.6530597638011253,ORIGINAL_AFFECTED
facebook__buck,15,13,0.5850693536378094,0.563974452559563,ORIGINAL_AFFECTED
facebook__buck,15,14,0.7804743037412726,0.7424937570788864,ORIGINAL_AFFECTED
facebook__buck,15,15,0.6585910463929867,0.6470530406986078,ORIGINAL_AFFECTED
facebook__buck,15,16,0.5984793427707126,0.5614454950196726,ORIGINAL_AFFECTED
facebook__buck,15,17,0.8175991502020292,0.7472358660237518,ORIGINAL_AFFECTED
facebook__buck,15,18,0.8169503444636199,0.7410071236497137,ORIGINAL_AFFECTED
facebook__buck,15,19,0.6504687255947881,0.5510304054543436,ORIGINAL_AFFECTED
facebook__buck,15,20,0.5455667080236938,0.527789039671995,ORIGINAL_AFFECTED
facebook__buck,15,21,0.696208867502318,0.6461275045687691,ORIGINAL_AFFECTED
facebook__buck,15,22,0.7218295054708406,0.6707950956193818,ORIGINAL_AFFECTED
facebook__buck,15,23,0.689277590830354,0.6252777705850731,ORIGINAL_AFFECTED
facebook__buck,15,24,0.6059013043984515,0.5644098279693892,ORIGINAL_AFFECTED
facebook__buck,15,25,0.6431681375374337,0.6252030710527405,ORIGINAL_AFFECTED
facebook__buck,15,26,0.705888630018649,0.6610312142587854,ORIGINAL_AFFECTED
facebook__buck,15,27,0.7061183236817979,0.6282609609135673,ORIGINAL_AFFECTED
facebook__buck,15,28,0.6647585335465426,0.6158360740569808,ORIGINAL_AFFECTED
facebook__buck,15,29,0.6856160211034975,0.6628088759547263,ORIGINAL_AFFECTED
facebook__buck,15,30,0.7927471645358268,0.7069252536288391,ORIGINAL_AFFECTED
facebook__buck,20,1,0.6538760840698524,0.6375432043429277,ORIGINAL_AFFECTED
facebook__buck,20,2,0.633850440762057,0.5749896965805973,ORIGINAL_AFFECTED
facebook__buck,20,3,0.6196633545285073,0.5828301717000263,ORIGINAL_AFFECTED
facebook__buck,20,4,0.6328232976045731,0.546218072691566,ORIGINAL_AFFECTED
facebook__buck,20,5,0.601362886411734,0.5593790196082772,ORIGINAL_AFFECTED
facebook__buck,20,6,0.7214862189958645,0.6249426477885279,ORIGINAL_AFFECTED
facebook__buck,20,7,0.5644172365394192,0.5495189767768406,ORIGINAL_AFFECTED
facebook__buck,20,8,0.6802998401748626,0.6413098370828217,ORIGINAL_AFFECTED
facebook__buck,20,9,0.5675872162762776,0.533640412678807,ORIGINAL_AFFECTED
facebook__buck,20,10,0.7547588625872274,0.6723636023313869,ORIGINAL_AFFECTED
facebook__buck,20,11,0.5565319595551587,0.4964250420825675,ORIGINAL_AFFECTED
facebook__buck,20,12,0.7878753026938259,0.707501705576127,ORIGINAL_AFFECTED
facebook__buck,20,13,0.5859987436570523,0.5893964920569228,ORIGINAL_AFFECTED
facebook__buck,20,14,0.7432433558414827,0.7235013591184096,ORIGINAL_AFFECTED
facebook__buck,20,15,0.665515720791334,0.6317476643367853,ORIGINAL_AFFECTED
facebook__buck,20,16,0.5649824860507092,0.5383286039306351,ORIGINAL_AFFECTED
facebook__buck,20,17,0.7851255224440322,0.7008352671366128,ORIGINAL_AFFECTED
facebook__buck,20,18,0.7931612688134155,0.7093186903529032,ORIGINAL_AFFECTED
facebook__buck,20,19,0.6596872618159811,0.5604575404296704,ORIGINAL_AFFECTED
facebook__buck,20,20,0.5879848444411397,0.5393043297437464,ORIGINAL_AFFECTED
facebook__buck,20,21,0.6826644120767086,0.633475582297361,ORIGINAL_AFFECTED
facebook__buck,20,22,0.6933644500530913,0.6506439195232997,ORIGINAL_AFFECTED
facebook__buck,20,23,0.6899065397321898,0.6436953214735093,ORIGINAL_AFFECTED
facebook__buck,20,24,0.5616015229701284,0.5183128373790848,ORIGINAL_AFFECTED
facebook__buck,20,25,0.5908972488221809,0.5803812429553137,ORIGINAL_AFFECTED
facebook__buck,20,26,0.6964436145458052,0.6648443235191314,ORIGINAL_AFFECTED
facebook__buck,20,27,0.7586675011646408,0.6805684498815864,ORIGINAL_AFFECTED
facebook__buck,20,28,0.7011606924483212,0.6705309454622773,ORIGINAL_AFFECTED
facebook__buck,20,29,0.6405314386608404,0.623259727872503,ORIGINAL_AFFECTED
facebook__buck,20,30,0.7836940770654207,0.6980554755730743,ORIGINAL_AFFECTED
facebook__buck,25,1,0.6032572210167645,0.6101029650076288,ORIGINAL_AFFECTED
facebook__buck,25,2,0.6565467457546187,0.574527594620652,ORIGINAL_AFFECTED
facebook__buck,25,3,0.6760539932328091,0.5975586678763153,ORIGINAL_AFFECTED
facebook__buck,25,4,0.6058563391018913,0.5359528985460944,ORIGINAL_AFFECTED
facebook__buck,25,5,0.5847622462549266,0.5610132069109768,ORIGINAL_AFFECTED
facebook__buck,25,6,0.6928294896096927,0.6154699466577861,ORIGINAL_AFFECTED
facebook__buck,25,7,0.6006214175999586,0.5623894492933533,ORIGINAL_AFFECTED
facebook__buck,25,8,0.6573667738817057,0.6246774040305944,ORIGINAL_AFFECTED
facebook__buck,25,9,0.6260503463136642,0.6042768181921854,ORIGINAL_AFFECTED
facebook__buck,25,10,0.7283818987246599,0.6656638177054676,ORIGINAL_AFFECTED
facebook__buck,25,11,0.5718480939141201,0.5198450068029076,ORIGINAL_AFFECTED
facebook__buck,25,12,0.7613081080124608,0.658132037148172,ORIGINAL_AFFECTED
facebook__buck,25,13,0.6541084504521865,0.6379735241834693,ORIGINAL_AFFECTED
facebook__buck,25,14,0.7167463451457587,0.7134846066561733,ORIGINAL_AFFECTED
facebook__buck,25,15,0.6678141609096,0.6543132895061357,ORIGINAL_AFFECTED
facebook__buck,25,16,0.5765297415450138,0.5580925455403479,ORIGINAL_AFFECTED
facebook__buck,25,17,0.8026958554204991,0.7319802928767087,ORIGINAL_AFFECTED
facebook__buck,25,18,0.7691553120621594,0.6999895908157701,ORIGINAL_AFFECTED
facebook__buck,25,19,0.6291792926901093,0.5454503859575254,ORIGINAL_AFFECTED
facebook__buck,25,20,0.5876841664731368,0.5377320166372532,ORIGINAL_AFFECTED
facebook__buck,25,21,0.7004691601363809,0.6424815294402118,ORIGINAL_AFFECTED
facebook__buck,25,22,0.6604574571387515,0.6219143391978196,ORIGINAL_AFFECTED
facebook__buck,25,23,0.6581846218873121,0.6082447415820583,ORIGINAL_AFFECTED
facebook__buck,25,24,0.6598112289347979,0.6584465392005635,ORIGINAL_AFFECTED
facebook__buck,25,25,0.5494423161532368,0.531960286289068,ORIGINAL_AFFECTED
facebook__buck,25,26,0.6822560617035774,0.6470467426695806,ORIGINAL_AFFECTED
facebook__buck,25,27,0.7208050551697891,0.6694946596725477,ORIGINAL_AFFECTED
facebook__buck,25,28,0.6908724712840002,0.6630667316303541,ORIGINAL_AFFECTED
facebook__buck,25,29,0.6101628277977388,0.5933935924700963,ORIGINAL_AFFECTED
facebook__buck,25,30,0.7700240744927281,0.6678365581863256,ORIGINAL_AFFECTED
facebook__buck,30,1,0.571543139747379,0.5938789462350218,ORIGINAL_AFFECTED
facebook__buck,30,2,0.6247256382819776,0.5567560171534062,ORIGINAL_AFFECTED
facebook__buck,30,3,0.6622928941049265,0.5932381490658337,ORIGINAL_AFFECTED
facebook__buck,30,4,0.629005425980897,0.5710589436818517,ORIGINAL_AFFECTED
facebook__buck,30,5,0.5861447192400957,0.5725525173657348,ORIGINAL_AFFECTED
facebook__buck,30,6,0.7710600629266215,0.6831400205698304,ORIGINAL_AFFECTED
facebook__buck,30,7,0.5850629162557474,0.5604129427108954,ORIGINAL_AFFECTED
facebook__buck,30,8,0.6351976988708907,0.6099998131034997,ORIGINAL_AFFECTED
facebook__buck,30,9,0.5973870848578613,0.5658626422180479,ORIGINAL_AFFECTED
facebook__buck,30,10,0.7025540326806823,0.6568692451118633,ORIGINAL_AFFECTED
facebook__buck,30,11,0.5910485337614622,0.5373212282578389,ORIGINAL_AFFECTED
facebook__buck,30,12,0.7508834178309833,0.6542548316333908,ORIGINAL_AFFECTED
facebook__buck,30,13,0.6397236587793314,0.6231701912643774,ORIGINAL_AFFECTED
facebook__buck,30,14,0.696863671969823,0.6868459130620386,ORIGINAL_AFFECTED
facebook__buck,30,15,0.6424097393793611,0.6249668226530235,ORIGINAL_AFFECTED
facebook__buck,30,16,0.6554681157406758,0.6131007040129067,ORIGINAL_AFFECTED
facebook__buck,30,17,0.801981376637474,0.7107208860688808,ORIGINAL_AFFECTED
facebook__buck,30,18,0.753612092317803,0.6747704336027918,ORIGINAL_AFFECTED
facebook__buck,30,19,0.6314249871522761,0.5576719564845254,ORIGINAL_AFFECTED
facebook__buck,30,20,0.5867179117591875,0.5031843590847224,ORIGINAL_AFFECTED
facebook__buck,30,21,0.6750470449266722,0.6108408407128396,ORIGINAL_AFFECTED
facebook__buck,30,22,0.6387928182898476,0.6176181309364569,ORIGINAL_AFFECTED
facebook__buck,30,23,0.6688116161912904,0.6080941673448518,ORIGINAL_AFFECTED
facebook__buck,30,24,0.6269521550104693,0.6280329083496766,ORIGINAL_AFFECTED
facebook__buck,30,25,0.5200231264387488,0.5184916308799695,ORIGINAL_AFFECTED
facebook__buck,30,26,0.70555909374496,0.662851360186726,ORIGINAL_AFFECTED
facebook__buck,30,27,0.7483694361261656,0.6864644784203376,ORIGINAL_AFFECTED
facebook__buck,30,28,0.6481625281321836,0.6234516581377785,ORIGINAL_AFFECTED
facebook__buck,30,29,0.5792277993486202,0.5640150575675366,ORIGINAL_AFFECTED
facebook__buck,30,30,0.738306815131004,0.6442108450155156,ORIGINAL_AFFECTED
facebook__buck,40,1,0.5505507843214388,0.5390189422560636,ORIGINAL_AFFECTED
facebook__buck,40,2,0.6097735264534164,0.5388556756041663,ORIGINAL_AFFECTED
facebook__buck,40,3,0.6668067184218384,0.588585971226968,ORIGINAL_AFFECTED
facebook__buck,40,4,0.6181754722372947,0.543146437886835,ORIGINAL_AFFECTED
facebook__buck,40,5,0.6208717190016942,0.5812086373835489,ORIGINAL_AFFECTED
facebook__buck,40,6,0.7743573184727472,0.7058577755390593,ORIGINAL_AFFECTED
facebook__buck,40,7,0.5279068981608164,0.5254659181933707,ORIGINAL_AFFECTED
facebook__buck,40,8,0.6189499435979615,0.5971250588615945,ORIGINAL_AFFECTED
facebook__buck,40,9,0.6247433170067687,0.5519589075439476,ORIGINAL_AFFECTED
facebook__buck,40,10,0.7137204392312501,0.6567311869031321,ORIGINAL_AFFECTED
facebook__buck,40,11,0.5846895165696905,0.5492387707604452,ORIGINAL_AFFECTED
facebook__buck,40,12,0.7081566438693869,0.6221697748790511,ORIGINAL_AFFECTED
facebook__buck,40,13,0.653476811430483,0.6522254169339955,ORIGINAL_AFFECTED
facebook__buck,40,14,0.6808401817905478,0.6641881875853862,ORIGINAL_AFFECTED
facebook__buck,40,15,0.6698676173176803,0.6652507192864745,ORIGINAL_AFFECTED
facebook__buck,40,16,0.6240116791898315,0.5857433126408883,ORIGINAL_AFFECTED
facebook__buck,40,17,0.8006138288394036,0.673116707755706,ORIGINAL_AFFECTED
facebook__buck,40,18,0.7674199733666928,0.6629780659012765,ORIGINAL_AFFECTED
facebook__buck,40,19,0.6590735082589708,0.5811222463983047,ORIGINAL_AFFECTED
facebook__buck,40,20,0.6075784810571461,0.5236884061466313,ORIGINAL_AFFECTED
facebook__buck,40,21,0.6419460019199079,0.5629279819146255,ORIGINAL_AFFECTED
facebook__buck,40,22,0.6026462625710112,0.6141732024756873,ORIGINAL_AFFECTED
facebook__buck,40,23,0.6150254689993776,0.5562189016380613,ORIGINAL_AFFECTED
facebook__buck,40,24,0.5641904271433971,0.5350488447596122,ORIGINAL_AFFECTED
facebook__buck,40,25,0.5377395752881743,0.5240210503506707,ORIGINAL_AFFECTED
facebook__buck,40,26,0.7138157883568114,0.6560893821971395,ORIGINAL_AFFECTED
facebook__buck,40,27,0.7265806438047143,0.6751879393369463,ORIGINAL_AFFECTED
facebook__buck,40,28,0.5826207498080213,0.5619994086841414,ORIGINAL_AFFECTED
facebook__buck,40,29,0.749824448400792,0.7030369951360566,ORIGINAL_AFFECTED
facebook__buck,40,30,0.6903548455649918,0.6228703270746125,ORIGINAL_AFFECTED
facebook__buck,50,1,0.5135151030766558,0.5144567700022662,ORIGINAL_AFFECTED
facebook__buck,50,2,0.6216922756475496,0.5186159522457043,ORIGINAL_AFFECTED
facebook__buck,50,3,0.7320146768291835,0.6215472230508722,ORIGINAL_AFFECTED
facebook__buck,50,4,0.568759202186836,0.4778465476082352,ORIGINAL_AFFECTED
facebook__buck,50,5,0.580052493775722,0.5591567734071574,ORIGINAL_AFFECTED
facebook__buck,50,6,0.7439611597576921,0.6710812339286489,ORIGINAL_AFFECTED
facebook__buck,50,7,0.5798356348575338,0.5573189598424105,ORIGINAL_AFFECTED
facebook__buck,50,8,0.6488176179520942,0.5965198791444811,ORIGINAL_AFFECTED
facebook__buck,50,9,0.6161593218157563,0.5633845843220476,ORIGINAL_AFFECTED
facebook__buck,50,10,0.7671639258457914,0.6805387054601288,ORIGINAL_AFFECTED
facebook__buck,50,11,0.5672071389110591,0.517270093407254,ORIGINAL_AFFECTED
facebook__buck,50,12,0.7645857201517569,0.6703765852326916,ORIGINAL_AFFECTED
facebook__buck,50,13,0.6393077474364005,0.6190470126148605,ORIGINAL_AFFECTED
facebook__buck,50,14,0.6741218184534874,0.6418893485108078,ORIGINAL_AFFECTED
facebook__buck,50,15,0.6553701142450331,0.6579625378806148,ORIGINAL_AFFECTED
facebook__buck,50,16,0.6355354677417652,0.5787357342230235,ORIGINAL_AFFECTED
facebook__buck,50,17,0.7723200726309463,0.6676102471484181,ORIGINAL_AFFECTED
facebook__buck,50,18,0.7316477687183978,0.6237841819847594,ORIGINAL_AFFECTED
facebook__buck,50,19,0.6410901736814045,0.577603744885688,ORIGINAL_AFFECTED
facebook__buck,50,20,0.5823013505891964,0.5096601929622572,ORIGINAL_AFFECTED
facebook__buck,50,21,0.6784999838683605,0.5946836491401948,ORIGINAL_AFFECTED
facebook__buck,50,22,0.6874383925070979,0.6370301805960134,ORIGINAL_AFFECTED
facebook__buck,50,23,0.6141893183675731,0.5637943060797184,ORIGINAL_AFFECTED
facebook__buck,50,24,0.5431990908905848,0.5190790526196112,ORIGINAL_AFFECTED
facebook__buck,50,25,0.4921933052597133,0.5069815818037997,ORIGINAL_AFFECTED
facebook__buck,50,26,0.6952623379268046,0.6426231330993558,ORIGINAL_AFFECTED
facebook__buck,50,27,0.68243764154766,0.6252669129294522,ORIGINAL_AFFECTED
facebook__buck,50,28,0.5320727625811656,0.5113581112022816,ORIGINAL_AFFECTED
facebook__buck,50,29,0.7133992070651309,0.659293601412867,ORIGINAL_AFFECTED
facebook__buck,50,30,0.6450010970651082,0.5856705726972022,ORIGINAL_AFFECTED
jcabi__jcabi-github,0,1,0.3165089986155976,0.3544814724172176,ORIGINAL_AFFECTED
jcabi__jcabi-github,0,2,0.3165089986155976,0.3544814724172176,ORIGINAL_AFFECTED
jcabi__jcabi-github,0,3,0.3165089986155976,0.3544814724172176,ORIGINAL_AFFECTED
jcabi__jcabi-github,0,4,0.3165089986155976,0.3544814724172176,ORIGINAL_AFFECTED
jcabi__jcabi-github,0,5,0.3165089986155976,0.3544814724172176,ORIGINAL_AFFECTED
jcabi__jcabi-github,0,6,0.3165089986155976,0.3544814724172176,ORIGINAL_AFFECTED
jcabi__jcabi-github,0,7,0.3165089986155976,0.3544814724172176,ORIGINAL_AFFECTED
jcabi__jcabi-github,0,8,0.3165089986155976,0.3544814724172176,ORIGINAL_AFFECTED
jcabi__jcabi-github,0,9,0.3165089986155976,0.3544814724172176,ORIGINAL_AFFECTED
jcabi__jcabi-github,0,10,0.3165089986155976,0.3544814724172176,ORIGINAL_AFFECTED
jcabi__jcabi-github,0,11,0.3165089986155976,0.3544814724172176,ORIGINAL_AFFECTED
jcabi__jcabi-github,0,12,0.3165089986155976,0.3544814724172176,ORIGINAL_AFFECTED
jcabi__jcabi-github,0,13,0.3165089986155976,0.3544814724172176,ORIGINAL_AFFECTED
jcabi__jcabi-github,0,14,0.3165089986155976,0.3544814724172176,ORIGINAL_AFFECTED
jcabi__jcabi-github,0,15,0.3165089986155976,0.3544814724172176,ORIGINAL_AFFECTED
jcabi__jcabi-github,0,16,0.3165089986155976,0.3544814724172176,ORIGINAL_AFFECTED
jcabi__jcabi-github,0,17,0.3165089986155976,0.3544814724172176,ORIGINAL_AFFECTED
jcabi__jcabi-github,0,18,0.3165089986155976,0.3544814724172176,ORIGINAL_AFFECTED
jcabi__jcabi-github,0,19,0.3165089986155976,0.3544814724172176,ORIGINAL_AFFECTED
jcabi__jcabi-github,0,20,0.3165089986155976,0.3544814724172176,ORIGINAL_AFFECTED
jcabi__jcabi-github,0,21,0.3165089986155976,0.3544814724172176,ORIGINAL_AFFECTED
jcabi__jcabi-github,0,22,0.3165089986155976,0.3544814724172176,ORIGINAL_AFFECTED
jcabi__jcabi-github,0,23,0.3165089986155976,0.3544814724172176,ORIGINAL_AFFECTED
jcabi__jcabi-github,0,24,0.3165089986155976,0.3544814724172176,ORIGINAL_AFFECTED
jcabi__jcabi-github,0,25,0.3165089986155976,0.3544814724172176,ORIGINAL_AFFECTED
jcabi__jcabi-github,0,26,0.3165089986155976,0.3544814724172176,ORIGINAL_AFFECTED
jcabi__jcabi-github,0,27,0.3165089986155976,0.3544814724172176,ORIGINAL_AFFECTED
jcabi__jcabi-github,0,28,0.3165089986155976,0.3544814724172176,ORIGINAL_AFFECTED
jcabi__jcabi-github,0,29,0.3165089986155976,0.3544814724172176,ORIGINAL_AFFECTED
jcabi__jcabi-github,0,30,0.3165089986155976,0.3544814724172176,ORIGINAL_AFFECTED
jcabi__jcabi-github,5,1,0.9285302261190584,0.9313593824158992,ORIGINAL_AFFECTED
jcabi__jcabi-github,5,2,0.940124596215967,0.9425613382061696,ORIGINAL_AFFECTED
jcabi__jcabi-github,5,3,0.9397208121827414,0.942806575254373,ORIGINAL_AFFECTED
jcabi__jcabi-github,5,4,0.9511998154130136,0.9524924616628624,ORIGINAL_AFFECTED
jcabi__jcabi-github,5,5,0.9295108444854636,0.9357219221594564,ORIGINAL_AFFECTED
jcabi__jcabi-github,5,6,0.9430664513151822,0.9486184925023784,ORIGINAL_AFFECTED
jcabi__jcabi-github,5,7,0.9379903091832028,0.949813361317954,ORIGINAL_AFFECTED
jcabi__jcabi-github,5,8,0.9339524688509464,0.9348137911009768,ORIGINAL_AFFECTED
jcabi__jcabi-github,5,9,0.9429510844485464,0.9492971705357556,ORIGINAL_AFFECTED
jcabi__jcabi-github,5,10,0.9513151822796496,0.9528344625248386,ORIGINAL_AFFECTED
jcabi__jcabi-github,5,11,0.9533917858790956,0.9550136674164044,ORIGINAL_AFFECTED
jcabi__jcabi-github,5,12,0.937874942316567,0.9352123605014636,ORIGINAL_AFFECTED
jcabi__jcabi-github,5,13,0.9430087678818642,0.9483994165513674,ORIGINAL_AFFECTED
jcabi__jcabi-github,5,14,0.9384517766497464,0.937110716685646,ORIGINAL_AFFECTED
jcabi__jcabi-github,5,15,0.9546608214120909,0.9560739398419228,ORIGINAL_AFFECTED
jcabi__jcabi-github,5,16,0.9386825103830184,0.9407364717604736,ORIGINAL_AFFECTED
jcabi__jcabi-github,5,17,0.9372404245500694,0.9373264277721376,ORIGINAL_AFFECTED
jcabi__jcabi-github,5,18,0.950680664513152,0.9519948693153364,ORIGINAL_AFFECTED
jcabi__jcabi-github,5,19,0.9396054453161052,0.932004483452424,ORIGINAL_AFFECTED
jcabi__jcabi-github,5,20,0.9501615136132904,0.9531630068880024,ORIGINAL_AFFECTED
jcabi__jcabi-github,5,21,0.932510383017997,0.9381592163293132,ORIGINAL_AFFECTED
jcabi__jcabi-github,5,22,0.9404130133825565,0.937140400978537,ORIGINAL_AFFECTED
jcabi__jcabi-github,5,23,0.9421435163820948,0.9464433594704608,ORIGINAL_AFFECTED
jcabi__jcabi-github,5,24,0.9363751730503002,0.9436580307148592,ORIGINAL_AFFECTED
jcabi__jcabi-github,5,25,0.9393747115828333,0.9437084365598374,ORIGINAL_AFFECTED
jcabi__jcabi-github,5,26,0.9532187355791418,0.954444490059421,ORIGINAL_AFFECTED
jcabi__jcabi-github,5,27,0.9333756345177668,0.933411085818874,ORIGINAL_AFFECTED
jcabi__jcabi-github,5,28,0.9420281495154594,0.9434688392789942,ORIGINAL_AFFECTED
jcabi__jcabi-github,5,29,0.9273765574527,0.9324537768060904,ORIGINAL_AFFECTED
jcabi__jcabi-github,5,30,0.9273188740193816,0.9323740725311108,ORIGINAL_AFFECTED
jcabi__jcabi-github,10,1,0.9349330872173516,0.9324534137986962,ORIGINAL_AFFECTED
jcabi__jcabi-github,10,2,0.9480849100138442,0.9516519866981722,ORIGINAL_AFFECTED
jcabi__jcabi-github,10,3,0.9418550992155056,0.9444062085569468,ORIGINAL_AFFECTED
jcabi__jcabi-github,10,4,0.950853714813106,0.9529417572256612,ORIGINAL_AFFECTED
jcabi__jcabi-github,10,5,0.9250692201199818,0.9290447906090392,ORIGINAL_AFFECTED
jcabi__jcabi-github,10,6,0.9388555606829722,0.9414781977580288,ORIGINAL_AFFECTED
jcabi__jcabi-github,10,7,0.9370673742501155,0.93951371349697,ORIGINAL_AFFECTED
jcabi__jcabi-github,10,8,0.9468735579141672,0.947072579175638,ORIGINAL_AFFECTED
jcabi__jcabi-github,10,9,0.9393170281495156,0.9420800354411428,ORIGINAL_AFFECTED
jcabi__jcabi-github,10,10,0.943931702814952,0.9458860705486344,ORIGINAL_AFFECTED
jcabi__jcabi-github,10,11,0.952007383479465,0.9545917284076808,ORIGINAL_AFFECTED
jcabi__jcabi-github,10,12,0.9296262113521,0.927863281590274,ORIGINAL_AFFECTED
jcabi__jcabi-github,10,13,0.9391439778495616,0.9396285057955116,ORIGINAL_AFFECTED
jcabi__jcabi-github,10,14,0.9296262113521,0.9321551696842676,ORIGINAL_AFFECTED
jcabi__jcabi-github,10,15,0.9502768804799264,0.9536227440698948,ORIGINAL_AFFECTED
jcabi__jcabi-github,10,16,0.9430664513151824,0.9460965866906224,ORIGINAL_AFFECTED
jcabi__jcabi-github,10,17,0.9331449007844947,0.9332402877921858,ORIGINAL_AFFECTED
jcabi__jcabi-github,10,18,0.9438740193816336,0.9457110758274284,ORIGINAL_AFFECTED
jcabi__jcabi-github,10,19,0.9322219658514072,0.9232389696037828,ORIGINAL_AFFECTED
jcabi__jcabi-github,10,20,0.9380479926165208,0.9405529511745848,ORIGINAL_AFFECTED
jcabi__jcabi-github,10,21,0.939663128749423,0.946824405124436,ORIGINAL_AFFECTED
jcabi__jcabi-github,10,22,0.9358560221504386,0.9393292386842926,ORIGINAL_AFFECTED
jcabi__jcabi-github,10,23,0.9363174896169822,0.9406639746393136,ORIGINAL_AFFECTED
jcabi__jcabi-github,10,24,0.9379903091832028,0.9388852795515532,ORIGINAL_AFFECTED
jcabi__jcabi-github,10,25,0.9452584217812646,0.944507898458891,ORIGINAL_AFFECTED
jcabi__jcabi-github,10,26,0.9470466082141212,0.9487902426690318,ORIGINAL_AFFECTED
jcabi__jcabi-github,10,27,0.9361444393170284,0.9367772991176916,ORIGINAL_AFFECTED
jcabi__jcabi-github,10,28,0.9392593447161978,0.9383400033775536,ORIGINAL_AFFECTED
jcabi__jcabi-github,10,29,0.9353945546838952,0.935948731253303,ORIGINAL_AFFECTED
jcabi__jcabi-github,10,30,0.9325103830179974,0.9356708637042218,ORIGINAL_AFFECTED
jcabi__jcabi-github,15,1,0.9441047531149056,0.9440329809903596,ORIGINAL_AFFECTED
jcabi__jcabi-github,15,2,0.9432395016151364,0.9459374482192466,ORIGINAL_AFFECTED
jcabi__jcabi-github,15,3,0.9325680664513154,0.9342841080284792,ORIGINAL_AFFECTED
jcabi__jcabi-github,15,4,0.9565643747115832,0.9590147857318854,ORIGINAL_AFFECTED
jcabi__jcabi-github,15,5,0.9218966312874944,0.9288660253597408,ORIGINAL_AFFECTED
jcabi__jcabi-github,15,6,0.9422011998154132,0.940508653865674,ORIGINAL_AFFECTED
jcabi__jcabi-github,15,7,0.9304914628518692,0.9321200083347162,ORIGINAL_AFFECTED
jcabi__jcabi-github,15,8,0.943527918781726,0.9437577850187906,ORIGINAL_AFFECTED
jcabi__jcabi-github,15,9,0.9313567143516384,0.9339004048454352,ORIGINAL_AFFECTED
jcabi__jcabi-github,15,10,0.9448546377480388,0.9471730504009164,ORIGINAL_AFFECTED
jcabi__jcabi-github,15,11,0.9486617443470238,0.9484742042537236,ORIGINAL_AFFECTED
jcabi__jcabi-github,15,12,0.9261652053530228,0.9229490213356066,ORIGINAL_AFFECTED
jcabi__jcabi-github,15,13,0.9297415782187358,0.9303183365355548,ORIGINAL_AFFECTED
jcabi__jcabi-github,15,14,0.9459506229810802,0.9455971150125246,ORIGINAL_AFFECTED
jcabi__jcabi-github,15,15,0.9514305491462856,0.9534160716251424,ORIGINAL_AFFECTED
jcabi__jcabi-github,15,16,0.937701892016613,0.9390629855129314,ORIGINAL_AFFECTED
jcabi__jcabi-github,15,17,0.9300299953853256,0.9301396768044018,ORIGINAL_AFFECTED
jcabi__jcabi-github,15,18,0.9349907706506694,0.9374202913934142,ORIGINAL_AFFECTED
jcabi__jcabi-github,15,19,0.9299723119520076,0.9313039445954464,ORIGINAL_AFFECTED
jcabi__jcabi-github,15,20,0.9326834333179512,0.9343317195832914,ORIGINAL_AFFECTED
jcabi__jcabi-github,15,21,0.9408167974157824,0.9422005090299028,ORIGINAL_AFFECTED
jcabi__jcabi-github,15,22,0.9446815874480852,0.9459911431836832,ORIGINAL_AFFECTED
jcabi__jcabi-github,15,23,0.9497577295800648,0.9525774849259512,ORIGINAL_AFFECTED
jcabi__jcabi-github,15,24,0.9327988001845872,0.9333324661306516,ORIGINAL_AFFECTED
jcabi__jcabi-github,15,25,0.9380479926165208,0.9358448195004933,ORIGINAL_AFFECTED
jcabi__jcabi-github,15,26,0.94145131518228,0.942946404830546,ORIGINAL_AFFECTED
jcabi__jcabi-github,15,27,0.9471619750807572,0.9478143961403082,ORIGINAL_AFFECTED
jcabi__jcabi-github,15,28,0.9445662205814492,0.9431236373224184,ORIGINAL_AFFECTED
jcabi__jcabi-github,15,29,0.933029533917859,0.9334160669411232,ORIGINAL_AFFECTED
jcabi__jcabi-github,15,30,0.9281264420858332,0.9293956029927029,ORIGINAL_AFFECTED
jcabi__jcabi-github,20,1,0.940009229349331,0.9404106615586856,ORIGINAL_AFFECTED
jcabi__jcabi-github,20,2,0.9422011998154132,0.9434768998362628,ORIGINAL_AFFECTED
jcabi__jcabi-github,20,3,0.9284725426857408,0.9289953806075868,ORIGINAL_AFFECTED
jcabi__jcabi-github,20,4,0.9540263036455932,0.9575192620583034,ORIGINAL_AFFECTED
jcabi__jcabi-github,20,5,0.9172819566220582,0.9221052047347256,ORIGINAL_AFFECTED
jcabi__jcabi-github,20,6,0.9371250576834336,0.9371460926117078,ORIGINAL_AFFECTED
jcabi__jcabi-github,20,7,0.9307798800184588,0.9302019167361704,ORIGINAL_AFFECTED
jcabi__jcabi-github,20,8,0.9405283802491928,0.9416519063703932,ORIGINAL_AFFECTED
jcabi__jcabi-github,20,9,0.9191855099215508,0.9192960116197408,ORIGINAL_AFFECTED
jcabi__jcabi-github,20,10,0.9394323950161516,0.94143821313486,ORIGINAL_AFFECTED
jcabi__jcabi-github,20,11,0.9458352561144442,0.9449605758931968,ORIGINAL_AFFECTED
jcabi__jcabi-github,20,12,0.9349330872173514,0.9313551017852156,ORIGINAL_AFFECTED
jcabi__jcabi-github,20,13,0.9444508537148134,0.94287564410316,ORIGINAL_AFFECTED
jcabi__jcabi-github,20,14,0.9503922473465622,0.9506862237370632,ORIGINAL_AFFECTED
jcabi__jcabi-github,20,15,0.9564490078449472,0.9581305318175491,ORIGINAL_AFFECTED
jcabi__jcabi-github,20,16,0.9357983387171206,0.93466064856148,ORIGINAL_AFFECTED
jcabi__jcabi-github,20,17,0.9267420396862024,0.9269231968912676,ORIGINAL_AFFECTED
jcabi__jcabi-github,20,18,0.9317604983848642,0.934047929396148,ORIGINAL_AFFECTED
jcabi__jcabi-github,20,19,0.9369520073834798,0.9383317111639726,ORIGINAL_AFFECTED
jcabi__jcabi-github,20,20,0.9399515459160132,0.9400130366892888,ORIGINAL_AFFECTED
jcabi__jcabi-github,20,21,0.9371250576834336,0.9386163588507151,ORIGINAL_AFFECTED
jcabi__jcabi-github,20,22,0.9413936317489618,0.9424765713493088,ORIGINAL_AFFECTED
jcabi__jcabi-github,20,23,0.9494116289801572,0.9508564888133167,ORIGINAL_AFFECTED
jcabi__jcabi-github,20,24,0.9487194277803416,0.9486794852198602,ORIGINAL_AFFECTED
jcabi__jcabi-github,20,25,0.9373557914167052,0.9345140153146884,ORIGINAL_AFFECTED
jcabi__jcabi-github,20,26,0.9363174896169824,0.9355876358184824,ORIGINAL_AFFECTED
jcabi__jcabi-github,20,27,0.9446239040147671,0.944449979539712,ORIGINAL_AFFECTED
jcabi__jcabi-github,20,28,0.941220581449008,0.9405177980997934,ORIGINAL_AFFECTED
jcabi__jcabi-github,20,29,0.9287609598523306,0.9300785734602776,ORIGINAL_AFFECTED
jcabi__jcabi-github,20,30,0.9299146285186896,0.93303215453323,ORIGINAL_AFFECTED
jcabi__jcabi-github,25,1,0.9364328564836182,0.9386616141901624,ORIGINAL_AFFECTED
jcabi__jcabi-github,25,2,0.9396631287494234,0.940592910477136,ORIGINAL_AFFECTED
jcabi__jcabi-github,25,3,0.937874942316567,0.9360724453901575,ORIGINAL_AFFECTED
jcabi__jcabi-github,25,4,0.9509113982464238,0.9547194266536996,ORIGINAL_AFFECTED
jcabi__jcabi-github,25,5,0.9228195662205816,0.9249187821094388,ORIGINAL_AFFECTED
jcabi__jcabi-github,25,6,0.936432856483618,0.93826620836872,ORIGINAL_AFFECTED
jcabi__jcabi-github,25,7,0.9336640516843564,0.93414651069006,ORIGINAL_AFFECTED
jcabi__jcabi-github,25,8,0.9430664513151824,0.9444402750911732,ORIGINAL_AFFECTED
jcabi__jcabi-github,25,9,0.9298569450853716,0.9287798181326836,ORIGINAL_AFFECTED
jcabi__jcabi-github,25,10,0.9357406552838028,0.9365330377383068,ORIGINAL_AFFECTED
jcabi__jcabi-github,25,11,0.9416820489155516,0.93968976494276,ORIGINAL_AFFECTED
jcabi__jcabi-github,25,12,0.9407591139824644,0.9393725115716576,ORIGINAL_AFFECTED
jcabi__jcabi-github,25,13,0.939143977849562,0.9378877438662848,ORIGINAL_AFFECTED
jcabi__jcabi-github,25,14,0.9499884633133366,0.950901249885341,ORIGINAL_AFFECTED
jcabi__jcabi-github,25,15,0.9548338717120444,0.9553517556844584,ORIGINAL_AFFECTED
jcabi__jcabi-github,25,16,0.933029533917859,0.932375336848412,ORIGINAL_AFFECTED
jcabi__jcabi-github,25,17,0.9243770189201664,0.9259540004089204,ORIGINAL_AFFECTED
jcabi__jcabi-github,25,18,0.9329141670512232,0.9365936626665065,ORIGINAL_AFFECTED
jcabi__jcabi-github,25,19,0.9472196585140752,0.9476584282095564,ORIGINAL_AFFECTED
jcabi__jcabi-github,25,20,0.9486040609137056,0.9487593384780304,ORIGINAL_AFFECTED
jcabi__jcabi-github,25,21,0.9333756345177668,0.9319341295840968,ORIGINAL_AFFECTED
jcabi__jcabi-github,25,22,0.9382210429164748,0.9384776693241914,ORIGINAL_AFFECTED
jcabi__jcabi-github,25,23,0.9469889247808032,0.9484249930214332,ORIGINAL_AFFECTED
jcabi__jcabi-github,25,24,0.9467581910475314,0.947664145222073,ORIGINAL_AFFECTED
jcabi__jcabi-github,25,25,0.9415666820489156,0.9410216880244076,ORIGINAL_AFFECTED
jcabi__jcabi-github,25,26,0.9428934010152288,0.939541580510851,ORIGINAL_AFFECTED
jcabi__jcabi-github,25,27,0.9423742501153672,0.9426934571491828,ORIGINAL_AFFECTED
jcabi__jcabi-github,25,28,0.9364905399169362,0.9366216228911431,ORIGINAL_AFFECTED
jcabi__jcabi-github,25,29,0.9421435163820951,0.9407251113648664,ORIGINAL_AFFECTED
jcabi__jcabi-github,25,30,0.930895246885095,0.9311261520684936,ORIGINAL_AFFECTED
jcabi__jcabi-github,30,1,0.9360867558837104,0.939544239871456,ORIGINAL_AFFECTED
jcabi__jcabi-github,30,2,0.936721273650208,0.9359805051105382,ORIGINAL_AFFECTED
jcabi__jcabi-github,30,3,0.9358560221504388,0.93449066804674,ORIGINAL_AFFECTED
jcabi__jcabi-github,30,4,0.9541416705122292,0.9565735526445048,ORIGINAL_AFFECTED
jcabi__jcabi-github,30,5,0.9345293031841256,0.933957705513752,ORIGINAL_AFFECTED
jcabi__jcabi-github,30,6,0.9325680664513156,0.9343201724322708,ORIGINAL_AFFECTED
jcabi__jcabi-github,30,7,0.9312413474850024,0.9325220149480704,ORIGINAL_AFFECTED
jcabi__jcabi-github,30,8,0.9499884633133366,0.9506719971158142,ORIGINAL_AFFECTED
jcabi__jcabi-github,30,9,0.927318874019382,0.9255842686605684,ORIGINAL_AFFECTED
jcabi__jcabi-github,30,10,0.9381056760498386,0.939128866975804,ORIGINAL_AFFECTED
jcabi__jcabi-github,30,11,0.9372981079833874,0.9350193080698904,ORIGINAL_AFFECTED
jcabi__jcabi-github,30,12,0.9371827411167516,0.9358196826505232,ORIGINAL_AFFECTED
jcabi__jcabi-github,30,13,0.9466428241808956,0.9475083491131232,ORIGINAL_AFFECTED
jcabi__jcabi-github,30,14,0.9559875403784036,0.9576983698392616,ORIGINAL_AFFECTED
jcabi__jcabi-github,30,15,0.9537955699123214,0.9522406384956992,ORIGINAL_AFFECTED
jcabi__jcabi-github,30,16,0.9310682971850488,0.9310978893875465,ORIGINAL_AFFECTED
jcabi__jcabi-github,30,17,0.9231656668204894,0.925052034098368,ORIGINAL_AFFECTED
jcabi__jcabi-github,30,18,0.9296262113521,0.9306503486600896,ORIGINAL_AFFECTED
jcabi__jcabi-github,30,19,0.9494116289801572,0.9513090118493644,ORIGINAL_AFFECTED
jcabi__jcabi-github,30,20,0.9485463774803878,0.9491871720565068,ORIGINAL_AFFECTED
jcabi__jcabi-github,30,21,0.9329141670512232,0.9332899083289216,ORIGINAL_AFFECTED
jcabi__jcabi-github,30,22,0.9378172588832488,0.9400670921484968,ORIGINAL_AFFECTED
jcabi__jcabi-github,30,23,0.9428357175819108,0.9455631163913892,ORIGINAL_AFFECTED
jcabi__jcabi-github,30,24,0.9446815874480852,0.9452921248559378,ORIGINAL_AFFECTED
jcabi__jcabi-github,30,25,0.9397208121827414,0.9388377312351184,ORIGINAL_AFFECTED
jcabi__jcabi-github,30,26,0.9383364097831106,0.9373627434596292,ORIGINAL_AFFECTED
jcabi__jcabi-github,30,27,0.9486040609137056,0.949345224189526,ORIGINAL_AFFECTED
jcabi__jcabi-github,30,28,0.9402976465159208,0.939276567753502,ORIGINAL_AFFECTED
jcabi__jcabi-github,30,29,0.9386825103830184,0.9370879732307128,ORIGINAL_AFFECTED
jcabi__jcabi-github,30,30,0.9345293031841256,0.9321064294345336,ORIGINAL_AFFECTED
jcabi__jcabi-github,40,1,0.9345869866174435,0.9397409814239756,ORIGINAL_AFFECTED
jcabi__jcabi-github,40,2,0.9367789570835258,0.9385645880145692,ORIGINAL_AFFECTED
jcabi__jcabi-github,40,3,0.9266266728195665,0.925572268170697,ORIGINAL_AFFECTED
jcabi__jcabi-github,40,4,0.9522958006460546,0.9550798594288524,ORIGINAL_AFFECTED
jcabi__jcabi-github,40,5,0.9346446700507616,0.9337676081674516,ORIGINAL_AFFECTED
jcabi__jcabi-github,40,6,0.9428934010152288,0.9436269921543524,ORIGINAL_AFFECTED
jcabi__jcabi-github,40,7,0.9246654360867562,0.924494796891203,ORIGINAL_AFFECTED
jcabi__jcabi-github,40,8,0.9472196585140752,0.9474990122405956,ORIGINAL_AFFECTED
jcabi__jcabi-github,40,9,0.9236848177203512,0.9236678461502908,ORIGINAL_AFFECTED
jcabi__jcabi-github,40,10,0.936548223350254,0.9399813375240724,ORIGINAL_AFFECTED
jcabi__jcabi-github,40,11,0.9238578680203048,0.9199448006572406,ORIGINAL_AFFECTED
jcabi__jcabi-github,40,12,0.9326834333179512,0.9327728839440036,ORIGINAL_AFFECTED
jcabi__jcabi-github,40,13,0.9426049838486388,0.9446545670254046,ORIGINAL_AFFECTED
jcabi__jcabi-github,40,14,0.954026303645593,0.953703436558184,ORIGINAL_AFFECTED
jcabi__jcabi-github,40,15,0.951949700046147,0.9506503445347668,ORIGINAL_AFFECTED
jcabi__jcabi-github,40,16,0.9287609598523306,0.929085373007152,ORIGINAL_AFFECTED
jcabi__jcabi-github,40,17,0.921377480387633,0.9224396135523132,ORIGINAL_AFFECTED
jcabi__jcabi-github,40,18,0.9167628057221968,0.916438549808073,ORIGINAL_AFFECTED
jcabi__jcabi-github,40,19,0.9456045223811724,0.94798185260369,ORIGINAL_AFFECTED
jcabi__jcabi-github,40,20,0.944912321181357,0.946636958495313,ORIGINAL_AFFECTED
jcabi__jcabi-github,40,21,0.9415666820489156,0.9427128624090024,ORIGINAL_AFFECTED
jcabi__jcabi-github,40,22,0.934240886017536,0.9378967329488984,ORIGINAL_AFFECTED
jcabi__jcabi-github,40,23,0.936721273650208,0.9397628287191634,ORIGINAL_AFFECTED
jcabi__jcabi-github,40,24,0.9396054453161056,0.9399921322446172,ORIGINAL_AFFECTED
jcabi__jcabi-github,40,25,0.9363751730503002,0.935502872980934,ORIGINAL_AFFECTED
jcabi__jcabi-github,40,26,0.937874942316567,0.9352678835574364,ORIGINAL_AFFECTED
jcabi__jcabi-github,40,27,0.9451430549146288,0.947169205700734,ORIGINAL_AFFECTED
jcabi__jcabi-github,40,28,0.9374134748500232,0.9367455091220076,ORIGINAL_AFFECTED
jcabi__jcabi-github,40,29,0.9386248269497004,0.9379850490027486,ORIGINAL_AFFECTED
jcabi__jcabi-github,40,30,0.9487771112136596,0.9440547650937988,ORIGINAL_AFFECTED
jcabi__jcabi-github,50,1,0.9302607291185976,0.93304559178779,ORIGINAL_AFFECTED
jcabi__jcabi-github,50,2,0.9510267651130596,0.9520484362153052,ORIGINAL_AFFECTED
jcabi__jcabi-github,50,3,0.9379903091832028,0.9386597197212132,ORIGINAL_AFFECTED
jcabi__jcabi-github,50,4,0.9502191970466084,0.9528250838449756,ORIGINAL_AFFECTED
jcabi__jcabi-github,50,5,0.935336871250577,0.931279371344067,ORIGINAL_AFFECTED
jcabi__jcabi-github,50,6,0.939086294416244,0.9358311282512608,ORIGINAL_AFFECTED
jcabi__jcabi-github,50,7,0.9422588832487312,0.9402972102395608,ORIGINAL_AFFECTED
jcabi__jcabi-github,50,8,0.9514882325796034,0.950273088595468,ORIGINAL_AFFECTED
jcabi__jcabi-github,50,9,0.922242731887402,0.922066379122633,ORIGINAL_AFFECTED
jcabi__jcabi-github,50,10,0.9309529303184128,0.9310821799950308,ORIGINAL_AFFECTED
jcabi__jcabi-github,50,11,0.917743424088602,0.9165217426639012,ORIGINAL_AFFECTED
jcabi__jcabi-github,50,12,0.9370673742501154,0.9348994619346744,ORIGINAL_AFFECTED
jcabi__jcabi-github,50,13,0.9384517766497464,0.9399935873582838,ORIGINAL_AFFECTED
jcabi__jcabi-github,50,14,0.950565297646516,0.95112403976554,ORIGINAL_AFFECTED
jcabi__jcabi-github,50,15,0.9489501615136136,0.94689419114087,ORIGINAL_AFFECTED
jcabi__jcabi-github,50,16,0.9244923857868024,0.9259496957985835,ORIGINAL_AFFECTED
jcabi__jcabi-github,50,17,0.942489616982003,0.9434486674533812,ORIGINAL_AFFECTED
jcabi__jcabi-github,50,18,0.9348754037840332,0.9356732151022064,ORIGINAL_AFFECTED
jcabi__jcabi-github,50,19,0.9428357175819108,0.9447785422434662,ORIGINAL_AFFECTED
jcabi__jcabi-github,50,20,0.941335948315644,0.9419750566474346,ORIGINAL_AFFECTED
jcabi__jcabi-github,50,21,0.937874942316567,0.93625131400761,ORIGINAL_AFFECTED
jcabi__jcabi-github,50,22,0.9311836640516848,0.9340557738029988,ORIGINAL_AFFECTED
jcabi__jcabi-github,50,23,0.9327988001845872,0.9351674693066662,ORIGINAL_AFFECTED
jcabi__jcabi-github,50,24,0.9355676049838488,0.9365666250425596,ORIGINAL_AFFECTED
jcabi__jcabi-github,50,25,0.939028610982926,0.9385408597397727,ORIGINAL_AFFECTED
jcabi__jcabi-github,50,26,0.931760498384864,0.9309266979696852,ORIGINAL_AFFECTED
jcabi__jcabi-github,50,27,0.9404130133825568,0.9426573284203404,ORIGINAL_AFFECTED
jcabi__jcabi-github,50,28,0.9354522381172128,0.934255297240028,ORIGINAL_AFFECTED
jcabi__jcabi-github,50,29,0.9344716197508076,0.9340228152263976,ORIGINAL_AFFECTED
jcabi__jcabi-github,50,30,0.9453737886479008,0.9409942234899374,ORIGINAL_AFFECTED
yamcs__Yamcs,0,1,0.3461983888250313,0.6529001565376455,ORIGINAL_AFFECTED
yamcs__Yamcs,0,2,0.3461983888250313,0.6529001565376455,ORIGINAL_AFFECTED
yamcs__Yamcs,0,3,0.3461983888250313,0.6529001565376455,ORIGINAL_AFFECTED
yamcs__Yamcs,0,4,0.3461983888250313,0.6529001565376455,ORIGINAL_AFFECTED
yamcs__Yamcs,0,5,0.3461983888250313,0.6529001565376455,ORIGINAL_AFFECTED
yamcs__Yamcs,0,6,0.3461983888250313,0.6529001565376455,ORIGINAL_AFFECTED
yamcs__Yamcs,0,7,0.3461983888250313,0.6529001565376455,ORIGINAL_AFFECTED
yamcs__Yamcs,0,8,0.3461983888250313,0.6529001565376455,ORIGINAL_AFFECTED
yamcs__Yamcs,0,9,0.3461983888250313,0.6529001565376455,ORIGINAL_AFFECTED
yamcs__Yamcs,0,10,0.3461983888250313,0.6529001565376455,ORIGINAL_AFFECTED
yamcs__Yamcs,0,11,0.3461983888250313,0.6529001565376455,ORIGINAL_AFFECTED
yamcs__Yamcs,0,12,0.3461983888250313,0.6529001565376455,ORIGINAL_AFFECTED
yamcs__Yamcs,0,13,0.3461983888250313,0.6529001565376455,ORIGINAL_AFFECTED
yamcs__Yamcs,0,14,0.3461983888250313,0.6529001565376455,ORIGINAL_AFFECTED
yamcs__Yamcs,0,15,0.3461983888250313,0.6529001565376455,ORIGINAL_AFFECTED
yamcs__Yamcs,0,16,0.3461983888250313,0.6529001565376455,ORIGINAL_AFFECTED
yamcs__Yamcs,0,17,0.3461983888250313,0.6529001565376455,ORIGINAL_AFFECTED
yamcs__Yamcs,0,18,0.3461983888250313,0.6529001565376455,ORIGINAL_AFFECTED
yamcs__Yamcs,0,19,0.3461983888250313,0.6529001565376455,ORIGINAL_AFFECTED
yamcs__Yamcs,0,20,0.3461983888250313,0.6529001565376455,ORIGINAL_AFFECTED
yamcs__Yamcs,0,21,0.3461983888250313,0.6529001565376455,ORIGINAL_AFFECTED
yamcs__Yamcs,0,22,0.3461983888250313,0.6529001565376455,ORIGINAL_AFFECTED
yamcs__Yamcs,0,23,0.3461983888250313,0.6529001565376455,ORIGINAL_AFFECTED
yamcs__Yamcs,0,24,0.3461983888250313,0.6529001565376455,ORIGINAL_AFFECTED
yamcs__Yamcs,0,25,0.3461983888250313,0.6529001565376455,ORIGINAL_AFFECTED
yamcs__Yamcs,0,26,0.3461983888250313,0.6529001565376455,ORIGINAL_AFFECTED
yamcs__Yamcs,0,27,0.3461983888250313,0.6529001565376455,ORIGINAL_AFFECTED
yamcs__Yamcs,0,28,0.3461983888250313,0.6529001565376455,ORIGINAL_AFFECTED
yamcs__Yamcs,0,29,0.3461983888250313,0.6529001565376455,ORIGINAL_AFFECTED
yamcs__Yamcs,0,30,0.3461983888250313,0.6529001565376455,ORIGINAL_AFFECTED
yamcs__Yamcs,5,1,0.7082803854833437,0.6239426601375955,ORIGINAL_AFFECTED
yamcs__Yamcs,5,2,0.7500027749071135,0.6575801974330912,ORIGINAL_AFFECTED
yamcs__Yamcs,5,3,0.7129224490925771,0.645889397459355,ORIGINAL_AFFECTED
yamcs__Yamcs,5,4,0.739568421550604,0.6510519237992286,ORIGINAL_AFFECTED
yamcs__Yamcs,5,5,0.7303378611617872,0.6533442524719393,ORIGINAL_AFFECTED
yamcs__Yamcs,5,6,0.7466608608653471,0.6616036210699681,ORIGINAL_AFFECTED
yamcs__Yamcs,5,7,0.7700716768838882,0.669444223520879,ORIGINAL_AFFECTED
yamcs__Yamcs,5,8,0.73155440521008,0.639717175284043,ORIGINAL_AFFECTED
yamcs__Yamcs,5,9,0.7315307763623645,0.654925469460544,ORIGINAL_AFFECTED
yamcs__Yamcs,5,10,0.7515558646206446,0.6489027945483145,ORIGINAL_AFFECTED
yamcs__Yamcs,5,11,0.7514537867283918,0.6620235701652133,ORIGINAL_AFFECTED
yamcs__Yamcs,5,12,0.7083947293725196,0.644913315295874,ORIGINAL_AFFECTED
yamcs__Yamcs,5,13,0.7375709101821876,0.6558144855354688,ORIGINAL_AFFECTED
yamcs__Yamcs,5,14,0.7355383395081908,0.6576994320114387,ORIGINAL_AFFECTED
yamcs__Yamcs,5,15,0.7078686208567234,0.6372588998974429,ORIGINAL_AFFECTED
yamcs__Yamcs,5,16,0.7495674244341568,0.6445555095160207,ORIGINAL_AFFECTED
yamcs__Yamcs,5,17,0.7024170267006928,0.6355560267747882,ORIGINAL_AFFECTED
yamcs__Yamcs,5,18,0.6931785518318938,0.6281250357481121,ORIGINAL_AFFECTED
yamcs__Yamcs,5,19,0.6675140436704197,0.62249250617381,ORIGINAL_AFFECTED
yamcs__Yamcs,5,20,0.7311086643970846,0.6489222514261621,ORIGINAL_AFFECTED
yamcs__Yamcs,5,21,0.7365467788510547,0.6453257399400452,ORIGINAL_AFFECTED
yamcs__Yamcs,5,22,0.6999485235704971,0.6280512891969192,ORIGINAL_AFFECTED
yamcs__Yamcs,5,23,0.7522244418608467,0.6268030782211972,ORIGINAL_AFFECTED
yamcs__Yamcs,5,24,0.7186898526997718,0.5899738272163695,ORIGINAL_AFFECTED
yamcs__Yamcs,5,25,0.7301548392076497,0.6409289779233899,ORIGINAL_AFFECTED
yamcs__Yamcs,5,26,0.7186009221569585,0.6454932289757496,ORIGINAL_AFFECTED
yamcs__Yamcs,5,27,0.6875694268689488,0.6287216397496806,ORIGINAL_AFFECTED
yamcs__Yamcs,5,28,0.7414849870410013,0.660565705240265,ORIGINAL_AFFECTED
yamcs__Yamcs,5,29,0.7142170013333944,0.570675704066514,ORIGINAL_AFFECTED
yamcs__Yamcs,5,30,0.7052752045201831,0.6491060969518899,ORIGINAL_AFFECTED
yamcs__Yamcs,10,1,0.7370695465580737,0.6289171467202631,ORIGINAL_AFFECTED
yamcs__Yamcs,10,2,0.7143035146597209,0.6362008098898675,ORIGINAL_AFFECTED
yamcs__Yamcs,10,3,0.6592280489969664,0.6184115988494803,ORIGINAL_AFFECTED
yamcs__Yamcs,10,4,0.6328928076678373,0.5433938369476802,ORIGINAL_AFFECTED
yamcs__Yamcs,10,5,0.6961877493230505,0.6265054723625028,ORIGINAL_AFFECTED
yamcs__Yamcs,10,6,0.7377863277583863,0.6586582771718753,ORIGINAL_AFFECTED
yamcs__Yamcs,10,7,0.726339032099885,0.5901991708495277,ORIGINAL_AFFECTED
yamcs__Yamcs,10,8,0.7387337770267184,0.6360883219574633,ORIGINAL_AFFECTED
yamcs__Yamcs,10,9,0.7192680091123087,0.5723919282150778,ORIGINAL_AFFECTED
yamcs__Yamcs,10,10,0.7546797481372904,0.644011053021009,ORIGINAL_AFFECTED
yamcs__Yamcs,10,11,0.7136265371528401,0.6622375811247003,ORIGINAL_AFFECTED
yamcs__Yamcs,10,12,0.7116805917610763,0.6413934172808211,ORIGINAL_AFFECTED
yamcs__Yamcs,10,13,0.7341508789212396,0.6299088251286754,ORIGINAL_AFFECTED
yamcs__Yamcs,10,14,0.6943313367863324,0.571957139644052,ORIGINAL_AFFECTED
yamcs__Yamcs,10,15,0.7261446819772667,0.6385340058282476,ORIGINAL_AFFECTED
yamcs__Yamcs,10,16,0.7582607261198813,0.6430129411308891,ORIGINAL_AFFECTED
yamcs__Yamcs,10,17,0.721771389758876,0.6358695676318902,ORIGINAL_AFFECTED
yamcs__Yamcs,10,18,0.773871662061887,0.6585911710537535,ORIGINAL_AFFECTED
yamcs__Yamcs,10,19,0.7210093018603076,0.6398885581188091,ORIGINAL_AFFECTED
yamcs__Yamcs,10,20,0.7345456251955274,0.6562337445110247,ORIGINAL_AFFECTED
yamcs__Yamcs,10,21,0.7431926514802669,0.6402759091593442,ORIGINAL_AFFECTED
yamcs__Yamcs,10,22,0.6805612570170166,0.6235351377069001,ORIGINAL_AFFECTED
yamcs__Yamcs,10,23,0.7210102289091125,0.6201110215568946,ORIGINAL_AFFECTED
yamcs__Yamcs,10,24,0.6809553066572462,0.5689776679312845,ORIGINAL_AFFECTED
yamcs__Yamcs,10,25,0.7098372723241015,0.6324731113294204,ORIGINAL_AFFECTED
yamcs__Yamcs,10,26,0.7076897166068514,0.6145545433645415,ORIGINAL_AFFECTED
yamcs__Yamcs,10,27,0.7211591658845571,0.6392453393635844,ORIGINAL_AFFECTED
yamcs__Yamcs,10,28,0.7154467718794415,0.6402718284261877,ORIGINAL_AFFECTED
yamcs__Yamcs,10,29,0.694133569518701,0.5698317958811648,ORIGINAL_AFFECTED
yamcs__Yamcs,10,30,0.7385378126534194,0.6430916480857328,ORIGINAL_AFFECTED
yamcs__Yamcs,15,1,0.717628023395328,0.6251499801071849,ORIGINAL_AFFECTED
yamcs__Yamcs,15,2,0.7232512063527214,0.6432726584859505,ORIGINAL_AFFECTED
yamcs__Yamcs,15,3,0.6631750805543546,0.5583297982936527,ORIGINAL_AFFECTED
yamcs__Yamcs,15,4,0.6127448450192803,0.5362124688556678,ORIGINAL_AFFECTED
yamcs__Yamcs,15,5,0.6841290029948646,0.6242712724773488,ORIGINAL_AFFECTED
yamcs__Yamcs,15,6,0.7138710354954708,0.6375054468230049,ORIGINAL_AFFECTED
yamcs__Yamcs,15,7,0.7399295689258208,0.6492992977041027,ORIGINAL_AFFECTED
yamcs__Yamcs,15,8,0.7624119482612562,0.6518523892414565,ORIGINAL_AFFECTED
yamcs__Yamcs,15,9,0.7233362967669291,0.5832052917833412,ORIGINAL_AFFECTED
yamcs__Yamcs,15,10,0.7366304757628058,0.62738113884996,ORIGINAL_AFFECTED
yamcs__Yamcs,15,11,0.7385997996100583,0.6625840844727606,ORIGINAL_AFFECTED
yamcs__Yamcs,15,12,0.7487401531821606,0.652094354862081,ORIGINAL_AFFECTED
yamcs__Yamcs,15,13,0.731555402326527,0.626261097507257,ORIGINAL_AFFECTED
yamcs__Yamcs,15,14,0.6904534053987236,0.5703317596032476,ORIGINAL_AFFECTED
yamcs__Yamcs,15,15,0.7096757394596824,0.6320269793252049,ORIGINAL_AFFECTED
yamcs__Yamcs,15,16,0.7552892005317173,0.6453998712820086,ORIGINAL_AFFECTED
yamcs__Yamcs,15,17,0.693765642981929,0.5698279386398448,ORIGINAL_AFFECTED
yamcs__Yamcs,15,18,0.7760174687829907,0.659929362287031,ORIGINAL_AFFECTED
yamcs__Yamcs,15,19,0.7254152441353501,0.6404338933163245,ORIGINAL_AFFECTED
yamcs__Yamcs,15,20,0.7689226349241501,0.6723732302492846,ORIGINAL_AFFECTED
yamcs__Yamcs,15,21,0.7389297656542009,0.6318607134796388,ORIGINAL_AFFECTED
yamcs__Yamcs,15,22,0.7351744176066627,0.6486973566671096,ORIGINAL_AFFECTED
yamcs__Yamcs,15,23,0.6862705045983355,0.5470150329289106,ORIGINAL_AFFECTED
yamcs__Yamcs,15,24,0.6414178016042913,0.5572153975657468,ORIGINAL_AFFECTED
yamcs__Yamcs,15,25,0.7058390307524304,0.6369799647568459,ORIGINAL_AFFECTED
yamcs__Yamcs,15,26,0.6833700195146586,0.613569109472033,ORIGINAL_AFFECTED
yamcs__Yamcs,15,27,0.7593870513415377,0.6516140559253126,ORIGINAL_AFFECTED
yamcs__Yamcs,15,28,0.7115502038464558,0.6350026452259183,ORIGINAL_AFFECTED
yamcs__Yamcs,15,29,0.70647096003801,0.5715012891892323,ORIGINAL_AFFECTED
yamcs__Yamcs,15,30,0.7277097842490752,0.6469107772133765,ORIGINAL_AFFECTED
yamcs__Yamcs,20,1,0.6940571742294025,0.6247711005714771,ORIGINAL_AFFECTED
yamcs__Yamcs,20,2,0.7188929963114893,0.6528027711097019,ORIGINAL_AFFECTED
yamcs__Yamcs,20,3,0.6507880174665275,0.5597326318983876,ORIGINAL_AFFECTED
yamcs__Yamcs,20,4,0.6698331167739358,0.5616947457172425,ORIGINAL_AFFECTED
yamcs__Yamcs,20,5,0.7473384702112926,0.6564472679045381,ORIGINAL_AFFECTED
yamcs__Yamcs,20,6,0.7131551853863269,0.64037158871803,ORIGINAL_AFFECTED
yamcs__Yamcs,20,7,0.7379255979769433,0.6546557964082903,ORIGINAL_AFFECTED
yamcs__Yamcs,20,8,0.7500673448171622,0.6472225501911575,ORIGINAL_AFFECTED
yamcs__Yamcs,20,9,0.7199093018603077,0.5820300590448123,ORIGINAL_AFFECTED
yamcs__Yamcs,20,10,0.7348553726825245,0.6289747296978861,ORIGINAL_AFFECTED
yamcs__Yamcs,20,11,0.7232344588387754,0.6455788105753189,ORIGINAL_AFFECTED
yamcs__Yamcs,20,12,0.743730148331324,0.6526834866071187,ORIGINAL_AFFECTED
yamcs__Yamcs,20,13,0.7199904253680016,0.6247619462151741,ORIGINAL_AFFECTED
yamcs__Yamcs,20,14,0.6484916461619219,0.5559533574114581,ORIGINAL_AFFECTED
yamcs__Yamcs,20,15,0.7149440392413948,0.6297839755590499,ORIGINAL_AFFECTED
yamcs__Yamcs,20,16,0.758499071984543,0.6452074701008405,ORIGINAL_AFFECTED
yamcs__Yamcs,20,17,0.6989218399259017,0.5667044426186065,ORIGINAL_AFFECTED
yamcs__Yamcs,20,18,0.7634428386592942,0.6513226485727803,ORIGINAL_AFFECTED
yamcs__Yamcs,20,19,0.7017506229048545,0.5760798235325295,ORIGINAL_AFFECTED
yamcs__Yamcs,20,20,0.7622487809343369,0.6425060829433746,ORIGINAL_AFFECTED
yamcs__Yamcs,20,21,0.7400262124162673,0.6384578095911106,ORIGINAL_AFFECTED
yamcs__Yamcs,20,22,0.7327767460083121,0.6497001998456021,ORIGINAL_AFFECTED
yamcs__Yamcs,20,23,0.6803548121413867,0.5500894518728617,ORIGINAL_AFFECTED
yamcs__Yamcs,20,24,0.6205989897898088,0.545899041284301,ORIGINAL_AFFECTED
yamcs__Yamcs,20,25,0.6416047407262899,0.6131729275121277,ORIGINAL_AFFECTED
yamcs__Yamcs,20,26,0.6961600806891,0.6208341484325933,ORIGINAL_AFFECTED
yamcs__Yamcs,20,27,0.7553563091635118,0.6514701254872607,ORIGINAL_AFFECTED
yamcs__Yamcs,20,28,0.7231499680418907,0.639413083634199,ORIGINAL_AFFECTED
yamcs__Yamcs,20,29,0.6789576781774447,0.5661060758019714,ORIGINAL_AFFECTED
yamcs__Yamcs,20,30,0.7212714626385975,0.6403352605825612,ORIGINAL_AFFECTED
yamcs__Yamcs,25,1,0.7185525740191995,0.6478186007780982,ORIGINAL_AFFECTED
yamcs__Yamcs,25,2,0.7108228410847127,0.6490685787042005,ORIGINAL_AFFECTED
yamcs__Yamcs,25,3,0.687902923009956,0.6518813684910657,ORIGINAL_AFFECTED
yamcs__Yamcs,25,4,0.6519286149279229,0.5617864172664344,ORIGINAL_AFFECTED
yamcs__Yamcs,25,5,0.7523636339270336,0.6578037919609128,ORIGINAL_AFFECTED
yamcs__Yamcs,25,6,0.67032233983158,0.6244243554604445,ORIGINAL_AFFECTED
yamcs__Yamcs,25,7,0.7226982028762885,0.6463302351447637,ORIGINAL_AFFECTED
yamcs__Yamcs,25,8,0.7408833135023158,0.6420047850527193,ORIGINAL_AFFECTED
yamcs__Yamcs,25,9,0.6909831262061185,0.5625273475395123,ORIGINAL_AFFECTED
yamcs__Yamcs,25,10,0.7206685642636277,0.630593168069911,ORIGINAL_AFFECTED
yamcs__Yamcs,25,11,0.7014402798428985,0.6288430600856001,ORIGINAL_AFFECTED
yamcs__Yamcs,25,12,0.7215257798833222,0.6399685157358179,ORIGINAL_AFFECTED
yamcs__Yamcs,25,13,0.6963180630104949,0.6211097584918966,ORIGINAL_AFFECTED
yamcs__Yamcs,25,14,0.6442293614178035,0.5556885443411915,ORIGINAL_AFFECTED
yamcs__Yamcs,25,15,0.754128807613939,0.6373320638466901,ORIGINAL_AFFECTED
yamcs__Yamcs,25,16,0.743739998224875,0.6470167559686135,ORIGINAL_AFFECTED
yamcs__Yamcs,25,17,0.6757219221206359,0.5603349904704977,ORIGINAL_AFFECTED
yamcs__Yamcs,25,18,0.7537642914849068,0.6387378976858874,ORIGINAL_AFFECTED
yamcs__Yamcs,25,19,0.6927371982140953,0.5772467638319722,ORIGINAL_AFFECTED
yamcs__Yamcs,25,20,0.7576640004347006,0.6361883486523654,ORIGINAL_AFFECTED
yamcs__Yamcs,25,21,0.7225936269202694,0.6343437755430241,ORIGINAL_AFFECTED
yamcs__Yamcs,25,22,0.7229595497919646,0.6457208215855749,ORIGINAL_AFFECTED
yamcs__Yamcs,25,23,0.6535706716827132,0.5434558513896837,ORIGINAL_AFFECTED
yamcs__Yamcs,25,24,0.6240175927488193,0.5498526341067511,ORIGINAL_AFFECTED
yamcs__Yamcs,25,25,0.6302614348810316,0.588326399960423,ORIGINAL_AFFECTED
yamcs__Yamcs,25,26,0.7121687879411011,0.6210736350842028,ORIGINAL_AFFECTED
yamcs__Yamcs,25,27,0.7522017493769487,0.6502421603012112,ORIGINAL_AFFECTED
yamcs__Yamcs,25,28,0.7121302493904232,0.6344802337507234,ORIGINAL_AFFECTED
yamcs__Yamcs,25,29,0.7016052999199729,0.5792516690156544,ORIGINAL_AFFECTED
yamcs__Yamcs,25,30,0.7207079409311029,0.6396720663424201,ORIGINAL_AFFECTED
yamcs__Yamcs,30,1,0.7492351958964734,0.6531533623060058,ORIGINAL_AFFECTED
yamcs__Yamcs,30,2,0.7003947426127263,0.6483498389658531,ORIGINAL_AFFECTED
yamcs__Yamcs,30,3,0.6626994277125726,0.6470338763951359,ORIGINAL_AFFECTED
yamcs__Yamcs,30,4,0.7512562390958697,0.6510946749609949,ORIGINAL_AFFECTED
yamcs__Yamcs,30,5,0.739557021967026,0.657992801991887,ORIGINAL_AFFECTED
yamcs__Yamcs,30,6,0.6811565193664385,0.6288920436745319,ORIGINAL_AFFECTED
yamcs__Yamcs,30,7,0.7173293573754396,0.6489697262066821,ORIGINAL_AFFECTED
yamcs__Yamcs,30,8,0.708174964673254,0.5616129284095693,ORIGINAL_AFFECTED
yamcs__Yamcs,30,9,0.6956770720923393,0.5500118588526133,ORIGINAL_AFFECTED
yamcs__Yamcs,30,10,0.7176962989228566,0.634856735373819,ORIGINAL_AFFECTED
yamcs__Yamcs,30,11,0.6967914440437231,0.6319619808607484,ORIGINAL_AFFECTED
yamcs__Yamcs,30,12,0.7063255831549421,0.5731958019634383,ORIGINAL_AFFECTED
yamcs__Yamcs,30,13,0.6355686410685433,0.5366814066879554,ORIGINAL_AFFECTED
yamcs__Yamcs,30,14,0.6253846218807889,0.526628580493163,ORIGINAL_AFFECTED
yamcs__Yamcs,30,15,0.7565966708203422,0.6435917293271085,ORIGINAL_AFFECTED
yamcs__Yamcs,30,16,0.7447700612857531,0.6503121792340167,ORIGINAL_AFFECTED
yamcs__Yamcs,30,17,0.7246989183747119,0.5686086150886813,ORIGINAL_AFFECTED
yamcs__Yamcs,30,18,0.7474639155450571,0.6392397701743658,ORIGINAL_AFFECTED
yamcs__Yamcs,30,19,0.6839504167442918,0.5710046943991134,ORIGINAL_AFFECTED
yamcs__Yamcs,30,20,0.7490602531632963,0.6345676293845475,ORIGINAL_AFFECTED
yamcs__Yamcs,30,21,0.7139894915819235,0.626399464391383,ORIGINAL_AFFECTED
yamcs__Yamcs,30,22,0.714860629103146,0.6467013359110166,ORIGINAL_AFFECTED
yamcs__Yamcs,30,23,0.6259530941366976,0.5352821742974279,ORIGINAL_AFFECTED
yamcs__Yamcs,30,24,0.6145619172697991,0.537108403318466,ORIGINAL_AFFECTED
yamcs__Yamcs,30,25,0.6647363035042023,0.6081992864573721,ORIGINAL_AFFECTED
yamcs__Yamcs,30,26,0.7039550115646761,0.6226699577771079,ORIGINAL_AFFECTED
yamcs__Yamcs,30,27,0.7501632701142759,0.6568568025743597,ORIGINAL_AFFECTED
yamcs__Yamcs,30,28,0.6968754807483879,0.6345472177605975,ORIGINAL_AFFECTED
yamcs__Yamcs,30,29,0.6770755831549421,0.5671742021464066,ORIGINAL_AFFECTED
yamcs__Yamcs,30,30,0.7225706137421628,0.6441819339886028,ORIGINAL_AFFECTED
yamcs__Yamcs,40,1,0.7428552541065145,0.6511487308229852,ORIGINAL_AFFECTED
yamcs__Yamcs,40,2,0.7456910681038735,0.6347730658665955,ORIGINAL_AFFECTED
yamcs__Yamcs,40,3,0.6634006619810396,0.6346145610825223,ORIGINAL_AFFECTED
yamcs__Yamcs,40,4,0.7476795231123624,0.6444070284152676,ORIGINAL_AFFECTED
yamcs__Yamcs,40,5,0.7217946765874481,0.6543560246648761,ORIGINAL_AFFECTED
yamcs__Yamcs,40,6,0.7117851958964733,0.6413783403479723,ORIGINAL_AFFECTED
yamcs__Yamcs,40,7,0.7177574006017851,0.63307539177174,ORIGINAL_AFFECTED
yamcs__Yamcs,40,8,0.6813963757277721,0.5542489167361325,ORIGINAL_AFFECTED
yamcs__Yamcs,40,9,0.6553814324556131,0.5452550445397968,ORIGINAL_AFFECTED
yamcs__Yamcs,40,10,0.6983967934387161,0.6265782972985823,ORIGINAL_AFFECTED
yamcs__Yamcs,40,11,0.7313202216328574,0.644450673380316,ORIGINAL_AFFECTED
yamcs__Yamcs,40,12,0.6996443316390556,0.571847721554138,ORIGINAL_AFFECTED
yamcs__Yamcs,40,13,0.6728069599841118,0.5613746056519933,ORIGINAL_AFFECTED
yamcs__Yamcs,40,14,0.6551674229695322,0.5426840561189268,ORIGINAL_AFFECTED
yamcs__Yamcs,40,15,0.753640340478358,0.6403083496721076,ORIGINAL_AFFECTED
yamcs__Yamcs,40,16,0.7065234245325798,0.6283574388503161,ORIGINAL_AFFECTED
yamcs__Yamcs,40,17,0.6892968756334501,0.5491537769950412,ORIGINAL_AFFECTED
yamcs__Yamcs,40,18,0.7413363506651154,0.6363942474691493,ORIGINAL_AFFECTED
yamcs__Yamcs,40,19,0.7272888124647757,0.6489061276743289,ORIGINAL_AFFECTED
yamcs__Yamcs,40,20,0.7252942063257725,0.6366506302342525,ORIGINAL_AFFECTED
yamcs__Yamcs,40,21,0.706783391654686,0.6270757361386537,ORIGINAL_AFFECTED
yamcs__Yamcs,40,22,0.7200232628380208,0.6614331442550272,ORIGINAL_AFFECTED
yamcs__Yamcs,40,23,0.6760852322777492,0.6274485802106706,ORIGINAL_AFFECTED
yamcs__Yamcs,40,24,0.6141989682305342,0.6074131434733588,ORIGINAL_AFFECTED
yamcs__Yamcs,40,25,0.6572012925898196,0.6012611346349737,ORIGINAL_AFFECTED
yamcs__Yamcs,40,26,0.6999910047735046,0.6239627832516158,ORIGINAL_AFFECTED
yamcs__Yamcs,40,27,0.7362535320594615,0.6479419906165769,ORIGINAL_AFFECTED
yamcs__Yamcs,40,28,0.6860926284563678,0.6374455228063395,ORIGINAL_AFFECTED
yamcs__Yamcs,40,29,0.6496009382092445,0.5522603304469977,ORIGINAL_AFFECTED
yamcs__Yamcs,40,30,0.7378550115646761,0.6459050312987061,ORIGINAL_AFFECTED
yamcs__Yamcs,50,1,0.7326124454720251,0.6471217138040966,ORIGINAL_AFFECTED
yamcs__Yamcs,50,2,0.7307917930344796,0.6386712525576608,ORIGINAL_AFFECTED
yamcs__Yamcs,50,3,0.626324377183023,0.5577580498435369,ORIGINAL_AFFECTED
yamcs__Yamcs,50,4,0.7406204641746957,0.6423830631331616,ORIGINAL_AFFECTED
yamcs__Yamcs,50,5,0.7101311306257697,0.651752105634355,ORIGINAL_AFFECTED
yamcs__Yamcs,50,6,0.7058749458088889,0.647386427651377,ORIGINAL_AFFECTED
yamcs__Yamcs,50,7,0.7364339225518213,0.6461786883178811,ORIGINAL_AFFECTED
yamcs__Yamcs,50,8,0.7382712281814869,0.6435337035887624,ORIGINAL_AFFECTED
yamcs__Yamcs,50,9,0.7211856836750596,0.6423132963874497,ORIGINAL_AFFECTED
yamcs__Yamcs,50,10,0.6938638899434186,0.6224524164745111,ORIGINAL_AFFECTED
yamcs__Yamcs,50,11,0.7215705005559715,0.6407929315607241,ORIGINAL_AFFECTED
yamcs__Yamcs,50,12,0.6741451508914877,0.5593423933007493,ORIGINAL_AFFECTED
yamcs__Yamcs,50,13,0.6668904913932798,0.5545724898464124,ORIGINAL_AFFECTED
yamcs__Yamcs,50,14,0.6793334873239667,0.5686528301472872,ORIGINAL_AFFECTED
yamcs__Yamcs,50,15,0.7415826640291707,0.6372229351656872,ORIGINAL_AFFECTED
yamcs__Yamcs,50,16,0.7362891735826242,0.6553700302166704,ORIGINAL_AFFECTED
yamcs__Yamcs,50,17,0.7406129211235194,0.6498892720431192,ORIGINAL_AFFECTED
yamcs__Yamcs,50,18,0.7421522856639026,0.6382730912930367,ORIGINAL_AFFECTED
yamcs__Yamcs,50,19,0.7249721862217489,0.650177986274026,ORIGINAL_AFFECTED
yamcs__Yamcs,50,20,0.7163281621831578,0.6349495432139102,ORIGINAL_AFFECTED
yamcs__Yamcs,50,21,0.7008945970876233,0.6249374578176052,ORIGINAL_AFFECTED
yamcs__Yamcs,50,22,0.6997935150815328,0.6440061504677634,ORIGINAL_AFFECTED
yamcs__Yamcs,50,23,0.6772844898302324,0.6377948722065441,ORIGINAL_AFFECTED
yamcs__Yamcs,50,24,0.6627272620834461,0.6374376305980838,ORIGINAL_AFFECTED
yamcs__Yamcs,50,25,0.6850376078403115,0.6283278435679484,ORIGINAL_AFFECTED
yamcs__Yamcs,50,26,0.6944685939076303,0.6250655646513954,ORIGINAL_AFFECTED
yamcs__Yamcs,50,27,0.7326506943199513,0.65070154085807,ORIGINAL_AFFECTED
yamcs__Yamcs,50,28,0.6630883327709175,0.6308222556995019,ORIGINAL_AFFECTED
yamcs__Yamcs,50,29,0.6337296794171029,0.5412541237521097,ORIGINAL_AFFECTED
yamcs__Yamcs,50,30,0.736446789396352,0.6476489139081663,ORIGINAL_AFFECTED
zolyfarkas__spf4j,0,1,0.5724975420439373,0.8863451594508348,ORIGINAL_AFFECTED
zolyfarkas__spf4j,0,2,0.5724975420439373,0.8863451594508348,ORIGINAL_AFFECTED
zolyfarkas__spf4j,0,3,0.5724975420439373,0.8863451594508348,ORIGINAL_AFFECTED
zolyfarkas__spf4j,0,4,0.5724975420439373,0.8863451594508348,ORIGINAL_AFFECTED
zolyfarkas__spf4j,0,5,0.5724975420439373,0.8863451594508348,ORIGINAL_AFFECTED
zolyfarkas__spf4j,0,6,0.5724975420439373,0.8863451594508348,ORIGINAL_AFFECTED
zolyfarkas__spf4j,0,7,0.5724975420439373,0.8863451594508348,ORIGINAL_AFFECTED
zolyfarkas__spf4j,0,8,0.5724975420439373,0.8863451594508348,ORIGINAL_AFFECTED
zolyfarkas__spf4j,0,9,0.5724975420439373,0.8863451594508348,ORIGINAL_AFFECTED
zolyfarkas__spf4j,0,10,0.5724975420439373,0.8863451594508348,ORIGINAL_AFFECTED
zolyfarkas__spf4j,0,11,0.5724975420439373,0.8863451594508348,ORIGINAL_AFFECTED
zolyfarkas__spf4j,0,12,0.5724975420439373,0.8863451594508348,ORIGINAL_AFFECTED
zolyfarkas__spf4j,0,13,0.5724975420439373,0.8863451594508348,ORIGINAL_AFFECTED
zolyfarkas__spf4j,0,14,0.5724975420439373,0.8863451594508348,ORIGINAL_AFFECTED
zolyfarkas__spf4j,0,15,0.5724975420439373,0.8863451594508348,ORIGINAL_AFFECTED
zolyfarkas__spf4j,0,16,0.5724975420439373,0.8863451594508348,ORIGINAL_AFFECTED
zolyfarkas__spf4j,0,17,0.5724975420439373,0.8863451594508348,ORIGINAL_AFFECTED
zolyfarkas__spf4j,0,18,0.5724975420439373,0.8863451594508348,ORIGINAL_AFFECTED
zolyfarkas__spf4j,0,19,0.5724975420439373,0.8863451594508348,ORIGINAL_AFFECTED
zolyfarkas__spf4j,0,20,0.5724975420439373,0.8863451594508348,ORIGINAL_AFFECTED
zolyfarkas__spf4j,0,21,0.5724975420439373,0.8863451594508348,ORIGINAL_AFFECTED
zolyfarkas__spf4j,0,22,0.5724975420439373,0.8863451594508348,ORIGINAL_AFFECTED
zolyfarkas__spf4j,0,23,0.5724975420439373,0.8863451594508348,ORIGINAL_AFFECTED
zolyfarkas__spf4j,0,24,0.5724975420439373,0.8863451594508348,ORIGINAL_AFFECTED
zolyfarkas__spf4j,0,25,0.5724975420439373,0.8863451594508348,ORIGINAL_AFFECTED
zolyfarkas__spf4j,0,26,0.5724975420439373,0.8863451594508348,ORIGINAL_AFFECTED
zolyfarkas__spf4j,0,27,0.5724975420439373,0.8863451594508348,ORIGINAL_AFFECTED
zolyfarkas__spf4j,0,28,0.5724975420439373,0.8863451594508348,ORIGINAL_AFFECTED
zolyfarkas__spf4j,0,29,0.5724975420439373,0.8863451594508348,ORIGINAL_AFFECTED
zolyfarkas__spf4j,0,30,0.5724975420439373,0.8863451594508348,ORIGINAL_AFFECTED
zolyfarkas__spf4j,5,1,0.8942094760133811,0.9028345856719991,ORIGINAL_AFFECTED
zolyfarkas__spf4j,5,2,0.9055904815793406,0.9171841153405516,ORIGINAL_AFFECTED
zolyfarkas__spf4j,5,3,0.8810164830953899,0.899297430977388,ORIGINAL_AFFECTED
zolyfarkas__spf4j,5,4,0.8745449111051422,0.8876753734035067,ORIGINAL_AFFECTED
zolyfarkas__spf4j,5,5,0.9050557275055864,0.910278408217664,ORIGINAL_AFFECTED
zolyfarkas__spf4j,5,6,0.907709679291627,0.9001436998664605,ORIGINAL_AFFECTED
zolyfarkas__spf4j,5,7,0.9097777179177348,0.9101964117627502,ORIGINAL_AFFECTED
zolyfarkas__spf4j,5,8,0.9027030115869668,0.9033304878024492,ORIGINAL_AFFECTED
zolyfarkas__spf4j,5,9,0.92860355009372,0.919557069104598,ORIGINAL_AFFECTED
zolyfarkas__spf4j,5,10,0.8771990974001311,0.8991109278839309,ORIGINAL_AFFECTED
zolyfarkas__spf4j,5,11,0.9074724257093204,0.9016174260658648,ORIGINAL_AFFECTED
zolyfarkas__spf4j,5,12,0.9188658018083884,0.9022091802409898,ORIGINAL_AFFECTED
zolyfarkas__spf4j,5,13,0.9050597953821456,0.9170824114332168,ORIGINAL_AFFECTED
zolyfarkas__spf4j,5,14,0.8951705926848015,0.8928792437573361,ORIGINAL_AFFECTED
zolyfarkas__spf4j,5,15,0.9029694901195784,0.8846642348707698,ORIGINAL_AFFECTED
zolyfarkas__spf4j,5,16,0.9200127587007504,0.9175728336051088,ORIGINAL_AFFECTED
zolyfarkas__spf4j,5,17,0.9255333018325024,0.9221315628858098,ORIGINAL_AFFECTED
zolyfarkas__spf4j,5,18,0.9131160058839268,0.9012321114572742,ORIGINAL_AFFECTED
zolyfarkas__spf4j,5,19,0.9222763307963212,0.9100216808359816,ORIGINAL_AFFECTED
zolyfarkas__spf4j,5,20,0.9240880428114424,0.9205446035283186,ORIGINAL_AFFECTED
zolyfarkas__spf4j,5,21,0.9121355771159464,0.920107166134217,ORIGINAL_AFFECTED
zolyfarkas__spf4j,5,22,0.8731331567165038,0.9153243461401604,ORIGINAL_AFFECTED
zolyfarkas__spf4j,5,23,0.925938434093989,0.9219596291372724,ORIGINAL_AFFECTED
zolyfarkas__spf4j,5,24,0.908184770714714,0.906346412649021,ORIGINAL_AFFECTED
zolyfarkas__spf4j,5,25,0.9016642258817306,0.915361984242168,ORIGINAL_AFFECTED
zolyfarkas__spf4j,5,26,0.9116136996392868,0.8988801339411812,ORIGINAL_AFFECTED
zolyfarkas__spf4j,5,27,0.9179947629911824,0.9107869702570688,ORIGINAL_AFFECTED
zolyfarkas__spf4j,5,28,0.9130829627112012,0.915908158273827,ORIGINAL_AFFECTED
zolyfarkas__spf4j,5,29,0.9114341730040368,0.9131724817870848,ORIGINAL_AFFECTED
zolyfarkas__spf4j,5,30,0.9177557120504064,0.9267557626565271,ORIGINAL_AFFECTED
zolyfarkas__spf4j,10,1,0.921022535615864,0.9218250810599004,ORIGINAL_AFFECTED
zolyfarkas__spf4j,10,2,0.9136646450226216,0.9057840056472932,ORIGINAL_AFFECTED
zolyfarkas__spf4j,10,3,0.909628184612825,0.8983961009069914,ORIGINAL_AFFECTED
zolyfarkas__spf4j,10,4,0.8910292067912526,0.8729664151039136,ORIGINAL_AFFECTED
zolyfarkas__spf4j,10,5,0.9097175329904368,0.9153218461927772,ORIGINAL_AFFECTED
zolyfarkas__spf4j,10,6,0.9086236197683556,0.903060928367756,ORIGINAL_AFFECTED
zolyfarkas__spf4j,10,7,0.9232789042280396,0.9242302992749424,ORIGINAL_AFFECTED
zolyfarkas__spf4j,10,8,0.9088312524357648,0.8857335256857894,ORIGINAL_AFFECTED
zolyfarkas__spf4j,10,9,0.9217431067691128,0.910987237894078,ORIGINAL_AFFECTED
zolyfarkas__spf4j,10,10,0.8725180250787231,0.902093985471026,ORIGINAL_AFFECTED
zolyfarkas__spf4j,10,11,0.9116482380214336,0.9008539865961562,ORIGINAL_AFFECTED
zolyfarkas__spf4j,10,12,0.9208640846723032,0.9073451798135066,ORIGINAL_AFFECTED
zolyfarkas__spf4j,10,13,0.9056889952381256,0.9172283842114248,ORIGINAL_AFFECTED
zolyfarkas__spf4j,10,14,0.9230892315613934,0.9085182879935604,ORIGINAL_AFFECTED
zolyfarkas__spf4j,10,15,0.910598560582948,0.8948096320559809,ORIGINAL_AFFECTED
zolyfarkas__spf4j,10,16,0.90673926108396,0.9096066238484606,ORIGINAL_AFFECTED
zolyfarkas__spf4j,10,17,0.9209423938574468,0.9094472955919138,ORIGINAL_AFFECTED
zolyfarkas__spf4j,10,18,0.904807376052627,0.8923555090171479,ORIGINAL_AFFECTED
zolyfarkas__spf4j,10,19,0.9136960140559924,0.8981573153182407,ORIGINAL_AFFECTED
zolyfarkas__spf4j,10,20,0.91851666713604,0.9117912771883904,ORIGINAL_AFFECTED
zolyfarkas__spf4j,10,21,0.9191661240352054,0.8968416491784064,ORIGINAL_AFFECTED
zolyfarkas__spf4j,10,22,0.9209387565838753,0.9178788758292176,ORIGINAL_AFFECTED
zolyfarkas__spf4j,10,23,0.9213537873629216,0.9120422090087896,ORIGINAL_AFFECTED
zolyfarkas__spf4j,10,24,0.9146607040391244,0.900364220823257,ORIGINAL_AFFECTED
zolyfarkas__spf4j,10,25,0.9130420294275984,0.923434893732764,ORIGINAL_AFFECTED
zolyfarkas__spf4j,10,26,0.9229623252454584,0.9078746117693672,ORIGINAL_AFFECTED
zolyfarkas__spf4j,10,27,0.9153737859854376,0.9151141733468844,ORIGINAL_AFFECTED
zolyfarkas__spf4j,10,28,0.9075247615694012,0.9229813017495144,ORIGINAL_AFFECTED
zolyfarkas__spf4j,10,29,0.9106426100820298,0.9024062400248072,ORIGINAL_AFFECTED
zolyfarkas__spf4j,10,30,0.9265571702299936,0.915651148293514,ORIGINAL_AFFECTED
zolyfarkas__spf4j,15,1,0.9179577926807316,0.9205559796372044,ORIGINAL_AFFECTED
zolyfarkas__spf4j,15,2,0.913952047442927,0.915228408807835,ORIGINAL_AFFECTED
zolyfarkas__spf4j,15,3,0.902361872704906,0.9008173364113656,ORIGINAL_AFFECTED
zolyfarkas__spf4j,15,4,0.9197529495659388,0.9053273488739452,ORIGINAL_AFFECTED
zolyfarkas__spf4j,15,5,0.918016143965552,0.9233856396027336,ORIGINAL_AFFECTED
zolyfarkas__spf4j,15,6,0.9198511322800044,0.9211064857970552,ORIGINAL_AFFECTED
zolyfarkas__spf4j,15,7,0.926189313066666,0.9204297563652172,ORIGINAL_AFFECTED
zolyfarkas__spf4j,15,8,0.9230495082665088,0.9013800755819612,ORIGINAL_AFFECTED
zolyfarkas__spf4j,15,9,0.9196137037332386,0.9047307713387028,ORIGINAL_AFFECTED
zolyfarkas__spf4j,15,10,0.8999871524811772,0.8983414943587696,ORIGINAL_AFFECTED
zolyfarkas__spf4j,15,11,0.9172592294609436,0.9038843719756549,ORIGINAL_AFFECTED
zolyfarkas__spf4j,15,12,0.9201502807975108,0.9104246255877066,ORIGINAL_AFFECTED
zolyfarkas__spf4j,15,13,0.9066983519552873,0.8934211927349937,ORIGINAL_AFFECTED
zolyfarkas__spf4j,15,14,0.9276114594926947,0.9049132485573732,ORIGINAL_AFFECTED
zolyfarkas__spf4j,15,15,0.9127083956461356,0.8974288827446769,ORIGINAL_AFFECTED
zolyfarkas__spf4j,15,16,0.9041300798170936,0.8919502805298474,ORIGINAL_AFFECTED
zolyfarkas__spf4j,15,17,0.9114240467732416,0.901431441961044,ORIGINAL_AFFECTED
zolyfarkas__spf4j,15,18,0.9077765189491516,0.899531604271822,ORIGINAL_AFFECTED
zolyfarkas__spf4j,15,19,0.9220289969004558,0.900021475741669,ORIGINAL_AFFECTED
zolyfarkas__spf4j,15,20,0.9163064608085052,0.8992335744395209,ORIGINAL_AFFECTED
zolyfarkas__spf4j,15,21,0.91178761447754,0.8849070028958878,ORIGINAL_AFFECTED
zolyfarkas__spf4j,15,22,0.926521543944637,0.9183800997599232,ORIGINAL_AFFECTED
zolyfarkas__spf4j,15,23,0.9110347475920496,0.9090506884729056,ORIGINAL_AFFECTED
zolyfarkas__spf4j,15,24,0.9188108672656812,0.9096532074508769,ORIGINAL_AFFECTED
zolyfarkas__spf4j,15,25,0.9201069852227372,0.9332529021612598,ORIGINAL_AFFECTED
zolyfarkas__spf4j,15,26,0.9250293973655008,0.9111752712635668,ORIGINAL_AFFECTED
zolyfarkas__spf4j,15,27,0.9135588590299718,0.8982233101619779,ORIGINAL_AFFECTED
zolyfarkas__spf4j,15,28,0.9139788008760178,0.9291275827900304,ORIGINAL_AFFECTED
zolyfarkas__spf4j,15,29,0.9179466482712392,0.9226412763232764,ORIGINAL_AFFECTED
zolyfarkas__spf4j,15,30,0.9248107589481124,0.9204466935335892,ORIGINAL_AFFECTED
zolyfarkas__spf4j,20,1,0.9185418130802474,0.924253300358905,ORIGINAL_AFFECTED
zolyfarkas__spf4j,20,2,0.9158835789470812,0.9119079350918776,ORIGINAL_AFFECTED
zolyfarkas__spf4j,20,3,0.9068073363197392,0.9108688852527176,ORIGINAL_AFFECTED
zolyfarkas__spf4j,20,4,0.9182561509353566,0.9063156345401492,ORIGINAL_AFFECTED
zolyfarkas__spf4j,20,5,0.9213258934579432,0.9223804954838316,ORIGINAL_AFFECTED
zolyfarkas__spf4j,20,6,0.9120800712080832,0.8989608352367927,ORIGINAL_AFFECTED
zolyfarkas__spf4j,20,7,0.920684543103545,0.9201001048308304,ORIGINAL_AFFECTED
zolyfarkas__spf4j,20,8,0.9224672645427916,0.9036192492389188,ORIGINAL_AFFECTED
zolyfarkas__spf4j,20,9,0.9147782806625968,0.9068475092139616,ORIGINAL_AFFECTED
zolyfarkas__spf4j,20,10,0.9063803587796117,0.8983221440686336,ORIGINAL_AFFECTED
zolyfarkas__spf4j,20,11,0.9214780558876297,0.9111823525276506,ORIGINAL_AFFECTED
zolyfarkas__spf4j,20,12,0.914830106688742,0.907465594654108,ORIGINAL_AFFECTED
zolyfarkas__spf4j,20,13,0.9060612842099252,0.8847889010480232,ORIGINAL_AFFECTED
zolyfarkas__spf4j,20,14,0.9205337402771868,0.9028636646902176,ORIGINAL_AFFECTED
zolyfarkas__spf4j,20,15,0.9144015031139416,0.8990620341162092,ORIGINAL_AFFECTED
zolyfarkas__spf4j,20,16,0.9101179627941528,0.8987445124254513,ORIGINAL_AFFECTED
zolyfarkas__spf4j,20,17,0.9112644710015104,0.9038528633079944,ORIGINAL_AFFECTED
zolyfarkas__spf4j,20,18,0.9192177530485524,0.9056016158253478,ORIGINAL_AFFECTED
zolyfarkas__spf4j,20,19,0.9192816775847776,0.9008197793889666,ORIGINAL_AFFECTED
zolyfarkas__spf4j,20,20,0.917960815544348,0.9041024531804344,ORIGINAL_AFFECTED
zolyfarkas__spf4j,20,21,0.9160695945169012,0.8882749476295283,ORIGINAL_AFFECTED
zolyfarkas__spf4j,20,22,0.9194674529859284,0.909609402446913,ORIGINAL_AFFECTED
zolyfarkas__spf4j,20,23,0.9129229472589724,0.9117851787021664,ORIGINAL_AFFECTED
zolyfarkas__spf4j,20,24,0.9275294478089968,0.9235372084009408,ORIGINAL_AFFECTED
zolyfarkas__spf4j,20,25,0.918571611319392,0.9315983531678478,ORIGINAL_AFFECTED
zolyfarkas__spf4j,20,26,0.9241997565661983,0.9033234720446068,ORIGINAL_AFFECTED
zolyfarkas__spf4j,20,27,0.9092340927481882,0.8971375294206484,ORIGINAL_AFFECTED
zolyfarkas__spf4j,20,28,0.9189568507607364,0.9154758379712682,ORIGINAL_AFFECTED
zolyfarkas__spf4j,20,29,0.9155043130535508,0.9254387984690912,ORIGINAL_AFFECTED
zolyfarkas__spf4j,20,30,0.9219373097498634,0.9181018899932334,ORIGINAL_AFFECTED
zolyfarkas__spf4j,25,1,0.9151354823587834,0.9036102491634718,ORIGINAL_AFFECTED
zolyfarkas__spf4j,25,2,0.9109340962314898,0.9194494218200918,ORIGINAL_AFFECTED
zolyfarkas__spf4j,25,3,0.9071801333086588,0.9119497679395312,ORIGINAL_AFFECTED
zolyfarkas__spf4j,25,4,0.9163922566814336,0.9068989217293808,ORIGINAL_AFFECTED
zolyfarkas__spf4j,25,5,0.9244014757007852,0.914794419594837,ORIGINAL_AFFECTED
zolyfarkas__spf4j,25,6,0.9109624467200516,0.8979474267042795,ORIGINAL_AFFECTED
zolyfarkas__spf4j,25,7,0.9150614921115168,0.9160944926664076,ORIGINAL_AFFECTED
zolyfarkas__spf4j,25,8,0.9218131479864408,0.9060800751333628,ORIGINAL_AFFECTED
zolyfarkas__spf4j,25,9,0.912150420044932,0.9044762803306896,ORIGINAL_AFFECTED
zolyfarkas__spf4j,25,10,0.9238604645195057,0.9175745212601152,ORIGINAL_AFFECTED
zolyfarkas__spf4j,25,11,0.9200638124711517,0.9084121304982946,ORIGINAL_AFFECTED
zolyfarkas__spf4j,25,12,0.9142192165535832,0.9132506623559108,ORIGINAL_AFFECTED
zolyfarkas__spf4j,25,13,0.9056137539265264,0.8870339655438549,ORIGINAL_AFFECTED
zolyfarkas__spf4j,25,14,0.9259735093864854,0.9056099591861814,ORIGINAL_AFFECTED
zolyfarkas__spf4j,25,15,0.913881434884777,0.9011585574313868,ORIGINAL_AFFECTED
zolyfarkas__spf4j,25,16,0.9137162884290372,0.908157656731778,ORIGINAL_AFFECTED
zolyfarkas__spf4j,25,17,0.9080919968590478,0.883090783204676,ORIGINAL_AFFECTED
zolyfarkas__spf4j,25,18,0.9196302535289224,0.91179134181609,ORIGINAL_AFFECTED
zolyfarkas__spf4j,25,19,0.9127615321520194,0.8989926552903612,ORIGINAL_AFFECTED
zolyfarkas__spf4j,25,20,0.9242558714779768,0.908626439292434,ORIGINAL_AFFECTED
zolyfarkas__spf4j,25,21,0.9136774433755056,0.8875016152378739,ORIGINAL_AFFECTED
zolyfarkas__spf4j,25,22,0.9158312774838148,0.9113237096274738,ORIGINAL_AFFECTED
zolyfarkas__spf4j,25,23,0.9168460978674317,0.9173379671644408,ORIGINAL_AFFECTED
zolyfarkas__spf4j,25,24,0.9185729252312886,0.9216682276385167,ORIGINAL_AFFECTED
zolyfarkas__spf4j,25,25,0.9209405335128136,0.9265641760056248,ORIGINAL_AFFECTED
zolyfarkas__spf4j,25,26,0.9214742455912216,0.9013836869643472,ORIGINAL_AFFECTED
zolyfarkas__spf4j,25,27,0.9132688578501578,0.8945289186290106,ORIGINAL_AFFECTED
zolyfarkas__spf4j,25,28,0.915963642531932,0.914223477551312,ORIGINAL_AFFECTED
zolyfarkas__spf4j,25,29,0.9141608816538218,0.9123820979726724,ORIGINAL_AFFECTED
zolyfarkas__spf4j,25,30,0.9265238118112848,0.9191475429835088,ORIGINAL_AFFECTED
zolyfarkas__spf4j,30,1,0.9169254207659232,0.9078844302571784,ORIGINAL_AFFECTED
zolyfarkas__spf4j,30,2,0.9083494011598668,0.9199737825336208,ORIGINAL_AFFECTED
zolyfarkas__spf4j,30,3,0.9070690774789326,0.9097145044718574,ORIGINAL_AFFECTED
zolyfarkas__spf4j,30,4,0.915407522981662,0.9052655879697028,ORIGINAL_AFFECTED
zolyfarkas__spf4j,30,5,0.9216592967875732,0.9081358084277048,ORIGINAL_AFFECTED
zolyfarkas__spf4j,30,6,0.9085086864284676,0.9006071842928337,ORIGINAL_AFFECTED
zolyfarkas__spf4j,30,7,0.910159474876879,0.9088990182752068,ORIGINAL_AFFECTED
zolyfarkas__spf4j,30,8,0.9151318982323012,0.8973328663311284,ORIGINAL_AFFECTED
zolyfarkas__spf4j,30,9,0.9119516628008266,0.903856866280366,ORIGINAL_AFFECTED
zolyfarkas__spf4j,30,10,0.921326796106502,0.9167737338489168,ORIGINAL_AFFECTED
zolyfarkas__spf4j,30,11,0.920281830864774,0.9074517447137376,ORIGINAL_AFFECTED
zolyfarkas__spf4j,30,12,0.9206228805509556,0.9183923568114872,ORIGINAL_AFFECTED
zolyfarkas__spf4j,30,13,0.9033248491889654,0.8831653380383486,ORIGINAL_AFFECTED
zolyfarkas__spf4j,30,14,0.9225159542343208,0.903357898104352,ORIGINAL_AFFECTED
zolyfarkas__spf4j,30,15,0.9104825063316456,0.8990315317177442,ORIGINAL_AFFECTED
zolyfarkas__spf4j,30,16,0.9169899526388744,0.9103905044260556,ORIGINAL_AFFECTED
zolyfarkas__spf4j,30,17,0.9072143318419148,0.8891288275744582,ORIGINAL_AFFECTED
zolyfarkas__spf4j,30,18,0.9149044798711218,0.9104294762627104,ORIGINAL_AFFECTED
zolyfarkas__spf4j,30,19,0.9166077701134968,0.9029151767803344,ORIGINAL_AFFECTED
zolyfarkas__spf4j,30,20,0.9295982200924058,0.9160050224745347,ORIGINAL_AFFECTED
zolyfarkas__spf4j,30,21,0.9164458236032867,0.8980854538194533,ORIGINAL_AFFECTED
zolyfarkas__spf4j,30,22,0.9115523263101276,0.9088532931483376,ORIGINAL_AFFECTED
zolyfarkas__spf4j,30,23,0.9230693458804672,0.9289853178714428,ORIGINAL_AFFECTED
zolyfarkas__spf4j,30,24,0.916538426003948,0.9189883636445488,ORIGINAL_AFFECTED
zolyfarkas__spf4j,30,25,0.922177120803912,0.9272582223849908,ORIGINAL_AFFECTED
zolyfarkas__spf4j,30,26,0.920108102546634,0.9002965881610692,ORIGINAL_AFFECTED
zolyfarkas__spf4j,30,27,0.9147731878920968,0.8981804548129712,ORIGINAL_AFFECTED
zolyfarkas__spf4j,30,28,0.93488428694419,0.9272167078729036,ORIGINAL_AFFECTED
zolyfarkas__spf4j,30,29,0.92119467706916,0.9312721632476204,ORIGINAL_AFFECTED
zolyfarkas__spf4j,30,30,0.9257862838234302,0.920768858184814,ORIGINAL_AFFECTED
zolyfarkas__spf4j,40,1,0.9158544418609996,0.90555229963527,ORIGINAL_AFFECTED
zolyfarkas__spf4j,40,2,0.9039841360577252,0.9034169917408278,ORIGINAL_AFFECTED
zolyfarkas__spf4j,40,3,0.9168158684266884,0.9128369871697296,ORIGINAL_AFFECTED
zolyfarkas__spf4j,40,4,0.9163883358638416,0.9064056046338532,ORIGINAL_AFFECTED
zolyfarkas__spf4j,40,5,0.9360565205127934,0.9286599032311096,ORIGINAL_AFFECTED
zolyfarkas__spf4j,40,6,0.9210132023933874,0.9117583370554057,ORIGINAL_AFFECTED
zolyfarkas__spf4j,40,7,0.9101073313587889,0.906667807556351,ORIGINAL_AFFECTED
zolyfarkas__spf4j,40,8,0.9072077577057328,0.8966280415719654,ORIGINAL_AFFECTED
zolyfarkas__spf4j,40,9,0.9254367595034868,0.929083542470726,ORIGINAL_AFFECTED
zolyfarkas__spf4j,40,10,0.9367378772551608,0.9270843987669836,ORIGINAL_AFFECTED
zolyfarkas__spf4j,40,11,0.918700884841044,0.907215722843012,ORIGINAL_AFFECTED
zolyfarkas__spf4j,40,12,0.9185628096013388,0.9152097953607664,ORIGINAL_AFFECTED
zolyfarkas__spf4j,40,13,0.910188387154688,0.888190628514446,ORIGINAL_AFFECTED
zolyfarkas__spf4j,40,14,0.916264643527124,0.9010562591300184,ORIGINAL_AFFECTED
zolyfarkas__spf4j,40,15,0.9148152849305832,0.9052506353050364,ORIGINAL_AFFECTED
zolyfarkas__spf4j,40,16,0.9214534552551912,0.917605777683743,ORIGINAL_AFFECTED
zolyfarkas__spf4j,40,17,0.9169763053111252,0.908794607470536,ORIGINAL_AFFECTED
zolyfarkas__spf4j,40,18,0.9185736080241572,0.9020252701765472,ORIGINAL_AFFECTED
zolyfarkas__spf4j,40,19,0.9152480782043364,0.9040042352376412,ORIGINAL_AFFECTED
zolyfarkas__spf4j,40,20,0.9291328509504266,0.9086794326471344,ORIGINAL_AFFECTED
zolyfarkas__spf4j,40,21,0.9139802937889964,0.8978185369256942,ORIGINAL_AFFECTED
zolyfarkas__spf4j,40,22,0.9163519533496852,0.9017222120175664,ORIGINAL_AFFECTED
zolyfarkas__spf4j,40,23,0.9273671897947608,0.9219349083956604,ORIGINAL_AFFECTED
zolyfarkas__spf4j,40,24,0.9241402709617306,0.9272635510772544,ORIGINAL_AFFECTED
zolyfarkas__spf4j,40,25,0.9257970588364048,0.9307579818426048,ORIGINAL_AFFECTED
zolyfarkas__spf4j,40,26,0.918253080110578,0.9039066052525008,ORIGINAL_AFFECTED
zolyfarkas__spf4j,40,27,0.9126228016036572,0.9053665509052512,ORIGINAL_AFFECTED
zolyfarkas__spf4j,40,28,0.933186373185222,0.9301586992521104,ORIGINAL_AFFECTED
zolyfarkas__spf4j,40,29,0.9124154484840148,0.9176257005363848,ORIGINAL_AFFECTED
zolyfarkas__spf4j,40,30,0.9248145643714664,0.9212945980498052,ORIGINAL_AFFECTED
zolyfarkas__spf4j,50,1,0.921328152689926,0.9139570834290296,ORIGINAL_AFFECTED
zolyfarkas__spf4j,50,2,0.9078024913825612,0.914010475957867,ORIGINAL_AFFECTED
zolyfarkas__spf4j,50,3,0.9192119024100314,0.9129382319946124,ORIGINAL_AFFECTED
zolyfarkas__spf4j,50,4,0.9192238280435514,0.9122384539606824,ORIGINAL_AFFECTED
zolyfarkas__spf4j,50,5,0.9392448074456224,0.926253005365986,ORIGINAL_AFFECTED
zolyfarkas__spf4j,50,6,0.920577879767292,0.9135071401338538,ORIGINAL_AFFECTED
zolyfarkas__spf4j,50,7,0.912608505501746,0.9060047487556422,ORIGINAL_AFFECTED
zolyfarkas__spf4j,50,8,0.9173863619107644,0.9074747501306492,ORIGINAL_AFFECTED
zolyfarkas__spf4j,50,9,0.9202657676682924,0.9273807057562228,ORIGINAL_AFFECTED
zolyfarkas__spf4j,50,10,0.9353307391710596,0.9243536197186322,ORIGINAL_AFFECTED
zolyfarkas__spf4j,50,11,0.9249622472794424,0.9172255498140844,ORIGINAL_AFFECTED
zolyfarkas__spf4j,50,12,0.9165950332908868,0.9168995157697092,ORIGINAL_AFFECTED
zolyfarkas__spf4j,50,13,0.903600549032962,0.8844118627628265,ORIGINAL_AFFECTED
zolyfarkas__spf4j,50,14,0.9162005916116364,0.9046723705578223,ORIGINAL_AFFECTED
zolyfarkas__spf4j,50,15,0.9099453092411428,0.9025527175809362,ORIGINAL_AFFECTED
zolyfarkas__spf4j,50,16,0.92292807261741,0.9235416349172704,ORIGINAL_AFFECTED
zolyfarkas__spf4j,50,17,0.9311423281320746,0.9259414474713844,ORIGINAL_AFFECTED
zolyfarkas__spf4j,50,18,0.9211137919446774,0.9063540399119796,ORIGINAL_AFFECTED
zolyfarkas__spf4j,50,19,0.9182744681230528,0.9100549475262912,ORIGINAL_AFFECTED
zolyfarkas__spf4j,50,20,0.917769685978284,0.9078389706063082,ORIGINAL_AFFECTED
zolyfarkas__spf4j,50,21,0.9231026708078062,0.9091383550096944,ORIGINAL_AFFECTED
zolyfarkas__spf4j,50,22,0.9172887852546716,0.9049957507303976,ORIGINAL_AFFECTED
zolyfarkas__spf4j,50,23,0.9170966116118132,0.901107681864176,ORIGINAL_AFFECTED
zolyfarkas__spf4j,50,24,0.923228479652708,0.9246541103390804,ORIGINAL_AFFECTED
zolyfarkas__spf4j,50,25,0.92222623028069,0.930980335622098,ORIGINAL_AFFECTED
zolyfarkas__spf4j,50,26,0.9195875224601096,0.9096924470160744,ORIGINAL_AFFECTED
zolyfarkas__spf4j,50,27,0.9151310345002628,0.903503129484676,ORIGINAL_AFFECTED
zolyfarkas__spf4j,50,28,0.9409971102891008,0.9331040804887476,ORIGINAL_AFFECTED
zolyfarkas__spf4j,50,29,0.9193838855303516,0.9119286913882996,ORIGINAL_AFFECTED
zolyfarkas__spf4j,50,30,0.9298262483903782,0.9204418293489894,ORIGINAL_AFFECTED
Angel-ML__angel,0,1,0.8612055718446695,0.8728478624916338,UNCHANGED_LEGACY
Angel-ML__angel,0,2,0.8612055718446695,0.8728478624916338,UNCHANGED_LEGACY
Angel-ML__angel,0,3,0.8612055718446695,0.8728478624916338,UNCHANGED_LEGACY
Angel-ML__angel,0,4,0.8612055718446695,0.8728478624916338,UNCHANGED_LEGACY
Angel-ML__angel,0,5,0.8612055718446695,0.8728478624916338,UNCHANGED_LEGACY
Angel-ML__angel,0,6,0.8612055718446695,0.8728478624916338,UNCHANGED_LEGACY
Angel-ML__angel,0,7,0.8612055718446695,0.8728478624916338,UNCHANGED_LEGACY
Angel-ML__angel,0,8,0.8612055718446695,0.8728478624916338,UNCHANGED_LEGACY
Angel-ML__angel,0,9,0.8612055718446695,0.8728478624916338,UNCHANGED_LEGACY
Angel-ML__angel,0,10,0.8612055718446695,0.8728478624916338,UNCHANGED_LEGACY
Angel-ML__angel,0,11,0.8612055718446695,0.8728478624916338,UNCHANGED_LEGACY
Angel-ML__angel,0,12,0.8612055718446695,0.8728478624916338,UNCHANGED_LEGACY
Angel-ML__angel,0,13,0.8612055718446695,0.8728478624916338,UNCHANGED_LEGACY
Angel-ML__angel,0,14,0.8612055718446695,0.8728478624916338,UNCHANGED_LEGACY
Angel-ML__angel,0,15,0.8612055718446695,0.8728478624916338,UNCHANGED_LEGACY
Angel-ML__angel,0,16,0.8612055718446695,0.8728478624916338,UNCHANGED_LEGACY
Angel-ML__angel,0,17,0.8612055718446695,0.8728478624916338,UNCHANGED_LEGACY
Angel-ML__angel,0,18,0.8612055718446695,0.8728478624916338,UNCHANGED_LEGACY
Angel-ML__angel,0,19,0.8612055718446695,0.8728478624916338,UNCHANGED_LEGACY
Angel-ML__angel,0,20,0.8612055718446695,0.8728478624916338,UNCHANGED_LEGACY
Angel-ML__angel,0,21,0.8612055718446695,0.8728478624916338,UNCHANGED_LEGACY
Angel-ML__angel,0,22,0.8612055718446695,0.8728478624916338,UNCHANGED_LEGACY
Angel-ML__angel,0,23,0.8612055718446695,0.8728478624916338,UNCHANGED_LEGACY
Angel-ML__angel,0,24,0.8612055718446695,0.8728478624916338,UNCHANGED_LEGACY
Angel-ML__angel,0,25,0.8612055718446695,0.8728478624916338,UNCHANGED_LEGACY
Angel-ML__angel,0,26,0.8612055718446695,0.8728478624916338,UNCHANGED_LEGACY
Angel-ML__angel,0,27,0.8612055718446695,0.8728478624916338,UNCHANGED_LEGACY
Angel-ML__angel,0,28,0.8612055718446695,0.8728478624916338,UNCHANGED_LEGACY
Angel-ML__angel,0,29,0.8612055718446695,0.8728478624916338,UNCHANGED_LEGACY
Angel-ML__angel,0,30,0.8612055718446695,0.8728478624916338,UNCHANGED_LEGACY
Angel-ML__angel,5,1,0.8151346029165578,0.8240976924921997,UNCHANGED_LEGACY
Angel-ML__angel,5,2,0.8282086974192238,0.843332728880366,UNCHANGED_LEGACY
Angel-ML__angel,5,3,0.8257597178273869,0.835747050857584,UNCHANGED_LEGACY
Angel-ML__angel,5,4,0.817651609719279,0.8331260054291697,UNCHANGED_LEGACY
Angel-ML__angel,5,5,0.822685623324721,0.8342501784692864,UNCHANGED_LEGACY
Angel-ML__angel,5,6,0.8214059763307884,0.8328017660786562,UNCHANGED_LEGACY
Angel-ML__angel,5,7,0.8260869838689388,0.8391769776744582,UNCHANGED_LEGACY
Angel-ML__angel,5,8,0.8212570518961496,0.8392707763815056,UNCHANGED_LEGACY
Angel-ML__angel,5,9,0.818059772984585,0.8315836211163259,UNCHANGED_LEGACY
Angel-ML__angel,5,10,0.820576779787306,0.8348416925500362,UNCHANGED_LEGACY
Angel-ML__angel,5,11,0.8162910655015919,0.8333714017217871,UNCHANGED_LEGACY
Angel-ML__angel,5,12,0.8220182212287475,0.8389883968322079,UNCHANGED_LEGACY
Angel-ML__angel,5,13,0.8211890246852652,0.8372705335583035,UNCHANGED_LEGACY
Angel-ML__angel,5,14,0.8199645348893468,0.833628612684796,UNCHANGED_LEGACY
Angel-ML__angel,5,15,0.8263848327382162,0.8421810679300918,UNCHANGED_LEGACY
Angel-ML__angel,5,16,0.8193522899913878,0.8346772786967076,UNCHANGED_LEGACY
Angel-ML__angel,5,17,0.8259637994600401,0.8393542592560992,UNCHANGED_LEGACY
Angel-ML__angel,5,18,0.8224263844940537,0.8382041627419563,UNCHANGED_LEGACY
Angel-ML__angel,5,19,0.8221414056376463,0.8401181797705884,UNCHANGED_LEGACY
Angel-ML__angel,5,20,0.8220733784267619,0.8361337915744389,UNCHANGED_LEGACY
Angel-ML__angel,5,21,0.8286848878954142,0.8418068370160466,UNCHANGED_LEGACY
Angel-ML__angel,5,22,0.8279237185628163,0.8416240670875365,UNCHANGED_LEGACY
Angel-ML__angel,5,23,0.823650874289972,0.8379238903924959,UNCHANGED_LEGACY
Angel-ML__angel,5,24,0.8263719627253462,0.8441652786954895,UNCHANGED_LEGACY
Angel-ML__angel,5,25,0.8198284804675782,0.831495224684092,UNCHANGED_LEGACY
Angel-ML__angel,5,26,0.8248624940730204,0.8382878066406972,UNCHANGED_LEGACY
Angel-ML__angel,5,27,0.8181958274063537,0.8380804802958296,UNCHANGED_LEGACY
Angel-ML__angel,5,28,0.827868561364802,0.8411240519046179,UNCHANGED_LEGACY
Angel-ML__angel,5,29,0.822685623324721,0.8365130833416561,UNCHANGED_LEGACY
Angel-ML__angel,5,30,0.8230937865900272,0.8359172638721899,UNCHANGED_LEGACY
Angel-ML__angel,10,1,0.815746847814517,0.8232489174749766,UNCHANGED_LEGACY
Angel-ML__angel,10,2,0.8228216777464897,0.8391519481869637,UNCHANGED_LEGACY
Angel-ML__angel,10,3,0.8250665757056735,0.833830142310741,UNCHANGED_LEGACY
Angel-ML__angel,10,4,0.8113931063179184,0.8255416761290226,UNCHANGED_LEGACY
Angel-ML__angel,10,5,0.8209169158417279,0.8350676571078142,UNCHANGED_LEGACY
Angel-ML__angel,10,6,0.8183318818281224,0.830752820044108,UNCHANGED_LEGACY
Angel-ML__angel,10,7,0.8247944668621361,0.8386241245007154,UNCHANGED_LEGACY
Angel-ML__angel,10,8,0.8128897049573741,0.8330937886533997,UNCHANGED_LEGACY
Angel-ML__angel,10,9,0.8141822219641768,0.8231456105122544,UNCHANGED_LEGACY
Angel-ML__angel,10,10,0.8163590927124762,0.832711021741481,UNCHANGED_LEGACY
Angel-ML__angel,10,11,0.815746847814517,0.8314042900018089,UNCHANGED_LEGACY
Angel-ML__angel,10,12,0.8208488886308435,0.8385408558737053,UNCHANGED_LEGACY
Angel-ML__angel,10,13,0.8161550110798231,0.8319998208784234,UNCHANGED_LEGACY
Angel-ML__angel,10,14,0.814794466862136,0.825217659366804,UNCHANGED_LEGACY
Angel-ML__angel,10,15,0.8171073920322041,0.8318895121916082,UNCHANGED_LEGACY
Angel-ML__angel,10,16,0.820168616522,0.8350390656312845,UNCHANGED_LEGACY
Angel-ML__angel,10,17,0.8247264396512517,0.8379244563231699,UNCHANGED_LEGACY
Angel-ML__angel,10,18,0.8175835825083945,0.8349525211525448,UNCHANGED_LEGACY
Angel-ML__angel,10,19,0.8183318818281224,0.8353018939002707,UNCHANGED_LEGACY
Angel-ML__angel,10,20,0.820168616522,0.836270289230522,UNCHANGED_LEGACY
Angel-ML__angel,10,21,0.82595092944717,0.8399430183889649,UNCHANGED_LEGACY
Angel-ML__angel,10,22,0.8207808614199592,0.8393558073163507,UNCHANGED_LEGACY
Angel-ML__angel,10,23,0.8215971879505714,0.8373023263040036,UNCHANGED_LEGACY
Angel-ML__angel,10,24,0.8211209974743809,0.8388470427755811,UNCHANGED_LEGACY
Angel-ML__angel,10,25,0.8197604532566939,0.8302727346869586,UNCHANGED_LEGACY
Angel-ML__angel,10,26,0.8212570518961496,0.8363509267071949,UNCHANGED_LEGACY
Angel-ML__angel,10,27,0.8141141947532925,0.8335196744654582,UNCHANGED_LEGACY
Angel-ML__angel,10,28,0.8293522899913877,0.842863540900687,UNCHANGED_LEGACY
Angel-ML__angel,10,29,0.8194203172022722,0.8335000209488036,UNCHANGED_LEGACY
Angel-ML__angel,10,30,0.8168352831886666,0.8295808649902342,UNCHANGED_LEGACY
Angel-ML__angel,15,1,0.811325079107034,0.822422690672772,UNCHANGED_LEGACY
Angel-ML__angel,15,2,0.8170393648213198,0.8298652696445084,UNCHANGED_LEGACY
Angel-ML__angel,15,3,0.8207128342090748,0.8316169784866841,UNCHANGED_LEGACY
Angel-ML__angel,15,4,0.8071754192430883,0.8176413510193309,UNCHANGED_LEGACY
Angel-ML__angel,15,5,0.8194203172022722,0.8335663168468909,UNCHANGED_LEGACY
Angel-ML__angel,15,6,0.8131618138009115,0.8264184303296069,UNCHANGED_LEGACY
Angel-ML__angel,15,7,0.8241141947532925,0.8372558620158262,UNCHANGED_LEGACY
Angel-ML__angel,15,8,0.8128897049573741,0.8328504701394221,UNCHANGED_LEGACY
Angel-ML__angel,15,9,0.8090801811478503,0.8201615659680025,UNCHANGED_LEGACY
Angel-ML__angel,15,10,0.8187400450934286,0.8338935929030099,UNCHANGED_LEGACY
Angel-ML__angel,15,11,0.809012153936966,0.8246186024255556,UNCHANGED_LEGACY
Angel-ML__angel,15,12,0.8135019498553333,0.8316391737601643,UNCHANGED_LEGACY
Angel-ML__angel,15,13,0.8146584124403674,0.8270220049180647,UNCHANGED_LEGACY
Angel-ML__angel,15,14,0.8109849430526123,0.825118059626666,UNCHANGED_LEGACY
Angel-ML__angel,15,15,0.8175155552975102,0.8314742646426344,UNCHANGED_LEGACY
Angel-ML__angel,15,16,0.8188760995151972,0.8339007497691252,UNCHANGED_LEGACY
Angel-ML__angel,15,17,0.8173114736648571,0.8331475808710388,UNCHANGED_LEGACY
Angel-ML__angel,15,18,0.8113931063179184,0.82522696732599,UNCHANGED_LEGACY
Angel-ML__angel,15,19,0.8158148750254013,0.8327794786310895,UNCHANGED_LEGACY
Angel-ML__angel,15,20,0.8141141947532925,0.8326422698806281,UNCHANGED_LEGACY
Angel-ML__angel,15,21,0.8227536505356055,0.8361312064008969,UNCHANGED_LEGACY
Angel-ML__angel,15,22,0.8178556913519319,0.8359360689799872,UNCHANGED_LEGACY
Angel-ML__angel,15,23,0.8087400450934286,0.8255852078848946,UNCHANGED_LEGACY
Angel-ML__angel,15,24,0.8209169158417279,0.8384322089696362,UNCHANGED_LEGACY
Angel-ML__angel,15,25,0.8175835825083945,0.830283043515623,UNCHANGED_LEGACY
Angel-ML__angel,15,26,0.8151346029165578,0.8313595253885453,UNCHANGED_LEGACY
Angel-ML__angel,15,27,0.8137060314879864,0.8334951257124119,UNCHANGED_LEGACY
Angel-ML__angel,15,28,0.8273114736648571,0.8406830399125432,UNCHANGED_LEGACY
Angel-ML__angel,15,29,0.816903310399551,0.831988077584967,UNCHANGED_LEGACY
Angel-ML__angel,15,30,0.8119373240049932,0.8250214137365582,UNCHANGED_LEGACY
Angel-ML__angel,20,1,0.8207128342090748,0.8335423254568814,UNCHANGED_LEGACY
Angel-ML__angel,20,2,0.8130257593791429,0.8282483881332665,UNCHANGED_LEGACY
Angel-ML__angel,20,3,0.8202366437328843,0.8306138349831891,UNCHANGED_LEGACY
Angel-ML__angel,20,4,0.8048624940730205,0.8156165323789667,UNCHANGED_LEGACY
Angel-ML__angel,20,5,0.8179237185628162,0.8322117387573086,UNCHANGED_LEGACY
Angel-ML__angel,20,6,0.8126175961138368,0.826102082766383,UNCHANGED_LEGACY
Angel-ML__angel,20,7,0.8243182763859455,0.837877855702559,UNCHANGED_LEGACY
Angel-ML__angel,20,8,0.8107128342090748,0.8296768309574867,UNCHANGED_LEGACY
Angel-ML__angel,20,9,0.804590385229483,0.8172532907722128,UNCHANGED_LEGACY
Angel-ML__angel,20,10,0.8147264396512517,0.8301096984633903,UNCHANGED_LEGACY
Angel-ML__angel,20,11,0.8056107933927483,0.8228660951117991,UNCHANGED_LEGACY
Angel-ML__angel,20,12,0.8131618138009115,0.8331494233779646,UNCHANGED_LEGACY
Angel-ML__angel,20,13,0.8144543308077142,0.8267417378978424,UNCHANGED_LEGACY
Angel-ML__angel,20,14,0.8095563716240408,0.8220328133818201,UNCHANGED_LEGACY
Angel-ML__angel,20,15,0.8137740586988708,0.8299206017966988,UNCHANGED_LEGACY
Angel-ML__angel,20,16,0.8125495689029523,0.8308256987052831,UNCHANGED_LEGACY
Angel-ML__angel,20,17,0.8152026301274421,0.8328309892962255,UNCHANGED_LEGACY
Angel-ML__angel,20,18,0.8077876641410475,0.8236051503014695,UNCHANGED_LEGACY
Angel-ML__angel,20,19,0.8081958274063537,0.8262081734506665,UNCHANGED_LEGACY
Angel-ML__angel,20,20,0.815746847814517,0.8339272965774128,UNCHANGED_LEGACY
Angel-ML__angel,20,21,0.8181278001954694,0.8335586741304383,UNCHANGED_LEGACY
Angel-ML__angel,20,22,0.8174475280866258,0.8349969349927928,UNCHANGED_LEGACY
Angel-ML__angel,20,23,0.8060189566580543,0.8254550646838466,UNCHANGED_LEGACY
Angel-ML__angel,20,24,0.8179237185628162,0.8360965511021152,UNCHANGED_LEGACY
Angel-ML__angel,20,25,0.8052026301274422,0.8198138536604447,UNCHANGED_LEGACY
Angel-ML__angel,20,26,0.8143182763859456,0.8309443942160355,UNCHANGED_LEGACY
Angel-ML__angel,20,27,0.8098965076784624,0.8320217305032227,UNCHANGED_LEGACY
Angel-ML__angel,20,28,0.8264951471342449,0.8385864284579195,UNCHANGED_LEGACY
Angel-ML__angel,20,29,0.8154067117600953,0.8307456775443344,UNCHANGED_LEGACY
Angel-ML__angel,20,30,0.8058829022362858,0.817276055186705,UNCHANGED_LEGACY
Angel-ML__angel,25,1,0.8205087525764218,0.8335420621658631,UNCHANGED_LEGACY
Angel-ML__angel,25,2,0.8183318818281224,0.8319031634904227,UNCHANGED_LEGACY
Angel-ML__angel,25,3,0.8174475280866258,0.8298776834729794,UNCHANGED_LEGACY
Angel-ML__angel,25,4,0.804590385229483,0.8150983295534088,UNCHANGED_LEGACY
Angel-ML__angel,25,5,0.8105087525764217,0.8230212447278374,UNCHANGED_LEGACY
Angel-ML__angel,25,6,0.8107128342090748,0.8243521900998684,UNCHANGED_LEGACY
Angel-ML__angel,25,7,0.8209849430526122,0.8369068197116158,UNCHANGED_LEGACY
Angel-ML__angel,25,8,0.8098965076784624,0.8291439550116388,UNCHANGED_LEGACY
Angel-ML__angel,25,9,0.8041822219641769,0.8167673433159726,UNCHANGED_LEGACY
Angel-ML__angel,25,10,0.811325079107034,0.827986779738713,UNCHANGED_LEGACY
Angel-ML__angel,25,11,0.803638004277102,0.8207399777333351,UNCHANGED_LEGACY
Angel-ML__angel,25,12,0.8109849430526123,0.8298926515873605,UNCHANGED_LEGACY
Angel-ML__angel,25,13,0.8104407253655374,0.8224796133668517,UNCHANGED_LEGACY
Angel-ML__angel,25,14,0.8034339226444489,0.8175046628468338,UNCHANGED_LEGACY
Angel-ML__angel,25,15,0.793638004277102,0.8108803477942501,UNCHANGED_LEGACY
Angel-ML__angel,25,16,0.8058148750254013,0.8261986678292436,UNCHANGED_LEGACY
Angel-ML__angel,25,17,0.8155427661818638,0.8320570845060586,UNCHANGED_LEGACY
Angel-ML__angel,25,18,0.8056788206036326,0.8233744668246502,UNCHANGED_LEGACY
Angel-ML__angel,25,19,0.8011890246852653,0.8207694265783422,UNCHANGED_LEGACY
Angel-ML__angel,25,20,0.8149985484947891,0.8325635996827783,UNCHANGED_LEGACY
Angel-ML__angel,25,21,0.812685623324721,0.8278563602804198,UNCHANGED_LEGACY
Angel-ML__angel,25,22,0.8174475280866258,0.8346898373640318,UNCHANGED_LEGACY
Angel-ML__angel,25,23,0.8037060314879864,0.8254365152960296,UNCHANGED_LEGACY
Angel-ML__angel,25,24,0.8137740586988708,0.8308784436181578,UNCHANGED_LEGACY
Angel-ML__angel,25,25,0.8001005893111156,0.8154866471206905,UNCHANGED_LEGACY
Angel-ML__angel,25,26,0.8139101131206393,0.8304915336644373,UNCHANGED_LEGACY
Angel-ML__angel,25,27,0.8105087525764217,0.8320492632211438,UNCHANGED_LEGACY
Angel-ML__angel,25,28,0.8254067117600953,0.8377922009114199,UNCHANGED_LEGACY
Angel-ML__angel,25,29,0.8209169158417279,0.8339020383383275,UNCHANGED_LEGACY
Angel-ML__angel,25,30,0.8043863035968298,0.815567358294449,UNCHANGED_LEGACY
Angel-ML__angel,30,1,0.8196243988349251,0.8330006817606724,UNCHANGED_LEGACY
Angel-ML__angel,30,2,0.8153386845492109,0.8282777071308647,UNCHANGED_LEGACY
Angel-ML__angel,30,3,0.8277876641410477,0.840598464700725,UNCHANGED_LEGACY
Angel-ML__angel,30,4,0.8020733784267619,0.8149736277000736,UNCHANGED_LEGACY
Angel-ML__angel,30,5,0.8111209974743809,0.8233011481557009,UNCHANGED_LEGACY
Angel-ML__angel,30,6,0.8203046709437686,0.8336083052240716,UNCHANGED_LEGACY
Angel-ML__angel,30,7,0.8209849430526122,0.8378250283316836,UNCHANGED_LEGACY
Angel-ML__angel,30,8,0.8098965076784624,0.8291439550116388,UNCHANGED_LEGACY
Angel-ML__angel,30,9,0.8041822219641769,0.8167673433159726,UNCHANGED_LEGACY
Angel-ML__angel,30,10,0.8123454872702993,0.8289756381153771,UNCHANGED_LEGACY
Angel-ML__angel,30,11,0.8158148750254013,0.8301266580657822,UNCHANGED_LEGACY
Angel-ML__angel,30,12,0.8121414056376463,0.8295150523701371,UNCHANGED_LEGACY
Angel-ML__angel,30,13,0.8063590927124762,0.8181759595624865,UNCHANGED_LEGACY
Angel-ML__angel,30,14,0.7954067117600953,0.8131564487697585,UNCHANGED_LEGACY
Angel-ML__angel,30,15,0.7921414056376462,0.8094697890190952,UNCHANGED_LEGACY
Angel-ML__angel,30,16,0.8028216777464898,0.8228051418349598,UNCHANGED_LEGACY
Angel-ML__angel,30,17,0.8146584124403674,0.8306057783113939,UNCHANGED_LEGACY
Angel-ML__angel,30,18,0.8056788206036326,0.8233744668246502,UNCHANGED_LEGACY
Angel-ML__angel,30,19,0.7973795008757414,0.8165604087448927,UNCHANGED_LEGACY
Angel-ML__angel,30,20,0.8145223580185986,0.8311001005421198,UNCHANGED_LEGACY
Angel-ML__angel,30,21,0.8067672559777822,0.8234273709396706,UNCHANGED_LEGACY
Angel-ML__angel,30,22,0.8132298410117959,0.8310265608692522,UNCHANGED_LEGACY
Angel-ML__angel,30,23,0.7971754192430884,0.8206197900840072,UNCHANGED_LEGACY
Angel-ML__angel,30,24,0.8091482083587346,0.8259817416608406,UNCHANGED_LEGACY
Angel-ML__angel,30,25,0.7981958274063538,0.8137690138727601,UNCHANGED_LEGACY
Angel-ML__angel,30,26,0.8147264396512517,0.8311905211675422,UNCHANGED_LEGACY
Angel-ML__angel,30,27,0.8098284804675782,0.8309639816926849,UNCHANGED_LEGACY
Angel-ML__angel,30,28,0.8253386845492108,0.8368600105081667,UNCHANGED_LEGACY
Angel-ML__angel,30,29,0.8215291607396871,0.8341513498573898,UNCHANGED_LEGACY
Angel-ML__angel,30,30,0.8032978682226802,0.8138606284034858,UNCHANGED_LEGACY
Angel-ML__angel,40,1,0.8204407253655374,0.833896773935197,UNCHANGED_LEGACY
Angel-ML__angel,40,2,0.8129577321682585,0.8268612333818549,UNCHANGED_LEGACY
Angel-ML__angel,40,3,0.8267672559777823,0.8398865759377198,UNCHANGED_LEGACY
Angel-ML__angel,40,4,0.798263854617238,0.8131578391083634,UNCHANGED_LEGACY
Angel-ML__angel,40,5,0.8008488886308436,0.8142509341492092,UNCHANGED_LEGACY
Angel-ML__angel,40,6,0.8198965076784626,0.8330403774972338,UNCHANGED_LEGACY
Angel-ML__angel,40,7,0.8171073920322041,0.834266369022503,UNCHANGED_LEGACY
Angel-ML__angel,40,8,0.8021414056376462,0.8232608438741226,UNCHANGED_LEGACY
Angel-ML__angel,40,9,0.7990121539369659,0.814758278099318,UNCHANGED_LEGACY
Angel-ML__angel,40,10,0.812685623324721,0.8292222411149568,UNCHANGED_LEGACY
Angel-ML__angel,40,11,0.8122094328485305,0.8269721514735666,UNCHANGED_LEGACY
Angel-ML__angel,40,12,0.8266992287668978,0.8385418371214702,UNCHANGED_LEGACY
Angel-ML__angel,40,13,0.806155011079823,0.8178736889357289,UNCHANGED_LEGACY
Angel-ML__angel,40,14,0.8243182763859455,0.8376005203265444,UNCHANGED_LEGACY
Angel-ML__angel,40,15,0.7926175961138366,0.8107242105979003,UNCHANGED_LEGACY
Angel-ML__angel,40,16,0.8029577321682585,0.8242001867464711,UNCHANGED_LEGACY
Angel-ML__angel,40,17,0.8086720178825442,0.8278768087537038,UNCHANGED_LEGACY
Angel-ML__angel,40,18,0.7973114736648571,0.8148283865370752,UNCHANGED_LEGACY
Angel-ML__angel,40,19,0.7954747389709796,0.8165586901247647,UNCHANGED_LEGACY
Angel-ML__angel,40,20,0.8245903852294829,0.8377726456875113,UNCHANGED_LEGACY
Angel-ML__angel,40,21,0.7960869838689388,0.8078550575701736,UNCHANGED_LEGACY
Angel-ML__angel,40,22,0.8113931063179184,0.8282649278984342,UNCHANGED_LEGACY
Angel-ML__angel,40,23,0.7981958274063538,0.8213524367591429,UNCHANGED_LEGACY
Angel-ML__angel,40,24,0.8049305212839047,0.8214749739416494,UNCHANGED_LEGACY
Angel-ML__angel,40,25,0.7953386845492109,0.8137510928526382,UNCHANGED_LEGACY
Angel-ML__angel,40,26,0.8085359634607754,0.8224592434061933,UNCHANGED_LEGACY
Angel-ML__angel,40,27,0.8041141947532925,0.8245387845558391,UNCHANGED_LEGACY
Angel-ML__angel,40,28,0.8253386845492108,0.8368600105081667,UNCHANGED_LEGACY
Angel-ML__angel,40,29,0.8213250791070339,0.8345686034331702,UNCHANGED_LEGACY
Angel-ML__angel,40,30,0.8003046709437687,0.8098561994262263,UNCHANGED_LEGACY
Angel-ML__angel,50,1,0.8212570518961496,0.8351550542496599,UNCHANGED_LEGACY
Angel-ML__angel,50,2,0.8276516097192789,0.8409727329748798,UNCHANGED_LEGACY
Angel-ML__angel,50,3,0.8260869838689388,0.8380866947143796,UNCHANGED_LEGACY
Angel-ML__angel,50,4,0.8198965076784626,0.8310797572961542,UNCHANGED_LEGACY
Angel-ML__angel,50,5,0.7981278001954694,0.8137296545861624,UNCHANGED_LEGACY
Angel-ML__angel,50,6,0.8247944668621361,0.8370998611068162,UNCHANGED_LEGACY
Angel-ML__angel,50,7,0.8211890246852652,0.8340903059469637,UNCHANGED_LEGACY
Angel-ML__angel,50,8,0.8102366437328844,0.8293149199869222,UNCHANGED_LEGACY
Angel-ML__angel,50,9,0.7930937865900273,0.810209160621712,UNCHANGED_LEGACY
Angel-ML__angel,50,10,0.8081958274063537,0.8260985822256636,UNCHANGED_LEGACY
Angel-ML__angel,50,11,0.8064951471342449,0.8223298546216468,UNCHANGED_LEGACY
Angel-ML__angel,50,12,0.8264951471342449,0.8382889649048263,UNCHANGED_LEGACY
Angel-ML__angel,50,13,0.8210529702634967,0.8340590555267732,UNCHANGED_LEGACY
Angel-ML__angel,50,14,0.8239781403315237,0.8353031458335065,UNCHANGED_LEGACY
Angel-ML__angel,50,15,0.789216235569619,0.8068786546159937,UNCHANGED_LEGACY
Angel-ML__angel,50,16,0.808059772984585,0.8264195889051458,UNCHANGED_LEGACY
Angel-ML__angel,50,17,0.8254747389709796,0.8375007808973752,UNCHANGED_LEGACY
Angel-ML__angel,50,18,0.7932978682226802,0.8106903974524126,UNCHANGED_LEGACY
Angel-ML__angel,50,19,0.7923454872702992,0.8132895259763434,UNCHANGED_LEGACY
Angel-ML__angel,50,20,0.8233658954335645,0.8363573060117565,UNCHANGED_LEGACY
Angel-ML__angel,50,21,0.7964271199233606,0.8082674919581168,UNCHANGED_LEGACY
Angel-ML__angel,50,22,0.82438630359683,0.8371182385927278,UNCHANGED_LEGACY
Angel-ML__angel,50,23,0.7929577321682585,0.8118544078981919,UNCHANGED_LEGACY
Angel-ML__angel,50,24,0.8006448069981904,0.818466646675847,UNCHANGED_LEGACY
Angel-ML__angel,50,25,0.7945223580185986,0.8128743964498005,UNCHANGED_LEGACY
Angel-ML__angel,50,26,0.8078556913519319,0.8210539706239134,UNCHANGED_LEGACY
Angel-ML__angel,50,27,0.8030257593791428,0.8223063642328451,UNCHANGED_LEGACY
Angel-ML__angel,50,28,0.8237060314879864,0.836034580627906,UNCHANGED_LEGACY
Angel-ML__angel,50,29,0.8201005893111156,0.8330890959749381,UNCHANGED_LEGACY
Angel-ML__angel,50,30,0.8028897049573741,0.8123540633058777,UNCHANGED_LEGACY
CompEvol__beast2,0,1,0.9631320647341324,0.7393776254714395,UNCHANGED_LEGACY
CompEvol__beast2,0,2,0.9631320647341324,0.7393776254714395,UNCHANGED_LEGACY
CompEvol__beast2,0,3,0.9631320647341324,0.7393776254714395,UNCHANGED_LEGACY
CompEvol__beast2,0,4,0.9631320647341324,0.7393776254714395,UNCHANGED_LEGACY
CompEvol__beast2,0,5,0.9631320647341324,0.7393776254714395,UNCHANGED_LEGACY
CompEvol__beast2,0,6,0.9631320647341324,0.7393776254714395,UNCHANGED_LEGACY
CompEvol__beast2,0,7,0.9631320647341324,0.7393776254714395,UNCHANGED_LEGACY
CompEvol__beast2,0,8,0.9631320647341324,0.7393776254714395,UNCHANGED_LEGACY
CompEvol__beast2,0,9,0.9631320647341324,0.7393776254714395,UNCHANGED_LEGACY
CompEvol__beast2,0,10,0.9631320647341324,0.7393776254714395,UNCHANGED_LEGACY
CompEvol__beast2,0,11,0.9631320647341324,0.7393776254714395,UNCHANGED_LEGACY
CompEvol__beast2,0,12,0.9631320647341324,0.7393776254714395,UNCHANGED_LEGACY
CompEvol__beast2,0,13,0.9631320647341324,0.7393776254714395,UNCHANGED_LEGACY
CompEvol__beast2,0,14,0.9631320647341324,0.7393776254714395,UNCHANGED_LEGACY
CompEvol__beast2,0,15,0.9631320647341324,0.7393776254714395,UNCHANGED_LEGACY
CompEvol__beast2,0,16,0.9631320647341324,0.7393776254714395,UNCHANGED_LEGACY
CompEvol__beast2,0,17,0.9631320647341324,0.7393776254714395,UNCHANGED_LEGACY
CompEvol__beast2,0,18,0.9631320647341324,0.7393776254714395,UNCHANGED_LEGACY
CompEvol__beast2,0,19,0.9631320647341324,0.7393776254714395,UNCHANGED_LEGACY
CompEvol__beast2,0,20,0.9631320647341324,0.7393776254714395,UNCHANGED_LEGACY
CompEvol__beast2,0,21,0.9631320647341324,0.7393776254714395,UNCHANGED_LEGACY
CompEvol__beast2,0,22,0.9631320647341324,0.7393776254714395,UNCHANGED_LEGACY
CompEvol__beast2,0,23,0.9631320647341324,0.7393776254714395,UNCHANGED_LEGACY
CompEvol__beast2,0,24,0.9631320647341324,0.7393776254714395,UNCHANGED_LEGACY
CompEvol__beast2,0,25,0.9631320647341324,0.7393776254714395,UNCHANGED_LEGACY
CompEvol__beast2,0,26,0.9631320647341324,0.7393776254714395,UNCHANGED_LEGACY
CompEvol__beast2,0,27,0.9631320647341324,0.7393776254714395,UNCHANGED_LEGACY
CompEvol__beast2,0,28,0.9631320647341324,0.7393776254714395,UNCHANGED_LEGACY
CompEvol__beast2,0,29,0.9631320647341324,0.7393776254714395,UNCHANGED_LEGACY
CompEvol__beast2,0,30,0.9631320647341324,0.7393776254714395,UNCHANGED_LEGACY
CompEvol__beast2,5,1,0.9282546094654358,0.7379307568073828,UNCHANGED_LEGACY
CompEvol__beast2,5,2,0.928460765577134,0.7357419134720556,UNCHANGED_LEGACY
CompEvol__beast2,5,3,0.9318135937073024,0.7335323843048702,UNCHANGED_LEGACY
CompEvol__beast2,5,4,0.943143123281627,0.7321845389947674,UNCHANGED_LEGACY
CompEvol__beast2,5,5,0.932736760915681,0.7343606287860829,UNCHANGED_LEGACY
CompEvol__beast2,5,6,0.9475990113413116,0.7412079420446194,UNCHANGED_LEGACY
CompEvol__beast2,5,7,0.9442242287418524,0.7294347639646053,UNCHANGED_LEGACY
CompEvol__beast2,5,8,0.9418481130734832,0.735643563329822,UNCHANGED_LEGACY
CompEvol__beast2,5,9,0.9491217148454372,0.7436549092948084,UNCHANGED_LEGACY
CompEvol__beast2,5,10,0.9305070454862427,0.7269214115277524,UNCHANGED_LEGACY
CompEvol__beast2,5,11,0.9322978537828056,0.7367892107725306,UNCHANGED_LEGACY
CompEvol__beast2,5,12,0.9330156639885216,0.733728077998492,UNCHANGED_LEGACY
CompEvol__beast2,5,13,0.945184440303042,0.7401529421932173,UNCHANGED_LEGACY
CompEvol__beast2,5,14,0.926209006613621,0.7223412211611513,UNCHANGED_LEGACY
CompEvol__beast2,5,15,0.9422611963670012,0.7265189569588953,UNCHANGED_LEGACY
CompEvol__beast2,5,16,0.937356522405467,0.7287509174932107,UNCHANGED_LEGACY
CompEvol__beast2,5,17,0.9391347222623564,0.7366703310074154,UNCHANGED_LEGACY
CompEvol__beast2,5,18,0.9366163932245846,0.7402391613277887,UNCHANGED_LEGACY
CompEvol__beast2,5,19,0.930689957338628,0.7239263981188906,UNCHANGED_LEGACY
CompEvol__beast2,5,20,0.9311903307179954,0.7344435951508724,UNCHANGED_LEGACY
CompEvol__beast2,5,21,0.9319938138239892,0.737064777182531,UNCHANGED_LEGACY
CompEvol__beast2,5,22,0.9159350027636474,0.7277635959637248,UNCHANGED_LEGACY
CompEvol__beast2,5,23,0.9295870046167226,0.736401249374765,UNCHANGED_LEGACY
CompEvol__beast2,5,24,0.9415991464888748,0.742811566004097,UNCHANGED_LEGACY
CompEvol__beast2,5,25,0.9369801700886676,0.7357820782795972,UNCHANGED_LEGACY
CompEvol__beast2,5,26,0.9341827837640309,0.7343219140386086,UNCHANGED_LEGACY
CompEvol__beast2,5,27,0.9313261512151142,0.7408530235037601,UNCHANGED_LEGACY
CompEvol__beast2,5,28,0.9368145862848412,0.7348895864188163,UNCHANGED_LEGACY
CompEvol__beast2,5,29,0.9407084945240992,0.7365097703551474,UNCHANGED_LEGACY
CompEvol__beast2,5,30,0.9331836451194544,0.7309181463576496,UNCHANGED_LEGACY
CompEvol__beast2,10,1,0.9313420443310396,0.7396018173696353,UNCHANGED_LEGACY
CompEvol__beast2,10,2,0.9214449667709188,0.7300970117093144,UNCHANGED_LEGACY
CompEvol__beast2,10,3,0.9360876634322296,0.7348162849599015,UNCHANGED_LEGACY
CompEvol__beast2,10,4,0.9345256435986238,0.7359679390628736,UNCHANGED_LEGACY
CompEvol__beast2,10,5,0.9327250266303704,0.7353206341746128,UNCHANGED_LEGACY
CompEvol__beast2,10,6,0.9445267034695548,0.7425275380777909,UNCHANGED_LEGACY
CompEvol__beast2,10,7,0.9403760701133816,0.7300493649835806,UNCHANGED_LEGACY
CompEvol__beast2,10,8,0.9433022672067556,0.7364326523354384,UNCHANGED_LEGACY
CompEvol__beast2,10,9,0.9452783129361784,0.740859996888198,UNCHANGED_LEGACY
CompEvol__beast2,10,10,0.9423540051707716,0.7285620964250868,UNCHANGED_LEGACY
CompEvol__beast2,10,11,0.943877022875663,0.732728148223999,UNCHANGED_LEGACY
CompEvol__beast2,10,12,0.934292738363422,0.7349344472740651,UNCHANGED_LEGACY
CompEvol__beast2,10,13,0.9403447696144736,0.7415231851829478,UNCHANGED_LEGACY
CompEvol__beast2,10,14,0.9460780256329768,0.729985207427347,UNCHANGED_LEGACY
CompEvol__beast2,10,15,0.9419425481342378,0.7238621656595486,UNCHANGED_LEGACY
CompEvol__beast2,10,16,0.9240204861208696,0.724188843312012,UNCHANGED_LEGACY
CompEvol__beast2,10,17,0.940786382502504,0.7386375965220295,UNCHANGED_LEGACY
CompEvol__beast2,10,18,0.929507346063396,0.7353211145116533,UNCHANGED_LEGACY
CompEvol__beast2,10,19,0.9442723105305054,0.7360264118684612,UNCHANGED_LEGACY
CompEvol__beast2,10,20,0.9411799226732948,0.7330985881353047,UNCHANGED_LEGACY
CompEvol__beast2,10,21,0.9380592196367924,0.739452484139477,UNCHANGED_LEGACY
CompEvol__beast2,10,22,0.9244954446991476,0.7339974222264262,UNCHANGED_LEGACY
CompEvol__beast2,10,23,0.932095683320198,0.7343196922232801,UNCHANGED_LEGACY
CompEvol__beast2,10,24,0.931637789719496,0.734473950908066,UNCHANGED_LEGACY
CompEvol__beast2,10,25,0.9438137860542491,0.7382799879205769,UNCHANGED_LEGACY
CompEvol__beast2,10,26,0.9362854919866104,0.734280680891968,UNCHANGED_LEGACY
CompEvol__beast2,10,27,0.9209084314398424,0.7229296369692033,UNCHANGED_LEGACY
CompEvol__beast2,10,28,0.9479305434548402,0.7420758667848938,UNCHANGED_LEGACY
CompEvol__beast2,10,29,0.9353698012720564,0.7343303264594574,UNCHANGED_LEGACY
CompEvol__beast2,10,30,0.9308496999770278,0.7302434846458022,UNCHANGED_LEGACY
CompEvol__beast2,15,1,0.9341148405285143,0.7383307245700087,UNCHANGED_LEGACY
CompEvol__beast2,15,2,0.9280610428259108,0.7275243203779908,UNCHANGED_LEGACY
CompEvol__beast2,15,3,0.9325003087579185,0.7285839163903068,UNCHANGED_LEGACY
CompEvol__beast2,15,4,0.9323950787154562,0.7368825409052756,UNCHANGED_LEGACY
CompEvol__beast2,15,5,0.9419231221152082,0.7370086122338478,UNCHANGED_LEGACY
CompEvol__beast2,15,6,0.9447006709085256,0.7427617423831656,UNCHANGED_LEGACY
CompEvol__beast2,15,7,0.9387651223756732,0.7264752485336461,UNCHANGED_LEGACY
CompEvol__beast2,15,8,0.9501046898810398,0.7419511039719574,UNCHANGED_LEGACY
CompEvol__beast2,15,9,0.9399455911480424,0.7404242184840052,UNCHANGED_LEGACY
CompEvol__beast2,15,10,0.9350768696710396,0.7276242056810607,UNCHANGED_LEGACY
CompEvol__beast2,15,11,0.9447174109645744,0.7289963942984165,UNCHANGED_LEGACY
CompEvol__beast2,15,12,0.9299712267968094,0.7299960569506871,UNCHANGED_LEGACY
CompEvol__beast2,15,13,0.9352327149004592,0.740868294752194,UNCHANGED_LEGACY
CompEvol__beast2,15,14,0.9440506373541928,0.7286426152956037,UNCHANGED_LEGACY
CompEvol__beast2,15,15,0.9312655657203764,0.7221567110928967,UNCHANGED_LEGACY
CompEvol__beast2,15,16,0.9210575580507768,0.7274853902308516,UNCHANGED_LEGACY
CompEvol__beast2,15,17,0.9446046516491564,0.7428237554583952,UNCHANGED_LEGACY
CompEvol__beast2,15,18,0.9376635996383574,0.7397722189034467,UNCHANGED_LEGACY
CompEvol__beast2,15,19,0.941804633790018,0.7346607477633895,UNCHANGED_LEGACY
CompEvol__beast2,15,20,0.9438275251218768,0.7405610135417954,UNCHANGED_LEGACY
CompEvol__beast2,15,21,0.934888817626066,0.7399656297183597,UNCHANGED_LEGACY
CompEvol__beast2,15,22,0.9256875265297604,0.7364784574281141,UNCHANGED_LEGACY
CompEvol__beast2,15,23,0.9316318166062412,0.7283898120768721,UNCHANGED_LEGACY
CompEvol__beast2,15,24,0.9430749887217592,0.7414424655398061,UNCHANGED_LEGACY
CompEvol__beast2,15,25,0.9364032694428752,0.7334166017507601,UNCHANGED_LEGACY
CompEvol__beast2,15,26,0.9349460310291152,0.7323225272609649,UNCHANGED_LEGACY
CompEvol__beast2,15,27,0.9236676139201264,0.7201636978954723,UNCHANGED_LEGACY
CompEvol__beast2,15,28,0.9418718183255214,0.7373298145995213,UNCHANGED_LEGACY
CompEvol__beast2,15,29,0.934239477622506,0.7365171734248206,UNCHANGED_LEGACY
CompEvol__beast2,15,30,0.93220229716551,0.7381043772131739,UNCHANGED_LEGACY
CompEvol__beast2,20,1,0.9564513680548766,0.7471085825361219,UNCHANGED_LEGACY
CompEvol__beast2,20,2,0.9387491022599628,0.7272559073471832,UNCHANGED_LEGACY
CompEvol__beast2,20,3,0.9354633300161648,0.7344161999913352,UNCHANGED_LEGACY
CompEvol__beast2,20,4,0.9467083272142528,0.7432072130023779,UNCHANGED_LEGACY
CompEvol__beast2,20,5,0.9393876613012722,0.7366045470175249,UNCHANGED_LEGACY
CompEvol__beast2,20,6,0.9415227404495172,0.7435945663244165,UNCHANGED_LEGACY
CompEvol__beast2,20,7,0.938148864166704,0.7257777040886413,UNCHANGED_LEGACY
CompEvol__beast2,20,8,0.9442338040308214,0.7406140587433624,UNCHANGED_LEGACY
CompEvol__beast2,20,9,0.9363608713069288,0.7388946499994501,UNCHANGED_LEGACY
CompEvol__beast2,20,10,0.933466118205726,0.7285040651674807,UNCHANGED_LEGACY
CompEvol__beast2,20,11,0.9405332372951064,0.727434303729422,UNCHANGED_LEGACY
CompEvol__beast2,20,12,0.936486769327355,0.726960137654523,UNCHANGED_LEGACY
CompEvol__beast2,20,13,0.9327545375868562,0.7381737760018824,UNCHANGED_LEGACY
CompEvol__beast2,20,14,0.928379127806382,0.7107656927981262,UNCHANGED_LEGACY
CompEvol__beast2,20,15,0.9272954139025246,0.7198972306637592,UNCHANGED_LEGACY
CompEvol__beast2,20,16,0.9196881234947228,0.7267269115665085,UNCHANGED_LEGACY
CompEvol__beast2,20,17,0.9428225824222006,0.742887852385551,UNCHANGED_LEGACY
CompEvol__beast2,20,18,0.9340180592704368,0.7361443335324681,UNCHANGED_LEGACY
CompEvol__beast2,20,19,0.9421494703680144,0.73327066843687,UNCHANGED_LEGACY
CompEvol__beast2,20,20,0.9412293453817534,0.7404306076204856,UNCHANGED_LEGACY
CompEvol__beast2,20,21,0.93623781181416,0.7411973152995502,UNCHANGED_LEGACY
CompEvol__beast2,20,22,0.9260360213612978,0.7368102558951067,UNCHANGED_LEGACY
CompEvol__beast2,20,23,0.9268430225262652,0.7258792218224677,UNCHANGED_LEGACY
CompEvol__beast2,20,24,0.9390421377698944,0.7388607204750222,UNCHANGED_LEGACY
CompEvol__beast2,20,25,0.9350276333388884,0.7384714897111023,UNCHANGED_LEGACY
CompEvol__beast2,20,26,0.9423401588955334,0.7408557923171281,UNCHANGED_LEGACY
CompEvol__beast2,20,27,0.9236557567584008,0.7214253430061781,UNCHANGED_LEGACY
CompEvol__beast2,20,28,0.9426255406067464,0.7377071539124156,UNCHANGED_LEGACY
CompEvol__beast2,20,29,0.9315294836432854,0.7238309617816883,UNCHANGED_LEGACY
CompEvol__beast2,20,30,0.9358343458679812,0.7366977714677935,UNCHANGED_LEGACY
CompEvol__beast2,25,1,0.9558219505240506,0.7474838399920256,UNCHANGED_LEGACY
CompEvol__beast2,25,2,0.9237321924860198,0.7146566773421044,UNCHANGED_LEGACY
CompEvol__beast2,25,3,0.933194855736821,0.7339323765543995,UNCHANGED_LEGACY
CompEvol__beast2,25,4,0.9527037289313954,0.7429418158922313,UNCHANGED_LEGACY
CompEvol__beast2,25,5,0.9451972540865232,0.7382830513655398,UNCHANGED_LEGACY
CompEvol__beast2,25,6,0.9389623950998272,0.7420417081647516,UNCHANGED_LEGACY
CompEvol__beast2,25,7,0.9359679834532144,0.7243608805710995,UNCHANGED_LEGACY
CompEvol__beast2,25,8,0.94856542362576,0.7398247809157099,UNCHANGED_LEGACY
CompEvol__beast2,25,9,0.9354677849047198,0.7384522136978297,UNCHANGED_LEGACY
CompEvol__beast2,25,10,0.93737545774351,0.733092412811729,UNCHANGED_LEGACY
CompEvol__beast2,25,11,0.939273728474856,0.7245346577327607,UNCHANGED_LEGACY
CompEvol__beast2,25,12,0.9315162690682754,0.7267465995402295,UNCHANGED_LEGACY
CompEvol__beast2,25,13,0.9352054891154258,0.7377025837932508,UNCHANGED_LEGACY
CompEvol__beast2,25,14,0.923252108559284,0.7089317863760543,UNCHANGED_LEGACY
CompEvol__beast2,25,15,0.9236161427216324,0.7191624246317238,UNCHANGED_LEGACY
CompEvol__beast2,25,16,0.9376534495516612,0.7349997184646309,UNCHANGED_LEGACY
CompEvol__beast2,25,17,0.949067740761574,0.7324004529820771,UNCHANGED_LEGACY
CompEvol__beast2,25,18,0.9393121986888872,0.7351612373867537,UNCHANGED_LEGACY
CompEvol__beast2,25,19,0.9375928244725747,0.7330869067576027,UNCHANGED_LEGACY
CompEvol__beast2,25,20,0.9321972006806396,0.7249685210667849,UNCHANGED_LEGACY
CompEvol__beast2,25,21,0.9291517895490196,0.7348760076390385,UNCHANGED_LEGACY
CompEvol__beast2,25,22,0.924613840660858,0.734925013778813,UNCHANGED_LEGACY
CompEvol__beast2,25,23,0.9310040814102268,0.7274150242405045,UNCHANGED_LEGACY
CompEvol__beast2,25,24,0.9471538185437632,0.7458823199133809,UNCHANGED_LEGACY
CompEvol__beast2,25,25,0.9292178022228724,0.7341654065908438,UNCHANGED_LEGACY
CompEvol__beast2,25,26,0.9387202741334888,0.738547248773956,UNCHANGED_LEGACY
CompEvol__beast2,25,27,0.9311956152285212,0.7193723715654823,UNCHANGED_LEGACY
CompEvol__beast2,25,28,0.94281275065964,0.7401717015801138,UNCHANGED_LEGACY
CompEvol__beast2,25,29,0.9296938881304088,0.7234878256501122,UNCHANGED_LEGACY
CompEvol__beast2,25,30,0.9405036752088372,0.7386005164581759,UNCHANGED_LEGACY
CompEvol__beast2,30,1,0.9568521703042704,0.7475376219046252,UNCHANGED_LEGACY
CompEvol__beast2,30,2,0.9261838218965572,0.7159920461636822,UNCHANGED_LEGACY
CompEvol__beast2,30,3,0.931240921989409,0.7333759016821108,UNCHANGED_LEGACY
CompEvol__beast2,30,4,0.9510250672175224,0.740818188269697,UNCHANGED_LEGACY
CompEvol__beast2,30,5,0.9432069208813112,0.738154166334049,UNCHANGED_LEGACY
CompEvol__beast2,30,6,0.9350130440324418,0.7410174257096032,UNCHANGED_LEGACY
CompEvol__beast2,30,7,0.9314758270588842,0.7231853062305957,UNCHANGED_LEGACY
CompEvol__beast2,30,8,0.9458002540127644,0.7394915703535397,UNCHANGED_LEGACY
CompEvol__beast2,30,9,0.9246190641455132,0.729100822525175,UNCHANGED_LEGACY
CompEvol__beast2,30,10,0.9375287464837552,0.7329720035472069,UNCHANGED_LEGACY
CompEvol__beast2,30,11,0.9463287578444634,0.7213910048035252,UNCHANGED_LEGACY
CompEvol__beast2,30,12,0.929408710113656,0.7227642493599375,UNCHANGED_LEGACY
CompEvol__beast2,30,13,0.9510679246968464,0.7418301405298404,UNCHANGED_LEGACY
CompEvol__beast2,30,14,0.9216978060242892,0.7074216490128831,UNCHANGED_LEGACY
CompEvol__beast2,30,15,0.9227486038930152,0.7205853553443252,UNCHANGED_LEGACY
CompEvol__beast2,30,16,0.9331108412558108,0.7242300975701783,UNCHANGED_LEGACY
CompEvol__beast2,30,17,0.949153231408914,0.7318912392186735,UNCHANGED_LEGACY
CompEvol__beast2,30,18,0.9450091962688322,0.7299842489971172,UNCHANGED_LEGACY
CompEvol__beast2,30,19,0.9383340422230412,0.7353755174975046,UNCHANGED_LEGACY
CompEvol__beast2,30,20,0.929388878355054,0.722929024460758,UNCHANGED_LEGACY
CompEvol__beast2,30,21,0.9167893426860592,0.7244875425132317,UNCHANGED_LEGACY
CompEvol__beast2,30,22,0.921017147378995,0.733865122873633,UNCHANGED_LEGACY
CompEvol__beast2,30,23,0.9205982550823336,0.7164002315764957,UNCHANGED_LEGACY
CompEvol__beast2,30,24,0.9528903509917792,0.7459479121752851,UNCHANGED_LEGACY
CompEvol__beast2,30,25,0.929514972647875,0.7378546597350469,UNCHANGED_LEGACY
CompEvol__beast2,30,26,0.9330576473134828,0.7383016575390088,UNCHANGED_LEGACY
CompEvol__beast2,30,27,0.9260197150837348,0.7185026382786055,UNCHANGED_LEGACY
CompEvol__beast2,30,28,0.9386082306350398,0.736598538053959,UNCHANGED_LEGACY
CompEvol__beast2,30,29,0.9192789145193146,0.7135722707589404,UNCHANGED_LEGACY
CompEvol__beast2,30,30,0.9319713389854504,0.7308636656537766,UNCHANGED_LEGACY
CompEvol__beast2,40,1,0.953371409683097,0.7355011126301113,UNCHANGED_LEGACY
CompEvol__beast2,40,2,0.9328427331646776,0.7162457904279669,UNCHANGED_LEGACY
CompEvol__beast2,40,3,0.9517487655950788,0.7428577713382106,UNCHANGED_LEGACY
CompEvol__beast2,40,4,0.949588829949993,0.7403116558501984,UNCHANGED_LEGACY
CompEvol__beast2,40,5,0.9443950648939212,0.7361290488757798,UNCHANGED_LEGACY
CompEvol__beast2,40,6,0.9279730583646147,0.7262251936864925,UNCHANGED_LEGACY
CompEvol__beast2,40,7,0.944217704746414,0.7313554063165805,UNCHANGED_LEGACY
CompEvol__beast2,40,8,0.9423917216328334,0.7389685534922023,UNCHANGED_LEGACY
CompEvol__beast2,40,9,0.9266048014429288,0.7263611154090113,UNCHANGED_LEGACY
CompEvol__beast2,40,10,0.9385529939753942,0.7360178345203736,UNCHANGED_LEGACY
CompEvol__beast2,40,11,0.9443093095262506,0.7160297181970455,UNCHANGED_LEGACY
CompEvol__beast2,40,12,0.9215238748709716,0.7194608902626562,UNCHANGED_LEGACY
CompEvol__beast2,40,13,0.9543755771892816,0.7430724672362027,UNCHANGED_LEGACY
CompEvol__beast2,40,14,0.9262238045625713,0.7073140914552345,UNCHANGED_LEGACY
CompEvol__beast2,40,15,0.9216520696082852,0.716387128275402,UNCHANGED_LEGACY
CompEvol__beast2,40,16,0.9193549436826876,0.717083995502488,UNCHANGED_LEGACY
CompEvol__beast2,40,17,0.9494487475380186,0.7304138792532933,UNCHANGED_LEGACY
CompEvol__beast2,40,18,0.9440986325520834,0.7282023374119988,UNCHANGED_LEGACY
CompEvol__beast2,40,19,0.9370773240993604,0.7329194043673806,UNCHANGED_LEGACY
CompEvol__beast2,40,20,0.9276018858247524,0.7145956499245342,UNCHANGED_LEGACY
CompEvol__beast2,40,21,0.9163328568037512,0.722962322804579,UNCHANGED_LEGACY
CompEvol__beast2,40,22,0.9159128808855492,0.7346083809110866,UNCHANGED_LEGACY
CompEvol__beast2,40,23,0.9180633113389498,0.7128854041042246,UNCHANGED_LEGACY
CompEvol__beast2,40,24,0.9524742815539706,0.7411580692244939,UNCHANGED_LEGACY
CompEvol__beast2,40,25,0.9269884702668104,0.736084731461285,UNCHANGED_LEGACY
CompEvol__beast2,40,26,0.9313660456410175,0.7376622166450345,UNCHANGED_LEGACY
CompEvol__beast2,40,27,0.9209792791769306,0.7163800833883154,UNCHANGED_LEGACY
CompEvol__beast2,40,28,0.9355833398647508,0.7314742301727001,UNCHANGED_LEGACY
CompEvol__beast2,40,29,0.92564204081463,0.7149015008943623,UNCHANGED_LEGACY
CompEvol__beast2,40,30,0.9262665449381976,0.7306737432040701,UNCHANGED_LEGACY
CompEvol__beast2,50,1,0.9583574154613562,0.7367100091241117,UNCHANGED_LEGACY
CompEvol__beast2,50,2,0.9378615716860016,0.7161633997217038,UNCHANGED_LEGACY
CompEvol__beast2,50,3,0.9537145268159553,0.7442739793073164,UNCHANGED_LEGACY
CompEvol__beast2,50,4,0.9477568745478312,0.7402662059430382,UNCHANGED_LEGACY
CompEvol__beast2,50,5,0.9425978406342046,0.7357425419432931,UNCHANGED_LEGACY
CompEvol__beast2,50,6,0.9363638525031756,0.7283290844194934,UNCHANGED_LEGACY
CompEvol__beast2,50,7,0.9465257699716564,0.7302226317968427,UNCHANGED_LEGACY
CompEvol__beast2,50,8,0.941376432574066,0.7389657984834368,UNCHANGED_LEGACY
CompEvol__beast2,50,9,0.9304559907480822,0.7229909217714308,UNCHANGED_LEGACY
CompEvol__beast2,50,10,0.9345292086640112,0.7370794659892831,UNCHANGED_LEGACY
CompEvol__beast2,50,11,0.940989658852848,0.7157018093678894,UNCHANGED_LEGACY
CompEvol__beast2,50,12,0.9168025077806335,0.7151425615341661,UNCHANGED_LEGACY
CompEvol__beast2,50,13,0.9509709191274608,0.740545650146654,UNCHANGED_LEGACY
CompEvol__beast2,50,14,0.926521721317478,0.7119759566189923,UNCHANGED_LEGACY
CompEvol__beast2,50,15,0.936134573359232,0.7209598403171351,UNCHANGED_LEGACY
CompEvol__beast2,50,16,0.9148272265239414,0.7138174865853691,UNCHANGED_LEGACY
CompEvol__beast2,50,17,0.9450961548357626,0.7298449351939513,UNCHANGED_LEGACY
CompEvol__beast2,50,18,0.9252638544230164,0.7147399598933075,UNCHANGED_LEGACY
CompEvol__beast2,50,19,0.9337680032915704,0.7324762376429614,UNCHANGED_LEGACY
CompEvol__beast2,50,20,0.9227666205443033,0.7145117435344892,UNCHANGED_LEGACY
CompEvol__beast2,50,21,0.9126786755024212,0.7216693831354385,UNCHANGED_LEGACY
CompEvol__beast2,50,22,0.9396853867318278,0.7367645367068689,UNCHANGED_LEGACY
CompEvol__beast2,50,23,0.9344163157514171,0.7169483450888176,UNCHANGED_LEGACY
CompEvol__beast2,50,24,0.9502453932724816,0.7399316774132233,UNCHANGED_LEGACY
CompEvol__beast2,50,25,0.923816955770956,0.7251286886219419,UNCHANGED_LEGACY
CompEvol__beast2,50,26,0.9429257045981048,0.73619504482734,UNCHANGED_LEGACY
CompEvol__beast2,50,27,0.9086211750468712,0.7067291867397061,UNCHANGED_LEGACY
CompEvol__beast2,50,28,0.941157922022264,0.7339606621863511,UNCHANGED_LEGACY
CompEvol__beast2,50,29,0.9246547139747132,0.7125803543526568,UNCHANGED_LEGACY
CompEvol__beast2,50,30,0.9204471698708218,0.7276097971820606,UNCHANGED_LEGACY
apache__airavata,0,1,0.7890756302521008,0.844635135614775,UNCHANGED_LEGACY
apache__airavata,0,2,0.7890756302521008,0.844635135614775,UNCHANGED_LEGACY
apache__airavata,0,3,0.7890756302521008,0.844635135614775,UNCHANGED_LEGACY
apache__airavata,0,4,0.7890756302521008,0.844635135614775,UNCHANGED_LEGACY
apache__airavata,0,5,0.7890756302521008,0.844635135614775,UNCHANGED_LEGACY
apache__airavata,0,6,0.7890756302521008,0.844635135614775,UNCHANGED_LEGACY
apache__airavata,0,7,0.7890756302521008,0.844635135614775,UNCHANGED_LEGACY
apache__airavata,0,8,0.7890756302521008,0.844635135614775,UNCHANGED_LEGACY
apache__airavata,0,9,0.7890756302521008,0.844635135614775,UNCHANGED_LEGACY
apache__airavata,0,10,0.7890756302521008,0.844635135614775,UNCHANGED_LEGACY
apache__airavata,0,11,0.7890756302521008,0.844635135614775,UNCHANGED_LEGACY
apache__airavata,0,12,0.7890756302521008,0.844635135614775,UNCHANGED_LEGACY
apache__airavata,0,13,0.7890756302521008,0.844635135614775,UNCHANGED_LEGACY
apache__airavata,0,14,0.7890756302521008,0.844635135614775,UNCHANGED_LEGACY
apache__airavata,0,15,0.7890756302521008,0.844635135614775,UNCHANGED_LEGACY
apache__airavata,0,16,0.7890756302521008,0.844635135614775,UNCHANGED_LEGACY
apache__airavata,0,17,0.7890756302521008,0.844635135614775,UNCHANGED_LEGACY
apache__airavata,0,18,0.7890756302521008,0.844635135614775,UNCHANGED_LEGACY
apache__airavata,0,19,0.7890756302521008,0.844635135614775,UNCHANGED_LEGACY
apache__airavata,0,20,0.7890756302521008,0.844635135614775,UNCHANGED_LEGACY
apache__airavata,0,21,0.7890756302521008,0.844635135614775,UNCHANGED_LEGACY
apache__airavata,0,22,0.7890756302521008,0.844635135614775,UNCHANGED_LEGACY
apache__airavata,0,23,0.7890756302521008,0.844635135614775,UNCHANGED_LEGACY
apache__airavata,0,24,0.7890756302521008,0.844635135614775,UNCHANGED_LEGACY
apache__airavata,0,25,0.7890756302521008,0.844635135614775,UNCHANGED_LEGACY
apache__airavata,0,26,0.7890756302521008,0.844635135614775,UNCHANGED_LEGACY
apache__airavata,0,27,0.7890756302521008,0.844635135614775,UNCHANGED_LEGACY
apache__airavata,0,28,0.7890756302521008,0.844635135614775,UNCHANGED_LEGACY
apache__airavata,0,29,0.7890756302521008,0.844635135614775,UNCHANGED_LEGACY
apache__airavata,0,30,0.7890756302521008,0.844635135614775,UNCHANGED_LEGACY
apache__airavata,5,1,0.7849673202614379,0.8378366573788332,UNCHANGED_LEGACY
apache__airavata,5,2,0.784593837535014,0.8441028116013033,UNCHANGED_LEGACY
apache__airavata,5,3,0.7853408029878618,0.8391424380044545,UNCHANGED_LEGACY
apache__airavata,5,4,0.7802987861811391,0.8375530107138373,UNCHANGED_LEGACY
apache__airavata,5,5,0.7773109243697479,0.8439699401743187,UNCHANGED_LEGACY
apache__airavata,5,6,0.7853408029878618,0.8166280064250062,UNCHANGED_LEGACY
apache__airavata,5,7,0.7849673202614379,0.8429517282860086,UNCHANGED_LEGACY
apache__airavata,5,8,0.788515406162465,0.844496845141309,UNCHANGED_LEGACY
apache__airavata,5,9,0.7853408029878618,0.8167153698373408,UNCHANGED_LEGACY
apache__airavata,5,10,0.788515406162465,0.8458330442819859,UNCHANGED_LEGACY
apache__airavata,5,11,0.7890756302521008,0.844635135614775,UNCHANGED_LEGACY
apache__airavata,5,12,0.7810457516339869,0.8436783894857255,UNCHANGED_LEGACY
apache__airavata,5,13,0.7842203548085901,0.8390320211899617,UNCHANGED_LEGACY
apache__airavata,5,14,0.7737628384687207,0.811338627845928,UNCHANGED_LEGACY
apache__airavata,5,15,0.780859010270775,0.8444291819090004,UNCHANGED_LEGACY
apache__airavata,5,16,0.7816059757236228,0.8278377980731477,UNCHANGED_LEGACY
apache__airavata,5,17,0.7735760971055088,0.8285886204359059,UNCHANGED_LEGACY
apache__airavata,5,18,0.7851540616246498,0.8431563646545168,UNCHANGED_LEGACY
apache__airavata,5,19,0.7812324929971989,0.8166171383925601,UNCHANGED_LEGACY
apache__airavata,5,20,0.7890756302521008,0.844635135614775,UNCHANGED_LEGACY
apache__airavata,5,21,0.7814192343604108,0.8381546146917167,UNCHANGED_LEGACY
apache__airavata,5,22,0.7851540616246498,0.842795084909266,UNCHANGED_LEGACY
apache__airavata,5,23,0.7810457516339869,0.8301575092409642,UNCHANGED_LEGACY
apache__airavata,5,24,0.7849673202614379,0.8318389705033147,UNCHANGED_LEGACY
apache__airavata,5,25,0.788515406162465,0.8437605134884787,UNCHANGED_LEGACY
apache__airavata,5,26,0.7804855275443511,0.8432644461893106,UNCHANGED_LEGACY
apache__airavata,5,27,0.7812324929971989,0.8288611296131061,UNCHANGED_LEGACY
apache__airavata,5,28,0.7774976657329599,0.8404636674034703,UNCHANGED_LEGACY
apache__airavata,5,29,0.7890756302521008,0.844635135614775,UNCHANGED_LEGACY
apache__airavata,5,30,0.780672268907563,0.8455875704582259,UNCHANGED_LEGACY
apache__airavata,10,1,0.7720821661998132,0.8331007700279356,UNCHANGED_LEGACY
apache__airavata,10,2,0.7842203548085901,0.8440355675217613,UNCHANGED_LEGACY
apache__airavata,10,3,0.7767507002801121,0.8056699459526391,UNCHANGED_LEGACY
apache__airavata,10,4,0.7765639589169001,0.8248981899031419,UNCHANGED_LEGACY
apache__airavata,10,5,0.7705882352941176,0.837316069642824,UNCHANGED_LEGACY
apache__airavata,10,6,0.7733893557422968,0.788788837736676,UNCHANGED_LEGACY
apache__airavata,10,7,0.7801120448179272,0.8418526199137613,UNCHANGED_LEGACY
apache__airavata,10,8,0.7879551820728291,0.8435693798269488,UNCHANGED_LEGACY
apache__airavata,10,9,0.7737628384687207,0.795940841391688,UNCHANGED_LEGACY
apache__airavata,10,10,0.7838468720821662,0.8321778555150405,UNCHANGED_LEGACY
apache__airavata,10,11,0.784407096171802,0.8425352101940279,UNCHANGED_LEGACY
apache__airavata,10,12,0.7732026143790849,0.8298905688076621,UNCHANGED_LEGACY
apache__airavata,10,13,0.7782446311858077,0.8374312168956818,UNCHANGED_LEGACY
apache__airavata,10,14,0.7698412698412698,0.8110971958524166,UNCHANGED_LEGACY
apache__airavata,10,15,0.7801120448179272,0.8441713131391448,UNCHANGED_LEGACY
apache__airavata,10,16,0.7816059757236228,0.827708998415895,UNCHANGED_LEGACY
apache__airavata,10,17,0.772642390289449,0.8253021034726438,UNCHANGED_LEGACY
apache__airavata,10,18,0.7851540616246498,0.8431563646545168,UNCHANGED_LEGACY
apache__airavata,10,19,0.7733893557422968,0.8110421371425867,UNCHANGED_LEGACY
apache__airavata,10,20,0.7851540616246498,0.8435442905399247,UNCHANGED_LEGACY
apache__airavata,10,21,0.776937441643324,0.8093529814330225,UNCHANGED_LEGACY
apache__airavata,10,22,0.7834733893557423,0.8404944451923259,UNCHANGED_LEGACY
apache__airavata,10,23,0.772829131652661,0.823424538594532,UNCHANGED_LEGACY
apache__airavata,10,24,0.7816059757236228,0.8283464698947947,UNCHANGED_LEGACY
apache__airavata,10,25,0.784407096171802,0.8398931106697962,UNCHANGED_LEGACY
apache__airavata,10,26,0.7722689075630251,0.8230611032064818,UNCHANGED_LEGACY
apache__airavata,10,27,0.7804855275443511,0.8281158759942459,UNCHANGED_LEGACY
apache__airavata,10,28,0.7767507002801121,0.8402194210985267,UNCHANGED_LEGACY
apache__airavata,10,29,0.7879551820728291,0.8440381722568103,UNCHANGED_LEGACY
apache__airavata,10,30,0.7767507002801121,0.845554247813288,UNCHANGED_LEGACY
apache__airavata,15,1,0.7713352007469654,0.8312432047246829,UNCHANGED_LEGACY
apache__airavata,15,2,0.7830999066293184,0.8438743434040704,UNCHANGED_LEGACY
apache__airavata,15,3,0.7718954248366012,0.8018973614776383,UNCHANGED_LEGACY
apache__airavata,15,4,0.7761904761904762,0.8247443009588649,UNCHANGED_LEGACY
apache__airavata,15,5,0.7700280112044817,0.837236759951503,UNCHANGED_LEGACY
apache__airavata,15,6,0.7717086834733893,0.7861114994405738,UNCHANGED_LEGACY
apache__airavata,15,7,0.7741363211951446,0.8332104682948287,UNCHANGED_LEGACY
apache__airavata,15,8,0.7782446311858077,0.8424599722724387,UNCHANGED_LEGACY
apache__airavata,15,9,0.7704014939309056,0.7911941159478277,UNCHANGED_LEGACY
apache__airavata,15,10,0.7784313725490196,0.8256673052902099,UNCHANGED_LEGACY
apache__airavata,15,11,0.784407096171802,0.8425352101940279,UNCHANGED_LEGACY
apache__airavata,15,12,0.7610644257703081,0.8181398605143354,UNCHANGED_LEGACY
apache__airavata,15,13,0.7694677871148459,0.8300794270684596,UNCHANGED_LEGACY
apache__airavata,15,14,0.7696545284780578,0.8109535462114359,UNCHANGED_LEGACY
apache__airavata,15,15,0.7797385620915033,0.8436383304570402,UNCHANGED_LEGACY
apache__airavata,15,16,0.7724556489262371,0.8258383495584306,UNCHANGED_LEGACY
apache__airavata,15,17,0.7664799253034547,0.8220589688207157,UNCHANGED_LEGACY
apache__airavata,15,18,0.772829131652661,0.811310394913155,UNCHANGED_LEGACY
apache__airavata,15,19,0.7677871148459383,0.809763631386272,UNCHANGED_LEGACY
apache__airavata,15,20,0.7810457516339869,0.8373582244353418,UNCHANGED_LEGACY
apache__airavata,15,21,0.7724556489262371,0.809229690640701,UNCHANGED_LEGACY
apache__airavata,15,22,0.7823529411764706,0.8397652990154931,UNCHANGED_LEGACY
apache__airavata,15,23,0.7640522875816993,0.8179786363966445,UNCHANGED_LEGACY
apache__airavata,15,24,0.7724556489262371,0.8174347258031271,UNCHANGED_LEGACY
apache__airavata,15,25,0.7814192343604108,0.8332663952496748,UNCHANGED_LEGACY
apache__airavata,15,26,0.7605042016806722,0.8185251217857277,UNCHANGED_LEGACY
apache__airavata,15,27,0.7801120448179272,0.8281043193536834,UNCHANGED_LEGACY
apache__airavata,15,28,0.7718954248366012,0.8261743603797574,UNCHANGED_LEGACY
apache__airavata,15,29,0.7840336134453781,0.8438030275547966,UNCHANGED_LEGACY
apache__airavata,15,30,0.772642390289449,0.8453053908279126,UNCHANGED_LEGACY
apache__airavata,20,1,0.7573295985060691,0.7945291648135554,UNCHANGED_LEGACY
apache__airavata,20,2,0.7711484593837534,0.8230967311916354,UNCHANGED_LEGACY
apache__airavata,20,3,0.765359477124183,0.7995647763319932,UNCHANGED_LEGACY
apache__airavata,20,4,0.7718954248366012,0.823042271271472,UNCHANGED_LEGACY
apache__airavata,20,5,0.7625583566760037,0.8309699171209166,UNCHANGED_LEGACY
apache__airavata,20,6,0.7640522875816993,0.7745459668515959,UNCHANGED_LEGACY
apache__airavata,20,7,0.765359477124183,0.8039606709102822,UNCHANGED_LEGACY
apache__airavata,20,8,0.7774976657329599,0.836876019116952,UNCHANGED_LEGACY
apache__airavata,20,9,0.7661064425770308,0.7894882240670863,UNCHANGED_LEGACY
apache__airavata,20,10,0.7748832866479926,0.8212957515118621,UNCHANGED_LEGACY
apache__airavata,20,11,0.7789915966386555,0.832719820042142,UNCHANGED_LEGACY
apache__airavata,20,12,0.7571428571428571,0.8143164387966534,UNCHANGED_LEGACY
apache__airavata,20,13,0.7659197012138188,0.8242269766265379,UNCHANGED_LEGACY
apache__airavata,20,14,0.7659197012138188,0.7970215070422086,UNCHANGED_LEGACY
apache__airavata,20,15,0.7718954248366012,0.8383727238277201,UNCHANGED_LEGACY
apache__airavata,20,16,0.7685340802987861,0.8254787164847623,UNCHANGED_LEGACY
apache__airavata,20,17,0.7545284780578898,0.8166947115938484,UNCHANGED_LEGACY
apache__airavata,20,18,0.7707749766573295,0.8094128304601839,UNCHANGED_LEGACY
apache__airavata,20,19,0.7644257703081232,0.8085532379545157,UNCHANGED_LEGACY
apache__airavata,20,20,0.772642390289449,0.8047571509851069,UNCHANGED_LEGACY
apache__airavata,20,21,0.7702147525676937,0.8068318074819298,UNCHANGED_LEGACY
apache__airavata,20,22,0.7804855275443511,0.8375647769307829,UNCHANGED_LEGACY
apache__airavata,20,23,0.7580765639589169,0.8158306581051651,UNCHANGED_LEGACY
apache__airavata,20,24,0.7636788048552754,0.8108254351622994,UNCHANGED_LEGACY
apache__airavata,20,25,0.764985994397759,0.8181303098191556,UNCHANGED_LEGACY
apache__airavata,20,26,0.7597572362278244,0.8172498794330949,UNCHANGED_LEGACY
apache__airavata,20,27,0.777124183006536,0.8269666788664004,UNCHANGED_LEGACY
apache__airavata,20,28,0.7666666666666666,0.8201942479809492,UNCHANGED_LEGACY
apache__airavata,20,29,0.7761904761904762,0.8406451306118873,UNCHANGED_LEGACY
apache__airavata,20,30,0.7676003734827264,0.835838975293632,UNCHANGED_LEGACY
apache__airavata,25,1,0.7492997198879552,0.788220825859084,UNCHANGED_LEGACY
apache__airavata,25,2,0.7584500466853408,0.8180127075286654,UNCHANGED_LEGACY
apache__airavata,25,3,0.7567693744164332,0.7989122452929823,UNCHANGED_LEGACY
apache__airavata,25,4,0.7659197012138188,0.821806189763025,UNCHANGED_LEGACY
apache__airavata,25,5,0.7521008403361344,0.8261423850115692,UNCHANGED_LEGACY
apache__airavata,25,6,0.7513538748832866,0.7669907382351983,UNCHANGED_LEGACY
apache__airavata,25,7,0.7595704948646125,0.7961402084111316,UNCHANGED_LEGACY
apache__airavata,25,8,0.7765639589169001,0.8357678989602247,UNCHANGED_LEGACY
apache__airavata,25,9,0.7621848739495798,0.7633484503916165,UNCHANGED_LEGACY
apache__airavata,25,10,0.764985994397759,0.8088673031345671,UNCHANGED_LEGACY
apache__airavata,25,11,0.7676003734827264,0.8119580757558678,UNCHANGED_LEGACY
apache__airavata,25,12,0.7541549953314659,0.8112520727996431,UNCHANGED_LEGACY
apache__airavata,25,13,0.7586367880485527,0.8139981820889368,UNCHANGED_LEGACY
apache__airavata,25,14,0.7619981325863678,0.7929798564305899,UNCHANGED_LEGACY
apache__airavata,25,15,0.7636788048552754,0.8261543308654147,UNCHANGED_LEGACY
apache__airavata,25,16,0.7558356676003735,0.7959953911303014,UNCHANGED_LEGACY
apache__airavata,25,17,0.7405228758169935,0.8063906491951748,UNCHANGED_LEGACY
apache__airavata,25,18,0.7605042016806722,0.8070294380113407,UNCHANGED_LEGACY
apache__airavata,25,19,0.7591970121381886,0.8033890962341749,UNCHANGED_LEGACY
apache__airavata,25,20,0.7707749766573295,0.8024334279265253,UNCHANGED_LEGACY
apache__airavata,25,21,0.7661064425770308,0.8002911081973936,UNCHANGED_LEGACY
apache__airavata,25,22,0.7786181139122316,0.835859962871441,UNCHANGED_LEGACY
apache__airavata,25,23,0.7569561157796452,0.8140177625110295,UNCHANGED_LEGACY
apache__airavata,25,24,0.7586367880485527,0.8035995109229646,UNCHANGED_LEGACY
apache__airavata,25,25,0.7562091503267974,0.812182771578202,UNCHANGED_LEGACY
apache__airavata,25,26,0.7597572362278244,0.8172498794330949,UNCHANGED_LEGACY
apache__airavata,25,27,0.7741363211951446,0.8257885601976656,UNCHANGED_LEGACY
apache__airavata,25,28,0.7573295985060691,0.8181709975769907,UNCHANGED_LEGACY
apache__airavata,25,29,0.7750700280112045,0.8398869431362318,UNCHANGED_LEGACY
apache__airavata,25,30,0.7569561157796452,0.8053308214250465,UNCHANGED_LEGACY
apache__airavata,30,1,0.7466853408029879,0.7837772077443794,UNCHANGED_LEGACY
apache__airavata,30,2,0.7496732026143791,0.8156018905130988,UNCHANGED_LEGACY
apache__airavata,30,3,0.7532212885154062,0.7942483324599917,UNCHANGED_LEGACY
apache__airavata,30,4,0.7619981325863678,0.820406548857188,UNCHANGED_LEGACY
apache__airavata,30,5,0.7509803921568627,0.8177664552783389,UNCHANGED_LEGACY
apache__airavata,30,6,0.7472455648926237,0.7641264877447147,UNCHANGED_LEGACY
apache__airavata,30,7,0.753781512605042,0.7846598835916893,UNCHANGED_LEGACY
apache__airavata,30,8,0.7709617180205415,0.8318390603217647,UNCHANGED_LEGACY
apache__airavata,30,9,0.7526610644257703,0.7543273247927894,UNCHANGED_LEGACY
apache__airavata,30,10,0.7489262371615313,0.7751728696928828,UNCHANGED_LEGACY
apache__airavata,30,11,0.7573295985060691,0.8078050203268065,UNCHANGED_LEGACY
apache__airavata,30,12,0.749859943977591,0.8095581567122305,UNCHANGED_LEGACY
apache__airavata,30,13,0.7457516339869281,0.8081252530404225,UNCHANGED_LEGACY
apache__airavata,30,14,0.7451914098972923,0.758612293585369,UNCHANGED_LEGACY
apache__airavata,30,15,0.7556489262371615,0.8226621595912114,UNCHANGED_LEGACY
apache__airavata,30,16,0.7459383753501401,0.7880857089708503,UNCHANGED_LEGACY
apache__airavata,30,17,0.7336134453781512,0.8010490561571825,UNCHANGED_LEGACY
apache__airavata,30,18,0.7438842203548086,0.7812609738080349,UNCHANGED_LEGACY
apache__airavata,30,19,0.7496732026143791,0.8006234963412385,UNCHANGED_LEGACY
apache__airavata,30,20,0.7661064425770308,0.8009816324407406,UNCHANGED_LEGACY
apache__airavata,30,21,0.7595704948646125,0.7960228755759913,UNCHANGED_LEGACY
apache__airavata,30,22,0.7732026143790849,0.8313800281634662,UNCHANGED_LEGACY
apache__airavata,30,23,0.7478057889822596,0.7823580163559327,UNCHANGED_LEGACY
apache__airavata,30,24,0.7438842203548086,0.7912008822710586,UNCHANGED_LEGACY
apache__airavata,30,25,0.7438842203548086,0.8035510089599823,UNCHANGED_LEGACY
apache__airavata,30,26,0.7549019607843137,0.8094517517885029,UNCHANGED_LEGACY
apache__airavata,30,27,0.7657329598506069,0.8227463494183137,UNCHANGED_LEGACY
apache__airavata,30,28,0.7491129785247432,0.787799996481505,UNCHANGED_LEGACY
apache__airavata,30,29,0.7692810457516339,0.8354711388015336,UNCHANGED_LEGACY
apache__airavata,30,30,0.7567693744164332,0.8053043848612729,UNCHANGED_LEGACY
apache__airavata,40,1,0.7298786181139122,0.7554358940417665,UNCHANGED_LEGACY
apache__airavata,40,2,0.7367880485527544,0.8114152729232333,UNCHANGED_LEGACY
apache__airavata,40,3,0.7309990662931839,0.7766473293675424,UNCHANGED_LEGACY
apache__airavata,40,4,0.7479925303454715,0.8038698644573653,UNCHANGED_LEGACY
apache__airavata,40,5,0.7349206349206349,0.7925634880360258,UNCHANGED_LEGACY
apache__airavata,40,6,0.7319327731092437,0.7549695865890207,UNCHANGED_LEGACY
apache__airavata,40,7,0.7366013071895424,0.7663696137141927,UNCHANGED_LEGACY
apache__airavata,40,8,0.7491129785247432,0.7934539481489995,UNCHANGED_LEGACY
apache__airavata,40,9,0.7466853408029879,0.7534268948318694,UNCHANGED_LEGACY
apache__airavata,40,10,0.73062558356676,0.7542529850557,UNCHANGED_LEGACY
apache__airavata,40,11,0.7433239962651728,0.7831107847851069,UNCHANGED_LEGACY
apache__airavata,40,12,0.7319327731092437,0.7860600334687426,UNCHANGED_LEGACY
apache__airavata,40,13,0.7233426704014939,0.7666612242817523,UNCHANGED_LEGACY
apache__airavata,40,14,0.7338001867413632,0.7489390561002975,UNCHANGED_LEGACY
apache__airavata,40,15,0.7347338935574229,0.7924504066075173,UNCHANGED_LEGACY
apache__airavata,40,16,0.7338001867413632,0.7766305033779153,UNCHANGED_LEGACY
apache__airavata,40,17,0.7108309990662931,0.7461742645734109,UNCHANGED_LEGACY
apache__airavata,40,18,0.7235294117647059,0.7503402239197839,UNCHANGED_LEGACY
apache__airavata,40,19,0.7248366013071895,0.7691287766182147,UNCHANGED_LEGACY
apache__airavata,40,20,0.7526610644257703,0.768612230712454,UNCHANGED_LEGACY
apache__airavata,40,21,0.7364145658263305,0.7614141501926087,UNCHANGED_LEGACY
apache__airavata,40,22,0.7483660130718954,0.7526999941162857,UNCHANGED_LEGACY
apache__airavata,40,23,0.7352941176470588,0.7786111798365893,UNCHANGED_LEGACY
apache__airavata,40,24,0.718860877684407,0.7720007514953954,UNCHANGED_LEGACY
apache__airavata,40,25,0.730812324929972,0.7780147553893246,UNCHANGED_LEGACY
apache__airavata,40,26,0.7212885154061623,0.7414994837079741,UNCHANGED_LEGACY
apache__airavata,40,27,0.7403361344537815,0.8009797163138079,UNCHANGED_LEGACY
apache__airavata,40,28,0.7328664799253034,0.777479736822354,UNCHANGED_LEGACY
apache__airavata,40,29,0.738095238095238,0.7909104393433484,UNCHANGED_LEGACY
apache__airavata,40,30,0.7407096171802054,0.7889819174646219,UNCHANGED_LEGACY
apache__airavata,50,1,0.7183006535947711,0.7467802397158554,UNCHANGED_LEGACY
apache__airavata,50,2,0.7154995331465919,0.7948676007330314,UNCHANGED_LEGACY
apache__airavata,50,3,0.7272642390289449,0.7751196372915357,UNCHANGED_LEGACY
apache__airavata,50,4,0.7313725490196078,0.7824133145816292,UNCHANGED_LEGACY
apache__airavata,50,5,0.7184873949579831,0.7709397261459343,UNCHANGED_LEGACY
apache__airavata,50,6,0.7156862745098038,0.7414912204105771,UNCHANGED_LEGACY
apache__airavata,50,7,0.7084033613445377,0.744356608601427,UNCHANGED_LEGACY
apache__airavata,50,8,0.7408963585434174,0.7861907193134448,UNCHANGED_LEGACY
apache__airavata,50,9,0.734360410830999,0.7492730310367584,UNCHANGED_LEGACY
apache__airavata,50,10,0.7160597572362277,0.7378884826244642,UNCHANGED_LEGACY
apache__airavata,50,11,0.7285714285714285,0.7367462613962329,UNCHANGED_LEGACY
apache__airavata,50,12,0.7119514472455648,0.7632183932760641,UNCHANGED_LEGACY
apache__airavata,50,13,0.7080298786181138,0.7287785565181031,UNCHANGED_LEGACY
apache__airavata,50,14,0.7181139122315592,0.7395919494070566,UNCHANGED_LEGACY
apache__airavata,50,15,0.7220354808590101,0.7750209268150219,UNCHANGED_LEGACY
apache__airavata,50,16,0.7168067226890755,0.7612313995864091,UNCHANGED_LEGACY
apache__airavata,50,17,0.7013071895424836,0.7302024184659478,UNCHANGED_LEGACY
apache__airavata,50,18,0.7196078431372548,0.7443690933659723,UNCHANGED_LEGACY
apache__airavata,50,19,0.7140056022408963,0.7548991389847631,UNCHANGED_LEGACY
apache__airavata,50,20,0.7349206349206349,0.7515967241558569,UNCHANGED_LEGACY
apache__airavata,50,21,0.7143790849673202,0.7466880560467059,UNCHANGED_LEGACY
apache__airavata,50,22,0.7246498599439776,0.7429865479051124,UNCHANGED_LEGACY
apache__airavata,50,23,0.7196078431372548,0.7560612400299206,UNCHANGED_LEGACY
apache__airavata,50,24,0.7069094304388421,0.7631397422533763,UNCHANGED_LEGACY
apache__airavata,50,25,0.7108309990662931,0.7529390608906148,UNCHANGED_LEGACY
apache__airavata,50,26,0.7085901027077497,0.7332455573692825,UNCHANGED_LEGACY
apache__airavata,50,27,0.7214752567693743,0.7827971686973052,UNCHANGED_LEGACY
apache__airavata,50,28,0.7194211017740428,0.7491612070665494,UNCHANGED_LEGACY
apache__airavata,50,29,0.7220354808590101,0.7787962357830048,UNCHANGED_LEGACY
apache__airavata,50,30,0.7242763772175537,0.7524474845139449,UNCHANGED_LEGACY
b2ihealthcare__snow-owl,0,1,0.9309592084528144,0.7161839862196434,UNCHANGED_LEGACY
b2ihealthcare__snow-owl,0,2,0.9309592084528144,0.7161839862196434,UNCHANGED_LEGACY
b2ihealthcare__snow-owl,0,3,0.9309592084528144,0.7161839862196434,UNCHANGED_LEGACY
b2ihealthcare__snow-owl,0,4,0.9309592084528144,0.7161839862196434,UNCHANGED_LEGACY
b2ihealthcare__snow-owl,0,5,0.9309592084528144,0.7161839862196434,UNCHANGED_LEGACY
b2ihealthcare__snow-owl,0,6,0.9309592084528144,0.7161839862196434,UNCHANGED_LEGACY
b2ihealthcare__snow-owl,0,7,0.9309592084528144,0.7161839862196434,UNCHANGED_LEGACY
b2ihealthcare__snow-owl,0,8,0.9309592084528144,0.7161839862196434,UNCHANGED_LEGACY
b2ihealthcare__snow-owl,0,9,0.9309592084528144,0.7161839862196434,UNCHANGED_LEGACY
b2ihealthcare__snow-owl,0,10,0.9309592084528144,0.7161839862196434,UNCHANGED_LEGACY
b2ihealthcare__snow-owl,0,11,0.9309592084528144,0.7161839862196434,UNCHANGED_LEGACY
b2ihealthcare__snow-owl,0,12,0.9309592084528144,0.7161839862196434,UNCHANGED_LEGACY
b2ihealthcare__snow-owl,0,13,0.9309592084528144,0.7161839862196434,UNCHANGED_LEGACY
b2ihealthcare__snow-owl,0,14,0.9309592084528144,0.7161839862196434,UNCHANGED_LEGACY
b2ihealthcare__snow-owl,0,15,0.9309592084528144,0.7161839862196434,UNCHANGED_LEGACY
b2ihealthcare__snow-owl,0,16,0.9309592084528144,0.7161839862196434,UNCHANGED_LEGACY
b2ihealthcare__snow-owl,0,17,0.9309592084528144,0.7161839862196434,UNCHANGED_LEGACY
b2ihealthcare__snow-owl,0,18,0.9309592084528144,0.7161839862196434,UNCHANGED_LEGACY
b2ihealthcare__snow-owl,0,19,0.9309592084528144,0.7161839862196434,UNCHANGED_LEGACY
b2ihealthcare__snow-owl,0,20,0.9309592084528144,0.7161839862196434,UNCHANGED_LEGACY
b2ihealthcare__snow-owl,0,21,0.9309592084528144,0.7161839862196434,UNCHANGED_LEGACY
b2ihealthcare__snow-owl,0,22,0.9309592084528144,0.7161839862196434,UNCHANGED_LEGACY
b2ihealthcare__snow-owl,0,23,0.9309592084528144,0.7161839862196434,UNCHANGED_LEGACY
b2ihealthcare__snow-owl,0,24,0.9309592084528144,0.7161839862196434,UNCHANGED_LEGACY
b2ihealthcare__snow-owl,0,25,0.9309592084528144,0.7161839862196434,UNCHANGED_LEGACY
b2ihealthcare__snow-owl,0,26,0.9309592084528144,0.7161839862196434,UNCHANGED_LEGACY
b2ihealthcare__snow-owl,0,27,0.9309592084528144,0.7161839862196434,UNCHANGED_LEGACY
b2ihealthcare__snow-owl,0,28,0.9309592084528144,0.7161839862196434,UNCHANGED_LEGACY
b2ihealthcare__snow-owl,0,29,0.9309592084528144,0.7161839862196434,UNCHANGED_LEGACY
b2ihealthcare__snow-owl,0,30,0.9309592084528144,0.7161839862196434,UNCHANGED_LEGACY
b2ihealthcare__snow-owl,5,1,0.8989976491255264,0.6838042368698714,UNCHANGED_LEGACY
b2ihealthcare__snow-owl,5,2,0.8869022707897388,0.7038684067594154,UNCHANGED_LEGACY
b2ihealthcare__snow-owl,5,3,0.8389883489627735,0.6780256635021312,UNCHANGED_LEGACY
b2ihealthcare__snow-owl,5,4,0.8756103231806557,0.6752397727787263,UNCHANGED_LEGACY
b2ihealthcare__snow-owl,5,5,0.8762070836239635,0.6855282028339594,UNCHANGED_LEGACY
b2ihealthcare__snow-owl,5,6,0.9297579374305716,0.7223569130653981,UNCHANGED_LEGACY
b2ihealthcare__snow-owl,5,7,0.8925831202046036,0.6984482008032747,UNCHANGED_LEGACY
b2ihealthcare__snow-owl,5,8,0.8640264537962747,0.6839220702253621,UNCHANGED_LEGACY
b2ihealthcare__snow-owl,5,9,0.8564029037174817,0.6893751690541395,UNCHANGED_LEGACY
b2ihealthcare__snow-owl,5,10,0.8461494742824666,0.6786669338549723,UNCHANGED_LEGACY
b2ihealthcare__snow-owl,5,11,0.8445891136428221,0.6598879845437092,UNCHANGED_LEGACY
b2ihealthcare__snow-owl,5,12,0.9194915911028444,0.6973468696875201,UNCHANGED_LEGACY
b2ihealthcare__snow-owl,5,13,0.9496292851791572,0.7262079670292144,UNCHANGED_LEGACY
b2ihealthcare__snow-owl,5,14,0.8416388953473353,0.6622389003553593,UNCHANGED_LEGACY
b2ihealthcare__snow-owl,5,15,0.922599395489421,0.7181174051732232,UNCHANGED_LEGACY
b2ihealthcare__snow-owl,5,16,0.9082926451212896,0.7126763325097006,UNCHANGED_LEGACY
b2ihealthcare__snow-owl,5,17,0.9593402051202562,0.7376396949346817,UNCHANGED_LEGACY
b2ihealthcare__snow-owl,5,18,0.9040610710687438,0.6931776555634065,UNCHANGED_LEGACY
b2ihealthcare__snow-owl,5,19,0.9301609444831952,0.7022731311177534,UNCHANGED_LEGACY
b2ihealthcare__snow-owl,5,20,0.8638792012193547,0.6844465226771352,UNCHANGED_LEGACY
b2ihealthcare__snow-owl,5,21,0.9020977033764758,0.6838928661238334,UNCHANGED_LEGACY
b2ihealthcare__snow-owl,5,22,0.8848278178201452,0.6863026472730793,UNCHANGED_LEGACY
b2ihealthcare__snow-owl,5,23,0.8649900539926115,0.705391155581308,UNCHANGED_LEGACY
b2ihealthcare__snow-owl,5,24,0.8068072024593763,0.6440084998907457,UNCHANGED_LEGACY
b2ihealthcare__snow-owl,5,25,0.8847115657857345,0.7195973453035224,UNCHANGED_LEGACY
b2ihealthcare__snow-owl,5,26,0.821103619313338,0.6479498869734888,UNCHANGED_LEGACY
b2ihealthcare__snow-owl,5,27,0.8945981554677207,0.6798824127636061,UNCHANGED_LEGACY
b2ihealthcare__snow-owl,5,28,0.8346327727401895,0.6561187040798518,UNCHANGED_LEGACY
b2ihealthcare__snow-owl,5,29,0.8717145883386291,0.6936043588235667,UNCHANGED_LEGACY
b2ihealthcare__snow-owl,5,30,0.9202278539874448,0.702914649163188,UNCHANGED_LEGACY
b2ihealthcare__snow-owl,10,1,0.8760314138830763,0.6698863934483096,UNCHANGED_LEGACY
b2ihealthcare__snow-owl,10,2,0.8926322043969103,0.7128521669021803,UNCHANGED_LEGACY
b2ihealthcare__snow-owl,10,3,0.8426980805497429,0.6731256924060414,UNCHANGED_LEGACY
b2ihealthcare__snow-owl,10,4,0.8379653310599602,0.6551414637769248,UNCHANGED_LEGACY
b2ihealthcare__snow-owl,10,5,0.8999922498643725,0.6915559378519675,UNCHANGED_LEGACY
b2ihealthcare__snow-owl,10,6,0.9394688573716706,0.733575418718663,UNCHANGED_LEGACY
b2ihealthcare__snow-owl,10,7,0.8571727505231341,0.66996969508564,UNCHANGED_LEGACY
b2ihealthcare__snow-owl,10,8,0.8723242656746493,0.7058424431580295,UNCHANGED_LEGACY
b2ihealthcare__snow-owl,10,9,0.8957684259474541,0.6962078883125827,UNCHANGED_LEGACY
b2ihealthcare__snow-owl,10,10,0.8515151515151516,0.687207644467985,UNCHANGED_LEGACY
b2ihealthcare__snow-owl,10,11,0.8377018264486296,0.6572087351971809,UNCHANGED_LEGACY
b2ihealthcare__snow-owl,10,12,0.93046061639412,0.7069239313835569,UNCHANGED_LEGACY
b2ihealthcare__snow-owl,10,13,0.93445451962076,0.7217351000623154,UNCHANGED_LEGACY
b2ihealthcare__snow-owl,10,14,0.8257407837970498,0.6555973299255811,UNCHANGED_LEGACY
b2ihealthcare__snow-owl,10,15,0.8806918287736702,0.6827282118258625,UNCHANGED_LEGACY
b2ihealthcare__snow-owl,10,16,0.9332971660337388,0.7263537552698816,UNCHANGED_LEGACY
b2ihealthcare__snow-owl,10,17,0.9153866025988788,0.726746720851685,UNCHANGED_LEGACY
b2ihealthcare__snow-owl,10,18,0.9128471414916428,0.7066168214676047,UNCHANGED_LEGACY
b2ihealthcare__snow-owl,10,19,0.8835645457128832,0.6913744604778971,UNCHANGED_LEGACY
b2ihealthcare__snow-owl,10,20,0.8699759745795551,0.6800282701675968,UNCHANGED_LEGACY
b2ihealthcare__snow-owl,10,21,0.9224779766979256,0.7162987774312594,UNCHANGED_LEGACY
b2ihealthcare__snow-owl,10,22,0.8870624402593712,0.6789385883695912,UNCHANGED_LEGACY
b2ihealthcare__snow-owl,10,23,0.8316489705236508,0.6708604670895694,UNCHANGED_LEGACY
b2ihealthcare__snow-owl,10,24,0.8213309566250743,0.6647153598402527,UNCHANGED_LEGACY
b2ihealthcare__snow-owl,10,25,0.8718050065876153,0.7100917706637787,UNCHANGED_LEGACY
b2ihealthcare__snow-owl,10,26,0.8543310341264305,0.6894318518475109,UNCHANGED_LEGACY
b2ihealthcare__snow-owl,10,27,0.9261282905784184,0.7142205158893832,UNCHANGED_LEGACY
b2ihealthcare__snow-owl,10,28,0.8924462011418532,0.6912001726669146,UNCHANGED_LEGACY
b2ihealthcare__snow-owl,10,29,0.8928156242734248,0.6990029053578397,UNCHANGED_LEGACY
b2ihealthcare__snow-owl,10,30,0.8943992353199515,0.6982412380598083,UNCHANGED_LEGACY
b2ihealthcare__snow-owl,15,1,0.8725671032576403,0.6670644831562939,UNCHANGED_LEGACY
b2ihealthcare__snow-owl,15,2,0.8897336536722726,0.711022319200605,UNCHANGED_LEGACY
b2ihealthcare__snow-owl,15,3,0.8680126068872872,0.7072931323994127,UNCHANGED_LEGACY
b2ihealthcare__snow-owl,15,4,0.8506858870030225,0.6561495171232975,UNCHANGED_LEGACY
b2ihealthcare__snow-owl,15,5,0.8713580820997701,0.68711700134871,UNCHANGED_LEGACY
b2ihealthcare__snow-owl,15,6,0.937389237644992,0.7341347436116928,UNCHANGED_LEGACY
b2ihealthcare__snow-owl,15,7,0.8927484564313208,0.6786090580540586,UNCHANGED_LEGACY
b2ihealthcare__snow-owl,15,8,0.8785476245834302,0.7018504351840863,UNCHANGED_LEGACY
b2ihealthcare__snow-owl,15,9,0.8836807977472939,0.6910380686655447,UNCHANGED_LEGACY
b2ihealthcare__snow-owl,15,10,0.8465550647136325,0.6910750885433533,UNCHANGED_LEGACY
b2ihealthcare__snow-owl,15,11,0.8544369526466713,0.6643925200642341,UNCHANGED_LEGACY
b2ihealthcare__snow-owl,15,12,0.9190885840502208,0.7011016993523292,UNCHANGED_LEGACY
b2ihealthcare__snow-owl,15,13,0.9128523082487277,0.7178472558462794,UNCHANGED_LEGACY
b2ihealthcare__snow-owl,15,14,0.818716577540107,0.6506539378257694,UNCHANGED_LEGACY
b2ihealthcare__snow-owl,15,15,0.8700844764783383,0.681049642467988,UNCHANGED_LEGACY
b2ihealthcare__snow-owl,15,16,0.9170502983802216,0.7193597248621431,UNCHANGED_LEGACY
b2ihealthcare__snow-owl,15,17,0.904526079206386,0.7216411537172945,UNCHANGED_LEGACY
b2ihealthcare__snow-owl,15,18,0.8935389702653129,0.6969167531930028,UNCHANGED_LEGACY
b2ihealthcare__snow-owl,15,19,0.8636260301221939,0.6752801843674167,UNCHANGED_LEGACY
b2ihealthcare__snow-owl,15,20,0.8835619623343408,0.702799600379159,UNCHANGED_LEGACY
b2ihealthcare__snow-owl,15,21,0.9126998889147226,0.7156483354873191,UNCHANGED_LEGACY
b2ihealthcare__snow-owl,15,22,0.8851610736521223,0.669614009583962,UNCHANGED_LEGACY
b2ihealthcare__snow-owl,15,23,0.8164406210442016,0.6527434784763873,UNCHANGED_LEGACY
b2ihealthcare__snow-owl,15,24,0.8605647265493812,0.6940015335466158,UNCHANGED_LEGACY
b2ihealthcare__snow-owl,15,25,0.859580459324705,0.6989323181023113,UNCHANGED_LEGACY
b2ihealthcare__snow-owl,15,26,0.8587486114340334,0.6799798783511793,UNCHANGED_LEGACY
b2ihealthcare__snow-owl,15,27,0.9133069828722002,0.6927344378915923,UNCHANGED_LEGACY
b2ihealthcare__snow-owl,15,28,0.8781756180733162,0.686081634418802,UNCHANGED_LEGACY
b2ihealthcare__snow-owl,15,29,0.8772740189619985,0.6718601642640458,UNCHANGED_LEGACY
b2ihealthcare__snow-owl,15,30,0.91239246686817,0.7213876500110737,UNCHANGED_LEGACY
b2ihealthcare__snow-owl,20,1,0.8567878271203079,0.6638428896855026,UNCHANGED_LEGACY
b2ihealthcare__snow-owl,20,2,0.8920612777390271,0.7110494256254584,UNCHANGED_LEGACY
b2ihealthcare__snow-owl,20,3,0.8759926632049394,0.7074650620980416,UNCHANGED_LEGACY
b2ihealthcare__snow-owl,20,4,0.9136712392466868,0.7037756070761259,UNCHANGED_LEGACY
b2ihealthcare__snow-owl,20,5,0.9015319434756776,0.7132619202247795,UNCHANGED_LEGACY
b2ihealthcare__snow-owl,20,6,0.9315068847038156,0.7319458591499928,UNCHANGED_LEGACY
b2ihealthcare__snow-owl,20,7,0.8825182774031879,0.6777157669574603,UNCHANGED_LEGACY
b2ihealthcare__snow-owl,20,8,0.8580872665271642,0.6897081435973852,UNCHANGED_LEGACY
b2ihealthcare__snow-owl,20,9,0.8748404763750032,0.6879142545053358,UNCHANGED_LEGACY
b2ihealthcare__snow-owl,20,10,0.8628225993954894,0.6937961374730957,UNCHANGED_LEGACY
b2ihealthcare__snow-owl,20,11,0.8493296132682322,0.6630209053023572,UNCHANGED_LEGACY
b2ihealthcare__snow-owl,20,12,0.9111266113823658,0.6960934593491871,UNCHANGED_LEGACY
b2ihealthcare__snow-owl,20,13,0.9025032938076416,0.7141865003939805,UNCHANGED_LEGACY
b2ihealthcare__snow-owl,20,14,0.8149138443256091,0.648461135508419,UNCHANGED_LEGACY
b2ihealthcare__snow-owl,20,15,0.872949443281924,0.6981438918490477,UNCHANGED_LEGACY
b2ihealthcare__snow-owl,20,16,0.9020899532408484,0.6960698956396827,UNCHANGED_LEGACY
b2ihealthcare__snow-owl,20,17,0.8922756981580512,0.7126352179483137,UNCHANGED_LEGACY
b2ihealthcare__snow-owl,20,18,0.8934459686377845,0.6858584325582681,UNCHANGED_LEGACY
b2ihealthcare__snow-owl,20,19,0.8616058281019917,0.6749852459481596,UNCHANGED_LEGACY
b2ihealthcare__snow-owl,20,20,0.925549613784908,0.7108398889617067,UNCHANGED_LEGACY
b2ihealthcare__snow-owl,20,21,0.8911235113281148,0.6958888983576103,UNCHANGED_LEGACY
b2ihealthcare__snow-owl,20,22,0.8996589940323955,0.6806783074986352,UNCHANGED_LEGACY
b2ihealthcare__snow-owl,20,23,0.8086827352812007,0.6460456544754951,UNCHANGED_LEGACY
b2ihealthcare__snow-owl,20,24,0.8442739414606422,0.6794676545179902,UNCHANGED_LEGACY
b2ihealthcare__snow-owl,20,25,0.836350719470924,0.6840332470949945,UNCHANGED_LEGACY
b2ihealthcare__snow-owl,20,26,0.8621250871890258,0.6784912805944195,UNCHANGED_LEGACY
b2ihealthcare__snow-owl,20,27,0.8847063990286497,0.6845662131495265,UNCHANGED_LEGACY
b2ihealthcare__snow-owl,20,28,0.8747061406907954,0.6856608759184026,UNCHANGED_LEGACY
b2ihealthcare__snow-owl,20,29,0.9112092794957244,0.7049808452307194,UNCHANGED_LEGACY
b2ihealthcare__snow-owl,20,30,0.8927510398098633,0.703458363132383,UNCHANGED_LEGACY
b2ihealthcare__snow-owl,25,1,0.913722906817536,0.7194623312271679,UNCHANGED_LEGACY
b2ihealthcare__snow-owl,25,2,0.8838358004598414,0.6988333235723346,UNCHANGED_LEGACY
b2ihealthcare__snow-owl,25,3,0.8803844067271177,0.6977456370727448,UNCHANGED_LEGACY
b2ihealthcare__snow-owl,25,4,0.8931514634839443,0.6933565677626745,UNCHANGED_LEGACY
b2ihealthcare__snow-owl,25,5,0.8778501123769666,0.692886651299758,UNCHANGED_LEGACY
b2ihealthcare__snow-owl,25,6,0.92954610039009,0.7319440059082095,UNCHANGED_LEGACY
b2ihealthcare__snow-owl,25,7,0.8881267922188639,0.6815738313730599,UNCHANGED_LEGACY
b2ihealthcare__snow-owl,25,8,0.8919321088119042,0.7123913946454696,UNCHANGED_LEGACY
b2ihealthcare__snow-owl,25,9,0.8694696323852333,0.686113264668333,UNCHANGED_LEGACY
b2ihealthcare__snow-owl,25,10,0.8512025627115141,0.6729970063599884,UNCHANGED_LEGACY
b2ihealthcare__snow-owl,25,11,0.8926709550750471,0.6844525782990178,UNCHANGED_LEGACY
b2ihealthcare__snow-owl,25,12,0.9152264331292465,0.6887183254042494,UNCHANGED_LEGACY
b2ihealthcare__snow-owl,25,13,0.8985817251801907,0.7133165063346499,UNCHANGED_LEGACY
b2ihealthcare__snow-owl,25,14,0.8496964530212612,0.6648010386825197,UNCHANGED_LEGACY
b2ihealthcare__snow-owl,25,15,0.8896251517734893,0.7203470168825762,UNCHANGED_LEGACY
b2ihealthcare__snow-owl,25,16,0.8897801544860368,0.6937304223211516,UNCHANGED_LEGACY
b2ihealthcare__snow-owl,25,17,0.8771267663850784,0.7085714469303208,UNCHANGED_LEGACY
b2ihealthcare__snow-owl,25,18,0.8983208039474024,0.6936074836855011,UNCHANGED_LEGACY
b2ihealthcare__snow-owl,25,19,0.8569944974037045,0.6730191928370212,UNCHANGED_LEGACY
b2ihealthcare__snow-owl,25,20,0.9206308610400682,0.7093771615781373,UNCHANGED_LEGACY
b2ihealthcare__snow-owl,25,21,0.9470743238006666,0.719563512975318,UNCHANGED_LEGACY
b2ihealthcare__snow-owl,25,22,0.9412281381590843,0.7004530003500967,UNCHANGED_LEGACY
b2ihealthcare__snow-owl,25,23,0.8043943269007208,0.6473472965586011,UNCHANGED_LEGACY
b2ihealthcare__snow-owl,25,24,0.8512283964969387,0.7078410101032457,UNCHANGED_LEGACY
b2ihealthcare__snow-owl,25,25,0.830042109070242,0.6837759692623054,UNCHANGED_LEGACY
b2ihealthcare__snow-owl,25,26,0.8479139218269652,0.6745367630809078,UNCHANGED_LEGACY
b2ihealthcare__snow-owl,25,27,0.9116717042548244,0.6978691766365722,UNCHANGED_LEGACY
b2ihealthcare__snow-owl,25,28,0.8732568653284766,0.6854399691020238,UNCHANGED_LEGACY
b2ihealthcare__snow-owl,25,29,0.9012271048076674,0.701403907109874,UNCHANGED_LEGACY
b2ihealthcare__snow-owl,25,30,0.8878917047715001,0.7020732861417082,UNCHANGED_LEGACY
b2ihealthcare__snow-owl,30,1,0.9102534294350152,0.7194602185329356,UNCHANGED_LEGACY
b2ihealthcare__snow-owl,30,2,0.91516701542277,0.7176106800730964,UNCHANGED_LEGACY
b2ihealthcare__snow-owl,30,3,0.9363093854142448,0.7149439184945869,UNCHANGED_LEGACY
b2ihealthcare__snow-owl,30,4,0.8783099537575241,0.6861085229224031,UNCHANGED_LEGACY
b2ihealthcare__snow-owl,30,5,0.873869126043039,0.6908276880777164,UNCHANGED_LEGACY
b2ihealthcare__snow-owl,30,6,0.9133147330078276,0.7099172183779978,UNCHANGED_LEGACY
b2ihealthcare__snow-owl,30,7,0.8786561264822134,0.6776715136832256,UNCHANGED_LEGACY
b2ihealthcare__snow-owl,30,8,0.8799891498101217,0.7094674465634375,UNCHANGED_LEGACY
b2ihealthcare__snow-owl,30,9,0.8849182360691312,0.6832728904159369,UNCHANGED_LEGACY
b2ihealthcare__snow-owl,30,10,0.8394042729081092,0.6503914777605663,UNCHANGED_LEGACY
b2ihealthcare__snow-owl,30,11,0.9282879950399132,0.6954132202300473,UNCHANGED_LEGACY
b2ihealthcare__snow-owl,30,12,0.8993024877935364,0.6846814147833423,UNCHANGED_LEGACY
b2ihealthcare__snow-owl,30,13,0.8916427704151489,0.7117144286928292,UNCHANGED_LEGACY
b2ihealthcare__snow-owl,30,14,0.8605750600635511,0.6716013185642205,UNCHANGED_LEGACY
b2ihealthcare__snow-owl,30,15,0.8812963393526053,0.7198482969938481,UNCHANGED_LEGACY
b2ihealthcare__snow-owl,30,16,0.8823296907695884,0.6928489336314048,UNCHANGED_LEGACY
b2ihealthcare__snow-owl,30,17,0.8518768245110956,0.6819598067647361,UNCHANGED_LEGACY
b2ihealthcare__snow-owl,30,18,0.8800950683303624,0.688422788969283,UNCHANGED_LEGACY
b2ihealthcare__snow-owl,30,19,0.8535250200211837,0.6691542929888883,UNCHANGED_LEGACY
b2ihealthcare__snow-owl,30,20,0.905303676147666,0.7016399981116324,UNCHANGED_LEGACY
b2ihealthcare__snow-owl,30,21,0.937603658064016,0.7177499378185057,UNCHANGED_LEGACY
b2ihealthcare__snow-owl,30,22,0.9371877341186804,0.6992908865306794,UNCHANGED_LEGACY
b2ihealthcare__snow-owl,30,23,0.8300524425844119,0.6572538681220191,UNCHANGED_LEGACY
b2ihealthcare__snow-owl,30,24,0.8590637836162133,0.6974335155680411,UNCHANGED_LEGACY
b2ihealthcare__snow-owl,30,25,0.826001705029838,0.6796739967734274,UNCHANGED_LEGACY
b2ihealthcare__snow-owl,30,26,0.8330724121005451,0.6598959610357493,UNCHANGED_LEGACY
b2ihealthcare__snow-owl,30,27,0.9099150068459532,0.6936384604435728,UNCHANGED_LEGACY
b2ihealthcare__snow-owl,30,28,0.8718075899661578,0.6854324137518187,UNCHANGED_LEGACY
b2ihealthcare__snow-owl,30,29,0.889855072463768,0.6912507395285205,UNCHANGED_LEGACY
b2ihealthcare__snow-owl,30,30,0.9206463613113228,0.7206443200627384,UNCHANGED_LEGACY
b2ihealthcare__snow-owl,40,1,0.9071688754553204,0.7019524597094856,UNCHANGED_LEGACY
b2ihealthcare__snow-owl,40,2,0.8988762303340309,0.6968974188583645,UNCHANGED_LEGACY
b2ihealthcare__snow-owl,40,3,0.9262083753132349,0.6998251493332917,UNCHANGED_LEGACY
b2ihealthcare__snow-owl,40,4,0.8841845565630732,0.6819432013232596,UNCHANGED_LEGACY
b2ihealthcare__snow-owl,40,5,0.8604768916789377,0.6670209732712487,UNCHANGED_LEGACY
b2ihealthcare__snow-owl,40,6,0.8973313699656411,0.7003274169665595,UNCHANGED_LEGACY
b2ihealthcare__snow-owl,40,7,0.8540365289725904,0.6648896528975958,UNCHANGED_LEGACY
b2ihealthcare__snow-owl,40,8,0.8532046810819189,0.685598544603715,UNCHANGED_LEGACY
b2ihealthcare__snow-owl,40,9,0.8685086155674391,0.6722116087224311,UNCHANGED_LEGACY
b2ihealthcare__snow-owl,40,10,0.8642202071869591,0.6763292523238762,UNCHANGED_LEGACY
b2ihealthcare__snow-owl,40,11,0.918186984938903,0.6929983237230919,UNCHANGED_LEGACY
b2ihealthcare__snow-owl,40,12,0.8844609780671162,0.6756494230195484,UNCHANGED_LEGACY
b2ihealthcare__snow-owl,40,13,0.8901934950528301,0.7117134988035733,UNCHANGED_LEGACY
b2ihealthcare__snow-owl,40,14,0.8757756594073729,0.6763156686788198,UNCHANGED_LEGACY
b2ihealthcare__snow-owl,40,15,0.905303676147666,0.7207762565682821,UNCHANGED_LEGACY
b2ihealthcare__snow-owl,40,16,0.8948926606215609,0.6930025987905821,UNCHANGED_LEGACY
b2ihealthcare__snow-owl,40,17,0.8402567878271203,0.6751363867011523,UNCHANGED_LEGACY
b2ihealthcare__snow-owl,40,18,0.8691157095249167,0.6806810348290606,UNCHANGED_LEGACY
b2ihealthcare__snow-owl,40,19,0.8823787749618951,0.6817187253499095,UNCHANGED_LEGACY
b2ihealthcare__snow-owl,40,20,0.8885272158929448,0.6856798122474043,UNCHANGED_LEGACY
b2ihealthcare__snow-owl,40,21,0.9155596889612236,0.7099088982437376,UNCHANGED_LEGACY
b2ihealthcare__snow-owl,40,22,0.9533493502802964,0.7238625025885946,UNCHANGED_LEGACY
b2ihealthcare__snow-owl,40,23,0.838195251750239,0.6674015061002002,UNCHANGED_LEGACY
b2ihealthcare__snow-owl,40,24,0.8225012271048077,0.659559032558405,UNCHANGED_LEGACY
b2ihealthcare__snow-owl,40,25,0.856258234519104,0.6978826901608779,UNCHANGED_LEGACY
b2ihealthcare__snow-owl,40,26,0.8434989278979048,0.6649556438067286,UNCHANGED_LEGACY
b2ihealthcare__snow-owl,40,27,0.8931385465912319,0.6818199931722023,UNCHANGED_LEGACY
b2ihealthcare__snow-owl,40,28,0.8818646826319461,0.6954568022779618,UNCHANGED_LEGACY
b2ihealthcare__snow-owl,40,29,0.8779121134619855,0.6865617230557863,UNCHANGED_LEGACY
b2ihealthcare__snow-owl,40,30,0.8998294970161977,0.7114539611711257,UNCHANGED_LEGACY
b2ihealthcare__snow-owl,50,1,0.899599576325919,0.7007335407955779,UNCHANGED_LEGACY
b2ihealthcare__snow-owl,50,2,0.8936836394636906,0.7012072229404699,UNCHANGED_LEGACY
b2ihealthcare__snow-owl,50,3,0.9201477692526284,0.6941673414031173,UNCHANGED_LEGACY
b2ihealthcare__snow-owl,50,4,0.8812860058384354,0.6816929448772383,UNCHANGED_LEGACY
b2ihealthcare__snow-owl,50,5,0.8593944560696478,0.6666872622638369,UNCHANGED_LEGACY
b2ihealthcare__snow-owl,50,6,0.8819783512878142,0.6811149230332055,UNCHANGED_LEGACY
b2ihealthcare__snow-owl,50,7,0.8810612519052418,0.6821555977397507,UNCHANGED_LEGACY
b2ihealthcare__snow-owl,50,8,0.9042109070242064,0.7099821957413844,UNCHANGED_LEGACY
b2ihealthcare__snow-owl,50,9,0.8970239479190886,0.6800449150416839,UNCHANGED_LEGACY
b2ihealthcare__snow-owl,50,10,0.9047327494897828,0.6843794514975088,UNCHANGED_LEGACY
b2ihealthcare__snow-owl,50,11,0.9147175075563824,0.6889031828823066,UNCHANGED_LEGACY
b2ihealthcare__snow-owl,50,12,0.8750497300369423,0.6713687156375826,UNCHANGED_LEGACY
b2ihealthcare__snow-owl,50,13,0.8719083417293135,0.7092643382641897,UNCHANGED_LEGACY
b2ihealthcare__snow-owl,50,14,0.8738148750936474,0.6763138154370366,UNCHANGED_LEGACY
b2ihealthcare__snow-owl,50,15,0.9000775013562737,0.6934560056097443,UNCHANGED_LEGACY
b2ihealthcare__snow-owl,50,16,0.9159756129065592,0.7019951877316498,UNCHANGED_LEGACY
b2ihealthcare__snow-owl,50,17,0.8338190084993153,0.65616768886693,UNCHANGED_LEGACY
b2ihealthcare__snow-owl,50,18,0.8699940582293524,0.6797307821099918,UNCHANGED_LEGACY
b2ihealthcare__snow-owl,50,19,0.9371877341186804,0.6955918960050267,UNCHANGED_LEGACY
b2ihealthcare__snow-owl,50,20,0.8703014802759047,0.6721036005729703,UNCHANGED_LEGACY
b2ihealthcare__snow-owl,50,21,0.9158593608721486,0.7023145464177323,UNCHANGED_LEGACY
b2ihealthcare__snow-owl,50,22,0.9363688031207212,0.7181690497936197,UNCHANGED_LEGACY
b2ihealthcare__snow-owl,50,23,0.8371980676328502,0.666449801587309,UNCHANGED_LEGACY
b2ihealthcare__snow-owl,50,24,0.8233950760804981,0.6751261510807217,UNCHANGED_LEGACY
b2ihealthcare__snow-owl,50,25,0.8349040274871478,0.6875894579476568,UNCHANGED_LEGACY
b2ihealthcare__snow-owl,50,26,0.8767030923041154,0.6735784617771969,UNCHANGED_LEGACY
b2ihealthcare__snow-owl,50,27,0.895773592704539,0.6920271432570794,UNCHANGED_LEGACY
b2ihealthcare__snow-owl,50,28,0.8822237722493477,0.6854808946044284,UNCHANGED_LEGACY
b2ihealthcare__snow-owl,50,29,0.8674442636079465,0.6789448763885595,UNCHANGED_LEGACY
b2ihealthcare__snow-owl,50,30,0.8885427161641996,0.7045036552907739,UNCHANGED_LEGACY
camunda__camunda-bpm-platform,0,1,0.7948257828629871,0.7527394429899698,UNCHANGED_LEGACY
camunda__camunda-bpm-platform,0,2,0.7948257828629871,0.7527394429899698,UNCHANGED_LEGACY
camunda__camunda-bpm-platform,0,3,0.7948257828629871,0.7527394429899698,UNCHANGED_LEGACY
camunda__camunda-bpm-platform,0,4,0.7948257828629871,0.7527394429899698,UNCHANGED_LEGACY
camunda__camunda-bpm-platform,0,5,0.7948257828629871,0.7527394429899698,UNCHANGED_LEGACY
camunda__camunda-bpm-platform,0,6,0.7948257828629871,0.7527394429899698,UNCHANGED_LEGACY
camunda__camunda-bpm-platform,0,7,0.7948257828629871,0.7527394429899698,UNCHANGED_LEGACY
camunda__camunda-bpm-platform,0,8,0.7948257828629871,0.7527394429899698,UNCHANGED_LEGACY
camunda__camunda-bpm-platform,0,9,0.7948257828629871,0.7527394429899698,UNCHANGED_LEGACY
camunda__camunda-bpm-platform,0,10,0.7948257828629871,0.7527394429899698,UNCHANGED_LEGACY
camunda__camunda-bpm-platform,0,11,0.7948257828629871,0.7527394429899698,UNCHANGED_LEGACY
camunda__camunda-bpm-platform,0,12,0.7948257828629871,0.7527394429899698,UNCHANGED_LEGACY
camunda__camunda-bpm-platform,0,13,0.7948257828629871,0.7527394429899698,UNCHANGED_LEGACY
camunda__camunda-bpm-platform,0,14,0.7948257828629871,0.7527394429899698,UNCHANGED_LEGACY
camunda__camunda-bpm-platform,0,15,0.7948257828629871,0.7527394429899698,UNCHANGED_LEGACY
camunda__camunda-bpm-platform,0,16,0.7948257828629871,0.7527394429899698,UNCHANGED_LEGACY
camunda__camunda-bpm-platform,0,17,0.7948257828629871,0.7527394429899698,UNCHANGED_LEGACY
camunda__camunda-bpm-platform,0,18,0.7948257828629871,0.7527394429899698,UNCHANGED_LEGACY
camunda__camunda-bpm-platform,0,19,0.7948257828629871,0.7527394429899698,UNCHANGED_LEGACY
camunda__camunda-bpm-platform,0,20,0.7948257828629871,0.7527394429899698,UNCHANGED_LEGACY
camunda__camunda-bpm-platform,0,21,0.7948257828629871,0.7527394429899698,UNCHANGED_LEGACY
camunda__camunda-bpm-platform,0,22,0.7948257828629871,0.7527394429899698,UNCHANGED_LEGACY
camunda__camunda-bpm-platform,0,23,0.7948257828629871,0.7527394429899698,UNCHANGED_LEGACY
camunda__camunda-bpm-platform,0,24,0.7948257828629871,0.7527394429899698,UNCHANGED_LEGACY
camunda__camunda-bpm-platform,0,25,0.7948257828629871,0.7527394429899698,UNCHANGED_LEGACY
camunda__camunda-bpm-platform,0,26,0.7948257828629871,0.7527394429899698,UNCHANGED_LEGACY
camunda__camunda-bpm-platform,0,27,0.7948257828629871,0.7527394429899698,UNCHANGED_LEGACY
camunda__camunda-bpm-platform,0,28,0.7948257828629871,0.7527394429899698,UNCHANGED_LEGACY
camunda__camunda-bpm-platform,0,29,0.7948257828629871,0.7527394429899698,UNCHANGED_LEGACY
camunda__camunda-bpm-platform,0,30,0.7948257828629871,0.7527394429899698,UNCHANGED_LEGACY
camunda__camunda-bpm-platform,5,1,0.7989600300903495,0.782134274623319,UNCHANGED_LEGACY
camunda__camunda-bpm-platform,5,2,0.8168512134285716,0.805228350784658,UNCHANGED_LEGACY
camunda__camunda-bpm-platform,5,3,0.8353403920001178,0.8246516810988532,UNCHANGED_LEGACY
camunda__camunda-bpm-platform,5,4,0.7890270527185599,0.7651908465114639,UNCHANGED_LEGACY
camunda__camunda-bpm-platform,5,5,0.8192909908757061,0.8158054239969533,UNCHANGED_LEGACY
camunda__camunda-bpm-platform,5,6,0.8067895990411682,0.8034114317762354,UNCHANGED_LEGACY
camunda__camunda-bpm-platform,5,7,0.8088430919183068,0.7805951332067221,UNCHANGED_LEGACY
camunda__camunda-bpm-platform,5,8,0.8063009131391771,0.7950524351702974,UNCHANGED_LEGACY
camunda__camunda-bpm-platform,5,9,0.8126512963990759,0.80262065221733,UNCHANGED_LEGACY
camunda__camunda-bpm-platform,5,10,0.8093761279504597,0.8075820750524955,UNCHANGED_LEGACY
camunda__camunda-bpm-platform,5,11,0.8195978434828148,0.8105501845709883,UNCHANGED_LEGACY
camunda__camunda-bpm-platform,5,12,0.8250798496466465,0.8135977054890199,UNCHANGED_LEGACY
camunda__camunda-bpm-platform,5,13,0.8187545971222956,0.796654199649744,UNCHANGED_LEGACY
camunda__camunda-bpm-platform,5,14,0.8501510205985354,0.8422244768709654,UNCHANGED_LEGACY
camunda__camunda-bpm-platform,5,15,0.8201446011001334,0.8128610134004607,UNCHANGED_LEGACY
camunda__camunda-bpm-platform,5,16,0.7814490013403218,0.7765323086758136,UNCHANGED_LEGACY
camunda__camunda-bpm-platform,5,17,0.8108402258024278,0.7974986136061284,UNCHANGED_LEGACY
camunda__camunda-bpm-platform,5,18,0.8277563110693188,0.8015236276399051,UNCHANGED_LEGACY
camunda__camunda-bpm-platform,5,19,0.8120102437826515,0.8014529070956825,UNCHANGED_LEGACY
camunda__camunda-bpm-platform,5,20,0.8123877588060204,0.7905843274263304,UNCHANGED_LEGACY
camunda__camunda-bpm-platform,5,21,0.789840312183949,0.7792631035257869,UNCHANGED_LEGACY
camunda__camunda-bpm-platform,5,22,0.7862936072380726,0.7646690116615732,UNCHANGED_LEGACY
camunda__camunda-bpm-platform,5,23,0.8180592501763636,0.8010823871863756,UNCHANGED_LEGACY
camunda__camunda-bpm-platform,5,24,0.8486684999981726,0.8461285705382339,UNCHANGED_LEGACY
camunda__camunda-bpm-platform,5,25,0.8188183970696331,0.798707463956033,UNCHANGED_LEGACY
camunda__camunda-bpm-platform,5,26,0.7829686151349076,0.7666689095291003,UNCHANGED_LEGACY
camunda__camunda-bpm-platform,5,27,0.7992303553090231,0.7899770044518195,UNCHANGED_LEGACY
camunda__camunda-bpm-platform,5,28,0.8312373040070314,0.8140337812260529,UNCHANGED_LEGACY
camunda__camunda-bpm-platform,5,29,0.824699792058453,0.8024411729539054,UNCHANGED_LEGACY
camunda__camunda-bpm-platform,5,30,0.8054355323746897,0.7834977616198053,UNCHANGED_LEGACY
camunda__camunda-bpm-platform,10,1,0.773465228142432,0.7661113492434928,UNCHANGED_LEGACY
camunda__camunda-bpm-platform,10,2,0.803630282539093,0.7854926143451768,UNCHANGED_LEGACY
camunda__camunda-bpm-platform,10,3,0.8140774229953187,0.8105574704843901,UNCHANGED_LEGACY
camunda__camunda-bpm-platform,10,4,0.8308264631254019,0.8029054406642349,UNCHANGED_LEGACY
camunda__camunda-bpm-platform,10,5,0.8240642853499255,0.8224025928864349,UNCHANGED_LEGACY
camunda__camunda-bpm-platform,10,6,0.7906363376226369,0.7865101921773473,UNCHANGED_LEGACY
camunda__camunda-bpm-platform,10,7,0.7875490700578032,0.7742179788069935,UNCHANGED_LEGACY
camunda__camunda-bpm-platform,10,8,0.7903560921027485,0.7716712092762175,UNCHANGED_LEGACY
camunda__camunda-bpm-platform,10,9,0.814405112690802,0.7945556765772813,UNCHANGED_LEGACY
camunda__camunda-bpm-platform,10,10,0.7655361873224905,0.7515125850584858,UNCHANGED_LEGACY
camunda__camunda-bpm-platform,10,11,0.786372466961584,0.7715926595531731,UNCHANGED_LEGACY
camunda__camunda-bpm-platform,10,12,0.7982392219867063,0.7810869289338774,UNCHANGED_LEGACY
camunda__camunda-bpm-platform,10,13,0.8051821790380165,0.7823210143321352,UNCHANGED_LEGACY
camunda__camunda-bpm-platform,10,14,0.832865610760002,0.8198949769248071,UNCHANGED_LEGACY
camunda__camunda-bpm-platform,10,15,0.8077482893164195,0.7965051148999324,UNCHANGED_LEGACY
camunda__camunda-bpm-platform,10,16,0.7882096242272049,0.7867398014539244,UNCHANGED_LEGACY
camunda__camunda-bpm-platform,10,17,0.8321355024184068,0.8197044939355026,UNCHANGED_LEGACY
camunda__camunda-bpm-platform,10,18,0.8096471226790244,0.7885506013808252,UNCHANGED_LEGACY
camunda__camunda-bpm-platform,10,19,0.8086822640563852,0.7883280149203564,UNCHANGED_LEGACY
camunda__camunda-bpm-platform,10,20,0.8286664522227558,0.8083580226205507,UNCHANGED_LEGACY
camunda__camunda-bpm-platform,10,21,0.772576842047218,0.7698260938079254,UNCHANGED_LEGACY
camunda__camunda-bpm-platform,10,22,0.7986106791544411,0.7791430283464449,UNCHANGED_LEGACY
camunda__camunda-bpm-platform,10,23,0.8125180657985148,0.8044021164429042,UNCHANGED_LEGACY
camunda__camunda-bpm-platform,10,24,0.8220355961765333,0.799608031347616,UNCHANGED_LEGACY
camunda__camunda-bpm-platform,10,25,0.8092478716197106,0.7941788671021222,UNCHANGED_LEGACY
camunda__camunda-bpm-platform,10,26,0.7939013679498779,0.7696745216554374,UNCHANGED_LEGACY
camunda__camunda-bpm-platform,10,27,0.7992643537362931,0.8089613939058454,UNCHANGED_LEGACY
camunda__camunda-bpm-platform,10,28,0.8272332919825675,0.8073366589201519,UNCHANGED_LEGACY
camunda__camunda-bpm-platform,10,29,0.7961567056395388,0.7799364904151871,UNCHANGED_LEGACY
camunda__camunda-bpm-platform,10,30,0.8117670089343395,0.8033996783113164,UNCHANGED_LEGACY
camunda__camunda-bpm-platform,15,1,0.7833700673238121,0.7840626996697603,UNCHANGED_LEGACY
camunda__camunda-bpm-platform,15,2,0.8191320624009621,0.7987491643694425,UNCHANGED_LEGACY
camunda__camunda-bpm-platform,15,3,0.7884236946864772,0.7723293011676979,UNCHANGED_LEGACY
camunda__camunda-bpm-platform,15,4,0.8291344413359464,0.8075067426138762,UNCHANGED_LEGACY
camunda__camunda-bpm-platform,15,5,0.810440543304644,0.8142227985644312,UNCHANGED_LEGACY
camunda__camunda-bpm-platform,15,6,0.8253654447877727,0.8231582145996913,UNCHANGED_LEGACY
camunda__camunda-bpm-platform,15,7,0.7909807116450704,0.7824347157947679,UNCHANGED_LEGACY
camunda__camunda-bpm-platform,15,8,0.7995471841616736,0.7756136308644668,UNCHANGED_LEGACY
camunda__camunda-bpm-platform,15,9,0.8121844632270496,0.7938141583559272,UNCHANGED_LEGACY
camunda__camunda-bpm-platform,15,10,0.7796024312650887,0.7684937041950097,UNCHANGED_LEGACY
camunda__camunda-bpm-platform,15,11,0.7705784222131192,0.7687104729416027,UNCHANGED_LEGACY
camunda__camunda-bpm-platform,15,12,0.7882117594279839,0.7666320525404842,UNCHANGED_LEGACY
camunda__camunda-bpm-platform,15,13,0.8396261973355871,0.8221471902476658,UNCHANGED_LEGACY
camunda__camunda-bpm-platform,15,14,0.8136132716076669,0.7890036161055092,UNCHANGED_LEGACY
camunda__camunda-bpm-platform,15,15,0.793600293882194,0.79230904168616,UNCHANGED_LEGACY
camunda__camunda-bpm-platform,15,16,0.7952284142312249,0.7918166165256781,UNCHANGED_LEGACY
camunda__camunda-bpm-platform,15,17,0.8271598045628361,0.8208646822923825,UNCHANGED_LEGACY
camunda__camunda-bpm-platform,15,18,0.8049404668607949,0.7808475933348351,UNCHANGED_LEGACY
camunda__camunda-bpm-platform,15,19,0.8066856692635812,0.7913158248055275,UNCHANGED_LEGACY
camunda__camunda-bpm-platform,15,20,0.8161154974877793,0.7969299240093178,UNCHANGED_LEGACY
camunda__camunda-bpm-platform,15,21,0.7929095303641707,0.7912312962475191,UNCHANGED_LEGACY
camunda__camunda-bpm-platform,15,22,0.795059420024477,0.7781344853022233,UNCHANGED_LEGACY
camunda__camunda-bpm-platform,15,23,0.7963046433752112,0.7910948698575918,UNCHANGED_LEGACY
camunda__camunda-bpm-platform,15,24,0.8099812882589222,0.7875613399183437,UNCHANGED_LEGACY
camunda__camunda-bpm-platform,15,25,0.8181711869427747,0.8060511431711088,UNCHANGED_LEGACY
camunda__camunda-bpm-platform,15,26,0.8129164046984164,0.791821129133354,UNCHANGED_LEGACY
camunda__camunda-bpm-platform,15,27,0.8143614706993478,0.8319350474661942,UNCHANGED_LEGACY
camunda__camunda-bpm-platform,15,28,0.8085538776071132,0.793661890501928,UNCHANGED_LEGACY
camunda__camunda-bpm-platform,15,29,0.7795047426559485,0.7758783977517225,UNCHANGED_LEGACY
camunda__camunda-bpm-platform,15,30,0.7930487951812665,0.7859725539773484,UNCHANGED_LEGACY
camunda__camunda-bpm-platform,20,1,0.7614055206636817,0.7516082947190663,UNCHANGED_LEGACY
camunda__camunda-bpm-platform,20,2,0.8384053885499593,0.8232820958914188,UNCHANGED_LEGACY
camunda__camunda-bpm-platform,20,3,0.7833192938930388,0.7714075118889168,UNCHANGED_LEGACY
camunda__camunda-bpm-platform,20,4,0.8203431698074842,0.8013147060688861,UNCHANGED_LEGACY
camunda__camunda-bpm-platform,20,5,0.8087994792930098,0.8038648515436218,UNCHANGED_LEGACY
camunda__camunda-bpm-platform,20,6,0.8217669095935478,0.8046026829739594,UNCHANGED_LEGACY
camunda__camunda-bpm-platform,20,7,0.7929459385881119,0.7919821101984593,UNCHANGED_LEGACY
camunda__camunda-bpm-platform,20,8,0.8112118243957646,0.7901357941777898,UNCHANGED_LEGACY
camunda__camunda-bpm-platform,20,9,0.7899035751752259,0.7776041919488624,UNCHANGED_LEGACY
camunda__camunda-bpm-platform,20,10,0.7782100172302722,0.7558671107013141,UNCHANGED_LEGACY
camunda__camunda-bpm-platform,20,11,0.759674698952075,0.7616202049098949,UNCHANGED_LEGACY
camunda__camunda-bpm-platform,20,12,0.8018829569768935,0.7874990866260393,UNCHANGED_LEGACY
camunda__camunda-bpm-platform,20,13,0.8298831997765995,0.8191216408424695,UNCHANGED_LEGACY
camunda__camunda-bpm-platform,20,14,0.8290686328823461,0.8028664377237082,UNCHANGED_LEGACY
camunda__camunda-bpm-platform,20,15,0.8071659862692047,0.8131182046428016,UNCHANGED_LEGACY
camunda__camunda-bpm-platform,20,16,0.7818502709371428,0.7789801119851436,UNCHANGED_LEGACY
camunda__camunda-bpm-platform,20,17,0.8113302031069363,0.8091893193397576,UNCHANGED_LEGACY
camunda__camunda-bpm-platform,20,18,0.7778892115016358,0.7542889067380768,UNCHANGED_LEGACY
camunda__camunda-bpm-platform,20,19,0.8087842191196531,0.8017982624815017,UNCHANGED_LEGACY
camunda__camunda-bpm-platform,20,20,0.8014724382126039,0.7830547598526972,UNCHANGED_LEGACY
camunda__camunda-bpm-platform,20,21,0.8055188763561636,0.810135155469192,UNCHANGED_LEGACY
camunda__camunda-bpm-platform,20,22,0.8015870704487429,0.7850956623695016,UNCHANGED_LEGACY
camunda__camunda-bpm-platform,20,23,0.7841645294197969,0.7870077099197818,UNCHANGED_LEGACY
camunda__camunda-bpm-platform,20,24,0.7979680952895635,0.7702188707824749,UNCHANGED_LEGACY
camunda__camunda-bpm-platform,20,25,0.7968159762429553,0.7844395337724129,UNCHANGED_LEGACY
camunda__camunda-bpm-platform,20,26,0.8013775446256018,0.7849632189699673,UNCHANGED_LEGACY
camunda__camunda-bpm-platform,20,27,0.7981309368407618,0.8001001386551921,UNCHANGED_LEGACY
camunda__camunda-bpm-platform,20,28,0.7986897085843088,0.7931302068641469,UNCHANGED_LEGACY
camunda__camunda-bpm-platform,20,29,0.7712681842701837,0.7710410370942383,UNCHANGED_LEGACY
camunda__camunda-bpm-platform,20,30,0.7900552999078111,0.783763979233123,UNCHANGED_LEGACY
camunda__camunda-bpm-platform,25,1,0.7592013936382714,0.7554994437887894,UNCHANGED_LEGACY
camunda__camunda-bpm-platform,25,2,0.8244870664682568,0.7939850068940986,UNCHANGED_LEGACY
camunda__camunda-bpm-platform,25,3,0.7776010517772826,0.7616902279918114,UNCHANGED_LEGACY
camunda__camunda-bpm-platform,25,4,0.8009848869369314,0.7854818157384169,UNCHANGED_LEGACY
camunda__camunda-bpm-platform,25,5,0.8025250038512947,0.7907966012828052,UNCHANGED_LEGACY
camunda__camunda-bpm-platform,25,6,0.8194750689066963,0.8015009227905293,UNCHANGED_LEGACY
camunda__camunda-bpm-platform,25,7,0.8069651743673646,0.8002830678036236,UNCHANGED_LEGACY
camunda__camunda-bpm-platform,25,8,0.8148202638212505,0.7932708972847133,UNCHANGED_LEGACY
camunda__camunda-bpm-platform,25,9,0.8027427458598705,0.7976583331078954,UNCHANGED_LEGACY
camunda__camunda-bpm-platform,25,10,0.7783867854878742,0.7574674831613432,UNCHANGED_LEGACY
camunda__camunda-bpm-platform,25,11,0.7482662348580184,0.7533437827334168,UNCHANGED_LEGACY
camunda__camunda-bpm-platform,25,12,0.8097085134421314,0.7929819623631864,UNCHANGED_LEGACY
camunda__camunda-bpm-platform,25,13,0.8297723255274908,0.8232498554416102,UNCHANGED_LEGACY
camunda__camunda-bpm-platform,25,14,0.8247927025432763,0.8039632536313717,UNCHANGED_LEGACY
camunda__camunda-bpm-platform,25,15,0.7967537602622891,0.7974364929230503,UNCHANGED_LEGACY
camunda__camunda-bpm-platform,25,16,0.7679582978734576,0.7463870869727974,UNCHANGED_LEGACY
camunda__camunda-bpm-platform,25,17,0.8045967066888224,0.7956214657345999,UNCHANGED_LEGACY
camunda__camunda-bpm-platform,25,18,0.7735453283099527,0.7557467279630325,UNCHANGED_LEGACY
camunda__camunda-bpm-platform,25,19,0.7990648823934408,0.7832601472223105,UNCHANGED_LEGACY
camunda__camunda-bpm-platform,25,20,0.8125971002720622,0.796926011481517,UNCHANGED_LEGACY
camunda__camunda-bpm-platform,25,21,0.7998902671112638,0.8006111423388463,UNCHANGED_LEGACY
camunda__camunda-bpm-platform,25,22,0.7987370955834726,0.781480936853795,UNCHANGED_LEGACY
camunda__camunda-bpm-platform,25,23,0.800895828972735,0.7938735583692552,UNCHANGED_LEGACY
camunda__camunda-bpm-platform,25,24,0.8025733266318112,0.7779552101145364,UNCHANGED_LEGACY
camunda__camunda-bpm-platform,25,25,0.8018975937291157,0.7877644421097839,UNCHANGED_LEGACY
camunda__camunda-bpm-platform,25,26,0.7915878150072532,0.7788021122474335,UNCHANGED_LEGACY
camunda__camunda-bpm-platform,25,27,0.778557297217184,0.7761650835279855,UNCHANGED_LEGACY
camunda__camunda-bpm-platform,25,28,0.8031273294327403,0.7983202845398001,UNCHANGED_LEGACY
camunda__camunda-bpm-platform,25,29,0.7715990306380637,0.780704452403861,UNCHANGED_LEGACY
camunda__camunda-bpm-platform,25,30,0.7756719764685915,0.7712884395400254,UNCHANGED_LEGACY
camunda__camunda-bpm-platform,30,1,0.7553464951900258,0.7564091081173692,UNCHANGED_LEGACY
camunda__camunda-bpm-platform,30,2,0.8194465587330391,0.7909396244902405,UNCHANGED_LEGACY
camunda__camunda-bpm-platform,30,3,0.7696023063246442,0.7564764621340785,UNCHANGED_LEGACY
camunda__camunda-bpm-platform,30,4,0.7902933435316049,0.7789120064839848,UNCHANGED_LEGACY
camunda__camunda-bpm-platform,30,5,0.8079609631927392,0.8041462987791825,UNCHANGED_LEGACY
camunda__camunda-bpm-platform,30,6,0.8104487986161332,0.7913758462161965,UNCHANGED_LEGACY
camunda__camunda-bpm-platform,30,7,0.8078672409048462,0.8019184068982985,UNCHANGED_LEGACY
camunda__camunda-bpm-platform,30,8,0.8080292588952392,0.7893122175739655,UNCHANGED_LEGACY
camunda__camunda-bpm-platform,30,9,0.7986256412018048,0.7873109545421374,UNCHANGED_LEGACY
camunda__camunda-bpm-platform,30,10,0.7742101376300887,0.7518774553724454,UNCHANGED_LEGACY
camunda__camunda-bpm-platform,30,11,0.7388751578369875,0.7349125300208958,UNCHANGED_LEGACY
camunda__camunda-bpm-platform,30,12,0.8080009941644936,0.7965416547860034,UNCHANGED_LEGACY
camunda__camunda-bpm-platform,30,13,0.8282031937537018,0.8245306985824126,UNCHANGED_LEGACY
camunda__camunda-bpm-platform,30,14,0.8098287526140474,0.7952023172600899,UNCHANGED_LEGACY
camunda__camunda-bpm-platform,30,15,0.7842472254673261,0.7899676148101198,UNCHANGED_LEGACY
camunda__camunda-bpm-platform,30,16,0.7849208022916182,0.7676986988783925,UNCHANGED_LEGACY
camunda__camunda-bpm-platform,30,17,0.7932957454507943,0.7759298570935873,UNCHANGED_LEGACY
camunda__camunda-bpm-platform,30,18,0.7814345850403429,0.7701162801755917,UNCHANGED_LEGACY
camunda__camunda-bpm-platform,30,19,0.791912520819432,0.7780278379130025,UNCHANGED_LEGACY
camunda__camunda-bpm-platform,30,20,0.803464318495762,0.783135126137386,UNCHANGED_LEGACY
camunda__camunda-bpm-platform,30,21,0.7922178957314394,0.7897641488984579,UNCHANGED_LEGACY
camunda__camunda-bpm-platform,30,22,0.8079561158280496,0.782471253968913,UNCHANGED_LEGACY
camunda__camunda-bpm-platform,30,23,0.8201900770132947,0.8036079214113634,UNCHANGED_LEGACY
camunda__camunda-bpm-platform,30,24,0.7754889141112032,0.7527521494884051,UNCHANGED_LEGACY
camunda__camunda-bpm-platform,30,25,0.7906490754135332,0.7752584343247586,UNCHANGED_LEGACY
camunda__camunda-bpm-platform,30,26,0.7831627026541184,0.7645054012163357,UNCHANGED_LEGACY
camunda__camunda-bpm-platform,30,27,0.7823025933480423,0.7795842406296208,UNCHANGED_LEGACY
camunda__camunda-bpm-platform,30,28,0.7882446234491987,0.7875006960440004,UNCHANGED_LEGACY
camunda__camunda-bpm-platform,30,29,0.7638102363037205,0.7599186061655743,UNCHANGED_LEGACY
camunda__camunda-bpm-platform,30,30,0.7643066807942005,0.7599027623282785,UNCHANGED_LEGACY
camunda__camunda-bpm-platform,40,1,0.7753182211787292,0.7789282791219581,UNCHANGED_LEGACY
camunda__camunda-bpm-platform,40,2,0.7998148102724562,0.7798081786337085,UNCHANGED_LEGACY
camunda__camunda-bpm-platform,40,3,0.7682591268608921,0.7564161894340943,UNCHANGED_LEGACY
camunda__camunda-bpm-platform,40,4,0.7658307908793951,0.7462416639760888,UNCHANGED_LEGACY
camunda__camunda-bpm-platform,40,5,0.7922286072041348,0.7836441439509019,UNCHANGED_LEGACY
camunda__camunda-bpm-platform,40,6,0.7969359727491249,0.7656081196809627,UNCHANGED_LEGACY
camunda__camunda-bpm-platform,40,7,0.7904835697797813,0.7835761723676112,UNCHANGED_LEGACY
camunda__camunda-bpm-platform,40,8,0.8172611805679887,0.8036997073631517,UNCHANGED_LEGACY
camunda__camunda-bpm-platform,40,9,0.7700689474390342,0.7578892794878753,UNCHANGED_LEGACY
camunda__camunda-bpm-platform,40,10,0.7744779495001511,0.7507522541605177,UNCHANGED_LEGACY
camunda__camunda-bpm-platform,40,11,0.7576352599896544,0.7445682097731693,UNCHANGED_LEGACY
camunda__camunda-bpm-platform,40,12,0.7957860266851355,0.7822172177465873,UNCHANGED_LEGACY
camunda__camunda-bpm-platform,40,13,0.8121588334300189,0.8093645974243291,UNCHANGED_LEGACY
camunda__camunda-bpm-platform,40,14,0.7881701531009024,0.781118901616967,UNCHANGED_LEGACY
camunda__camunda-bpm-platform,40,15,0.758262111515225,0.7563574668567293,UNCHANGED_LEGACY
camunda__camunda-bpm-platform,40,16,0.7666635927011239,0.7563163426949978,UNCHANGED_LEGACY
camunda__camunda-bpm-platform,40,17,0.7835926516259538,0.7502017278105378,UNCHANGED_LEGACY
camunda__camunda-bpm-platform,40,18,0.7662245019757971,0.7543418309469394,UNCHANGED_LEGACY
camunda__camunda-bpm-platform,40,19,0.768326464299609,0.7613775924086902,UNCHANGED_LEGACY
camunda__camunda-bpm-platform,40,20,0.7795981768090964,0.7644032294758513,UNCHANGED_LEGACY
camunda__camunda-bpm-platform,40,21,0.7775697920530888,0.7806625718452759,UNCHANGED_LEGACY
camunda__camunda-bpm-platform,40,22,0.7863509616160136,0.7645698633788445,UNCHANGED_LEGACY
camunda__camunda-bpm-platform,40,23,0.7967360269881554,0.7742525344142355,UNCHANGED_LEGACY
camunda__camunda-bpm-platform,40,24,0.7558857772603077,0.7351254650993685,UNCHANGED_LEGACY
camunda__camunda-bpm-platform,40,25,0.7951242975210243,0.7684506885598787,UNCHANGED_LEGACY
camunda__camunda-bpm-platform,40,26,0.7753783349785748,0.7537645534957099,UNCHANGED_LEGACY
camunda__camunda-bpm-platform,40,27,0.781013382175924,0.7855443165746562,UNCHANGED_LEGACY
camunda__camunda-bpm-platform,40,28,0.7913300967654158,0.8026147307902529,UNCHANGED_LEGACY
camunda__camunda-bpm-platform,40,29,0.7606262529554264,0.752875564194475,UNCHANGED_LEGACY
camunda__camunda-bpm-platform,40,30,0.766284863261667,0.7608645338099386,UNCHANGED_LEGACY
camunda__camunda-bpm-platform,50,1,0.7720526334683107,0.7780462369454813,UNCHANGED_LEGACY
camunda__camunda-bpm-platform,50,2,0.7857641127703336,0.7618870413387009,UNCHANGED_LEGACY
camunda__camunda-bpm-platform,50,3,0.7659891417599611,0.7558547238214571,UNCHANGED_LEGACY
camunda__camunda-bpm-platform,50,4,0.765348379230963,0.7542993016203194,UNCHANGED_LEGACY
camunda__camunda-bpm-platform,50,5,0.7778000405761661,0.7742603051693274,UNCHANGED_LEGACY
camunda__camunda-bpm-platform,50,6,0.7871236176546099,0.7577928767236395,UNCHANGED_LEGACY
camunda__camunda-bpm-platform,50,7,0.7891635995759082,0.775802265193555,UNCHANGED_LEGACY
camunda__camunda-bpm-platform,50,8,0.7901176044219043,0.7803909832793344,UNCHANGED_LEGACY
camunda__camunda-bpm-platform,50,9,0.7591188494993028,0.7356157559961856,UNCHANGED_LEGACY
camunda__camunda-bpm-platform,50,10,0.7569794297743684,0.7333981633620446,UNCHANGED_LEGACY
camunda__camunda-bpm-platform,50,11,0.7627353723722606,0.7518999271542108,UNCHANGED_LEGACY
camunda__camunda-bpm-platform,50,12,0.8057584029285025,0.7835772562631715,UNCHANGED_LEGACY
camunda__camunda-bpm-platform,50,13,0.785510615869369,0.7815170146313996,UNCHANGED_LEGACY
camunda__camunda-bpm-platform,50,14,0.7860213764708366,0.7754641941134185,UNCHANGED_LEGACY
camunda__camunda-bpm-platform,50,15,0.746680384075438,0.7386771740407554,UNCHANGED_LEGACY
camunda__camunda-bpm-platform,50,16,0.7522117618490071,0.7470935693590143,UNCHANGED_LEGACY
camunda__camunda-bpm-platform,50,17,0.7738794723703112,0.7445293869149062,UNCHANGED_LEGACY
camunda__camunda-bpm-platform,50,18,0.7575441512589521,0.7488585643754863,UNCHANGED_LEGACY
camunda__camunda-bpm-platform,50,19,0.7548898969599374,0.7476341890946275,UNCHANGED_LEGACY
camunda__camunda-bpm-platform,50,20,0.7724183479135416,0.7603837143497114,UNCHANGED_LEGACY
camunda__camunda-bpm-platform,50,21,0.7688919865625069,0.7698313748214619,UNCHANGED_LEGACY
camunda__camunda-bpm-platform,50,22,0.7621011775140177,0.7369184840754804,UNCHANGED_LEGACY
camunda__camunda-bpm-platform,50,23,0.7883787662278015,0.7551645310235003,UNCHANGED_LEGACY
camunda__camunda-bpm-platform,50,24,0.7355113320716096,0.7191150437145737,UNCHANGED_LEGACY
camunda__camunda-bpm-platform,50,25,0.7965923256939275,0.773843729862365,UNCHANGED_LEGACY
camunda__camunda-bpm-platform,50,26,0.7628314804911087,0.7487904218037802,UNCHANGED_LEGACY
camunda__camunda-bpm-platform,50,27,0.7697019875606773,0.7461461600889658,UNCHANGED_LEGACY
camunda__camunda-bpm-platform,50,28,0.7812164481964223,0.7980090324090449,UNCHANGED_LEGACY
camunda__camunda-bpm-platform,50,29,0.7568305554391537,0.7572293829015211,UNCHANGED_LEGACY
camunda__camunda-bpm-platform,50,30,0.7424546858051558,0.7362052686183991,UNCHANGED_LEGACY
eclipse__jetty.project,0,1,0.9771211986402412,0.9584700517945758,UNCHANGED_LEGACY
eclipse__jetty.project,0,2,0.9771211986402412,0.9584700517945758,UNCHANGED_LEGACY
eclipse__jetty.project,0,3,0.9771211986402412,0.9584700517945758,UNCHANGED_LEGACY
eclipse__jetty.project,0,4,0.9771211986402412,0.9584700517945758,UNCHANGED_LEGACY
eclipse__jetty.project,0,5,0.9771211986402412,0.9584700517945758,UNCHANGED_LEGACY
eclipse__jetty.project,0,6,0.9771211986402412,0.9584700517945758,UNCHANGED_LEGACY
eclipse__jetty.project,0,7,0.9771211986402412,0.9584700517945758,UNCHANGED_LEGACY
eclipse__jetty.project,0,8,0.9771211986402412,0.9584700517945758,UNCHANGED_LEGACY
eclipse__jetty.project,0,9,0.9771211986402412,0.9584700517945758,UNCHANGED_LEGACY
eclipse__jetty.project,0,10,0.9771211986402412,0.9584700517945758,UNCHANGED_LEGACY
eclipse__jetty.project,0,11,0.9771211986402412,0.9584700517945758,UNCHANGED_LEGACY
eclipse__jetty.project,0,12,0.9771211986402412,0.9584700517945758,UNCHANGED_LEGACY
eclipse__jetty.project,0,13,0.9771211986402412,0.9584700517945758,UNCHANGED_LEGACY
eclipse__jetty.project,0,14,0.9771211986402412,0.9584700517945758,UNCHANGED_LEGACY
eclipse__jetty.project,0,15,0.9771211986402412,0.9584700517945758,UNCHANGED_LEGACY
eclipse__jetty.project,0,16,0.9771211986402412,0.9584700517945758,UNCHANGED_LEGACY
eclipse__jetty.project,0,17,0.9771211986402412,0.9584700517945758,UNCHANGED_LEGACY
eclipse__jetty.project,0,18,0.9771211986402412,0.9584700517945758,UNCHANGED_LEGACY
eclipse__jetty.project,0,19,0.9771211986402412,0.9584700517945758,UNCHANGED_LEGACY
eclipse__jetty.project,0,20,0.9771211986402412,0.9584700517945758,UNCHANGED_LEGACY
eclipse__jetty.project,0,21,0.9771211986402412,0.9584700517945758,UNCHANGED_LEGACY
eclipse__jetty.project,0,22,0.9771211986402412,0.9584700517945758,UNCHANGED_LEGACY
eclipse__jetty.project,0,23,0.9771211986402412,0.9584700517945758,UNCHANGED_LEGACY
eclipse__jetty.project,0,24,0.9771211986402412,0.9584700517945758,UNCHANGED_LEGACY
eclipse__jetty.project,0,25,0.9771211986402412,0.9584700517945758,UNCHANGED_LEGACY
eclipse__jetty.project,0,26,0.9771211986402412,0.9584700517945758,UNCHANGED_LEGACY
eclipse__jetty.project,0,27,0.9771211986402412,0.9584700517945758,UNCHANGED_LEGACY
eclipse__jetty.project,0,28,0.9771211986402412,0.9584700517945758,UNCHANGED_LEGACY
eclipse__jetty.project,0,29,0.9771211986402412,0.9584700517945758,UNCHANGED_LEGACY
eclipse__jetty.project,0,30,0.9771211986402412,0.9584700517945758,UNCHANGED_LEGACY
eclipse__jetty.project,5,1,0.9520556389882152,0.94131742297553,UNCHANGED_LEGACY
eclipse__jetty.project,5,2,0.9386205067560908,0.92705316781853,UNCHANGED_LEGACY
eclipse__jetty.project,5,3,0.971869829138292,0.9568853711703478,UNCHANGED_LEGACY
eclipse__jetty.project,5,4,0.9391441926532572,0.9313816168618348,UNCHANGED_LEGACY
eclipse__jetty.project,5,5,0.9419344695036844,0.9318892306019182,UNCHANGED_LEGACY
eclipse__jetty.project,5,6,0.9528688119994068,0.9441685837160207,UNCHANGED_LEGACY
eclipse__jetty.project,5,7,0.9528721988448988,0.9438405860025414,UNCHANGED_LEGACY
eclipse__jetty.project,5,8,0.9765999545275418,0.9643415325506944,UNCHANGED_LEGACY
eclipse__jetty.project,5,9,0.9447807174802816,0.935336245726019,UNCHANGED_LEGACY
eclipse__jetty.project,5,10,0.9476933819943796,0.9380373544167774,UNCHANGED_LEGACY
eclipse__jetty.project,5,11,0.9450824542130492,0.9360420897086849,UNCHANGED_LEGACY
eclipse__jetty.project,5,12,0.9475905014755056,0.9373357109917496,UNCHANGED_LEGACY
eclipse__jetty.project,5,13,0.939748172562978,0.9291555631941264,UNCHANGED_LEGACY
eclipse__jetty.project,5,14,0.9515345486175008,0.9367959012109636,UNCHANGED_LEGACY
eclipse__jetty.project,5,15,0.9519017794358596,0.9386832412198696,UNCHANGED_LEGACY
eclipse__jetty.project,5,16,0.944300246646357,0.9321809556522342,UNCHANGED_LEGACY
eclipse__jetty.project,5,17,0.9452256693938584,0.9323862076021818,UNCHANGED_LEGACY
eclipse__jetty.project,5,18,0.9506005931898346,0.9346934133733952,UNCHANGED_LEGACY
eclipse__jetty.project,5,19,0.9458594074213142,0.9310644345975292,UNCHANGED_LEGACY
eclipse__jetty.project,5,20,0.9477217745215424,0.9377670585020448,UNCHANGED_LEGACY
eclipse__jetty.project,5,21,0.9430000280704728,0.9341163016846836,UNCHANGED_LEGACY
eclipse__jetty.project,5,22,0.9536186026163886,0.942042692736482,UNCHANGED_LEGACY
eclipse__jetty.project,5,23,0.9574474970116524,0.9418147456228408,UNCHANGED_LEGACY
eclipse__jetty.project,5,24,0.9449121442683032,0.9308332415563446,UNCHANGED_LEGACY
eclipse__jetty.project,5,25,0.9566025898460369,0.9454574253197752,UNCHANGED_LEGACY
eclipse__jetty.project,5,26,0.9391082125069544,0.9250315337032976,UNCHANGED_LEGACY
eclipse__jetty.project,5,27,0.9522757839452024,0.9404332566578965,UNCHANGED_LEGACY
eclipse__jetty.project,5,28,0.9668721203460502,0.9498105264154596,UNCHANGED_LEGACY
eclipse__jetty.project,5,29,0.9789142914107776,0.9639612378174806,UNCHANGED_LEGACY
eclipse__jetty.project,5,30,0.9415043401261866,0.931574093756094,UNCHANGED_LEGACY
eclipse__jetty.project,10,1,0.9459373907822716,0.934143716630942,UNCHANGED_LEGACY
eclipse__jetty.project,10,2,0.937035463065784,0.9279382603966436,UNCHANGED_LEGACY
eclipse__jetty.project,10,3,0.9656875609610832,0.9544286076287192,UNCHANGED_LEGACY
eclipse__jetty.project,10,4,0.9413711136525764,0.9332205714431524,UNCHANGED_LEGACY
eclipse__jetty.project,10,5,0.9379736418762136,0.932249979197094,UNCHANGED_LEGACY
eclipse__jetty.project,10,6,0.957624603256498,0.9453889686340246,UNCHANGED_LEGACY
eclipse__jetty.project,10,7,0.9596167059829132,0.9436784647962267,UNCHANGED_LEGACY
eclipse__jetty.project,10,8,0.972692195015819,0.957461737978092,UNCHANGED_LEGACY
eclipse__jetty.project,10,9,0.9587811454256184,0.9472873515913566,UNCHANGED_LEGACY
eclipse__jetty.project,10,10,0.9437067573661978,0.9328036515819506,UNCHANGED_LEGACY
eclipse__jetty.project,10,11,0.9487352552518384,0.9362601099598532,UNCHANGED_LEGACY
eclipse__jetty.project,10,12,0.9484496388183756,0.9394528932915694,UNCHANGED_LEGACY
eclipse__jetty.project,10,13,0.9446795959505886,0.93166726121934,UNCHANGED_LEGACY
eclipse__jetty.project,10,14,0.972093360940771,0.9574954146359008,UNCHANGED_LEGACY
eclipse__jetty.project,10,15,0.9478462738765946,0.9367451719757336,UNCHANGED_LEGACY
eclipse__jetty.project,10,16,0.9363668979569124,0.9240531942590317,UNCHANGED_LEGACY
eclipse__jetty.project,10,17,0.9414845119319504,0.9270396917069614,UNCHANGED_LEGACY
eclipse__jetty.project,10,18,0.951967757356521,0.9368537796579344,UNCHANGED_LEGACY
eclipse__jetty.project,10,19,0.9396045006780372,0.9279499485458098,UNCHANGED_LEGACY
eclipse__jetty.project,10,20,0.9445974977306224,0.9332594715322218,UNCHANGED_LEGACY
eclipse__jetty.project,10,21,0.9395446543494816,0.9296419206237666,UNCHANGED_LEGACY
eclipse__jetty.project,10,22,0.952846401844188,0.9360716679962438,UNCHANGED_LEGACY
eclipse__jetty.project,10,23,0.9340088893063032,0.9214367306941992,UNCHANGED_LEGACY
eclipse__jetty.project,10,24,0.9431393725707192,0.9317801694849812,UNCHANGED_LEGACY
eclipse__jetty.project,10,25,0.9619212350318732,0.9480477811050698,UNCHANGED_LEGACY
eclipse__jetty.project,10,26,0.942398137243018,0.929093894384048,UNCHANGED_LEGACY
eclipse__jetty.project,10,27,0.9437414171401592,0.9338034895827046,UNCHANGED_LEGACY
eclipse__jetty.project,10,28,0.9598163535158472,0.9429986921643788,UNCHANGED_LEGACY
eclipse__jetty.project,10,29,0.9748876622137456,0.9611648312358428,UNCHANGED_LEGACY
eclipse__jetty.project,10,30,0.949897427090702,0.9401550504824806,UNCHANGED_LEGACY
eclipse__jetty.project,15,1,0.9507188252980884,0.9379223656061983,UNCHANGED_LEGACY
eclipse__jetty.project,15,2,0.9347154739036896,0.925100986568328,UNCHANGED_LEGACY
eclipse__jetty.project,15,3,0.9633249943128024,0.952769853644798,UNCHANGED_LEGACY
eclipse__jetty.project,15,4,0.9430824835144628,0.9385160574222998,UNCHANGED_LEGACY
eclipse__jetty.project,15,5,0.941824485200741,0.9355602733472816,UNCHANGED_LEGACY
eclipse__jetty.project,15,6,0.956989834253378,0.951471920098526,UNCHANGED_LEGACY
eclipse__jetty.project,15,7,0.9522583884917872,0.9381084672545514,UNCHANGED_LEGACY
eclipse__jetty.project,15,8,0.9706479918437964,0.9557368924349646,UNCHANGED_LEGACY
eclipse__jetty.project,15,9,0.9572377115513576,0.9427823417096772,UNCHANGED_LEGACY
eclipse__jetty.project,15,10,0.946549464755318,0.9379122475181516,UNCHANGED_LEGACY
eclipse__jetty.project,15,11,0.9518853516525848,0.9380137917830056,UNCHANGED_LEGACY
eclipse__jetty.project,15,12,0.9498648563990068,0.935788374761352,UNCHANGED_LEGACY
eclipse__jetty.project,15,13,0.9468294515190374,0.9370710194448594,UNCHANGED_LEGACY
eclipse__jetty.project,15,14,0.9701938244547684,0.9567362810370276,UNCHANGED_LEGACY
eclipse__jetty.project,15,15,0.9461799458944774,0.9324426871196078,UNCHANGED_LEGACY
eclipse__jetty.project,15,16,0.9362231130263944,0.9245275235774296,UNCHANGED_LEGACY
eclipse__jetty.project,15,17,0.9486896933624144,0.9399586684913226,UNCHANGED_LEGACY
eclipse__jetty.project,15,18,0.9481362900439207,0.9345368879000352,UNCHANGED_LEGACY
eclipse__jetty.project,15,19,0.9487788501482196,0.9354946943497,UNCHANGED_LEGACY
eclipse__jetty.project,15,20,0.9439709313145824,0.9330753801182876,UNCHANGED_LEGACY
eclipse__jetty.project,15,21,0.9331409705829984,0.920733752308371,UNCHANGED_LEGACY
eclipse__jetty.project,15,22,0.9498656703271624,0.9352147885903598,UNCHANGED_LEGACY
eclipse__jetty.project,15,23,0.9365731970916076,0.923372311095859,UNCHANGED_LEGACY
eclipse__jetty.project,15,24,0.9382653944236052,0.9294161309879708,UNCHANGED_LEGACY
eclipse__jetty.project,15,25,0.9437361311289706,0.935335584880812,UNCHANGED_LEGACY
eclipse__jetty.project,15,26,0.9405379044432868,0.9242349970531047,UNCHANGED_LEGACY
eclipse__jetty.project,15,27,0.9431974327791556,0.9297168964703376,UNCHANGED_LEGACY
eclipse__jetty.project,15,28,0.950932173954976,0.9387438679097764,UNCHANGED_LEGACY
eclipse__jetty.project,15,29,0.9708028190662928,0.9601558905455856,UNCHANGED_LEGACY
eclipse__jetty.project,15,30,0.9496506712048484,0.9390431674229006,UNCHANGED_LEGACY
eclipse__jetty.project,20,1,0.9476076120540666,0.9369009489099832,UNCHANGED_LEGACY
eclipse__jetty.project,20,2,0.9468937789742718,0.9349523827658208,UNCHANGED_LEGACY
eclipse__jetty.project,20,3,0.9644831417291184,0.9535807408834578,UNCHANGED_LEGACY
eclipse__jetty.project,20,4,0.9375576160649238,0.9308032642423596,UNCHANGED_LEGACY
eclipse__jetty.project,20,5,0.945722744362158,0.9372412021112908,UNCHANGED_LEGACY
eclipse__jetty.project,20,6,0.953044335606172,0.9484870751424482,UNCHANGED_LEGACY
eclipse__jetty.project,20,7,0.9462454625891836,0.9294911378757088,UNCHANGED_LEGACY
eclipse__jetty.project,20,8,0.947760983249529,0.9342754361167882,UNCHANGED_LEGACY
eclipse__jetty.project,20,9,0.95451130093021,0.9412492015406284,UNCHANGED_LEGACY
eclipse__jetty.project,20,10,0.94272169177218,0.9334910007746516,UNCHANGED_LEGACY
eclipse__jetty.project,20,11,0.9475527849491376,0.9324524170518526,UNCHANGED_LEGACY
eclipse__jetty.project,20,12,0.9479369499949568,0.9330924218296376,UNCHANGED_LEGACY
eclipse__jetty.project,20,13,0.9427602448358192,0.933024779394575,UNCHANGED_LEGACY
eclipse__jetty.project,20,14,0.9773362203716708,0.958141283808082,UNCHANGED_LEGACY
eclipse__jetty.project,20,15,0.94284311176571,0.9287621494548426,UNCHANGED_LEGACY
eclipse__jetty.project,20,16,0.9367786416017388,0.922746004874356,UNCHANGED_LEGACY
eclipse__jetty.project,20,17,0.941299248318256,0.9297249284830372,UNCHANGED_LEGACY
eclipse__jetty.project,20,18,0.9453826309168516,0.9318324625707746,UNCHANGED_LEGACY
eclipse__jetty.project,20,19,0.94469761541559,0.932729794382714,UNCHANGED_LEGACY
eclipse__jetty.project,20,20,0.9437004901193994,0.9341412168644512,UNCHANGED_LEGACY
eclipse__jetty.project,20,21,0.926918150696346,0.9183794438703452,UNCHANGED_LEGACY
eclipse__jetty.project,20,22,0.9468570301180448,0.934413842563431,UNCHANGED_LEGACY
eclipse__jetty.project,20,23,0.9444238958986692,0.9266124176290006,UNCHANGED_LEGACY
eclipse__jetty.project,20,24,0.9392712875347614,0.9272226457827756,UNCHANGED_LEGACY
eclipse__jetty.project,20,25,0.9500120824368942,0.940815833458596,UNCHANGED_LEGACY
eclipse__jetty.project,20,26,0.9433825697818036,0.92766101913839,UNCHANGED_LEGACY
eclipse__jetty.project,20,27,0.9418664025007568,0.9290367964884486,UNCHANGED_LEGACY
eclipse__jetty.project,20,28,0.9634320529962084,0.9524979100786752,UNCHANGED_LEGACY
eclipse__jetty.project,20,29,0.967335173117444,0.9584784724682474,UNCHANGED_LEGACY
eclipse__jetty.project,20,30,0.947836619784304,0.936538455635716,UNCHANGED_LEGACY
eclipse__jetty.project,25,1,0.9448587912777004,0.9326236405951028,UNCHANGED_LEGACY
eclipse__jetty.project,25,2,0.9489692776838792,0.9344586080061856,UNCHANGED_LEGACY
eclipse__jetty.project,25,3,0.9602978146290276,0.9411019231379428,UNCHANGED_LEGACY
eclipse__jetty.project,25,4,0.931053819135296,0.9228260599216526,UNCHANGED_LEGACY
eclipse__jetty.project,25,5,0.9415222646329032,0.9334498987326372,UNCHANGED_LEGACY
eclipse__jetty.project,25,6,0.9544668107128578,0.949007880906066,UNCHANGED_LEGACY
eclipse__jetty.project,25,7,0.9415230785610588,0.9251924495886638,UNCHANGED_LEGACY
eclipse__jetty.project,25,8,0.9451072790217964,0.9312644741468986,UNCHANGED_LEGACY
eclipse__jetty.project,25,9,0.9534288081359612,0.9405444946096664,UNCHANGED_LEGACY
eclipse__jetty.project,25,10,0.9399119077769555,0.9299173733611442,UNCHANGED_LEGACY
eclipse__jetty.project,25,11,0.9446467177749236,0.9303112141636052,UNCHANGED_LEGACY
eclipse__jetty.project,25,12,0.94702637239265,0.9298896839921148,UNCHANGED_LEGACY
eclipse__jetty.project,25,13,0.9449476631886508,0.9327629327633647,UNCHANGED_LEGACY
eclipse__jetty.project,25,14,0.9746449759686704,0.9551172521468958,UNCHANGED_LEGACY
eclipse__jetty.project,25,15,0.9409402110433308,0.928254775113161,UNCHANGED_LEGACY
eclipse__jetty.project,25,16,0.9543647079475548,0.935573196609127,UNCHANGED_LEGACY
eclipse__jetty.project,25,17,0.937799560731013,0.9230583257557032,UNCHANGED_LEGACY
eclipse__jetty.project,25,18,0.943311332980892,0.9301835441417378,UNCHANGED_LEGACY
eclipse__jetty.project,25,19,0.9418472344926914,0.9276420658474434,UNCHANGED_LEGACY
eclipse__jetty.project,25,20,0.946775745826234,0.936841313902062,UNCHANGED_LEGACY
eclipse__jetty.project,25,21,0.9294305750835508,0.9196248869703983,UNCHANGED_LEGACY
eclipse__jetty.project,25,22,0.944790263048818,0.9338123035677814,UNCHANGED_LEGACY
eclipse__jetty.project,25,23,0.938684712122102,0.9253607797769712,UNCHANGED_LEGACY
eclipse__jetty.project,25,24,0.9383108749202136,0.9272184761723564,UNCHANGED_LEGACY
eclipse__jetty.project,25,25,0.9440681052927204,0.938737682075032,UNCHANGED_LEGACY
eclipse__jetty.project,25,26,0.9397048082795744,0.9251397179352386,UNCHANGED_LEGACY
eclipse__jetty.project,25,27,0.9493140757379036,0.9340025023502756,UNCHANGED_LEGACY
eclipse__jetty.project,25,28,0.9583309798500224,0.9481886156688568,UNCHANGED_LEGACY
eclipse__jetty.project,25,29,0.9641633267476494,0.952957917630234,UNCHANGED_LEGACY
eclipse__jetty.project,25,30,0.9461546553379522,0.9346486956990656,UNCHANGED_LEGACY
eclipse__jetty.project,30,1,0.9441907913967148,0.9339906011199128,UNCHANGED_LEGACY
eclipse__jetty.project,30,2,0.9455532483455676,0.9322498764853236,UNCHANGED_LEGACY
eclipse__jetty.project,30,3,0.9587876116326328,0.9431628569509778,UNCHANGED_LEGACY
eclipse__jetty.project,30,4,0.9281126083520502,0.9154823043031032,UNCHANGED_LEGACY
eclipse__jetty.project,30,5,0.9388068284763876,0.9306513336341,UNCHANGED_LEGACY
eclipse__jetty.project,30,6,0.9545853503050816,0.9495422777942912,UNCHANGED_LEGACY
eclipse__jetty.project,30,7,0.9383063892717112,0.9240600706000563,UNCHANGED_LEGACY
eclipse__jetty.project,30,8,0.940353622065202,0.9278055768069852,UNCHANGED_LEGACY
eclipse__jetty.project,30,9,0.9504340454018968,0.9396368683643403,UNCHANGED_LEGACY
eclipse__jetty.project,30,10,0.937122598596669,0.9283141252732964,UNCHANGED_LEGACY
eclipse__jetty.project,30,11,0.9545498539938492,0.9351459188367478,UNCHANGED_LEGACY
eclipse__jetty.project,30,12,0.9443825438265392,0.9294976310660714,UNCHANGED_LEGACY
eclipse__jetty.project,30,13,0.9414848555905052,0.9268086982648378,UNCHANGED_LEGACY
eclipse__jetty.project,30,14,0.9704791560133768,0.9535505481722146,UNCHANGED_LEGACY
eclipse__jetty.project,30,15,0.9404131609097878,0.9304307574804596,UNCHANGED_LEGACY
eclipse__jetty.project,30,16,0.9493506391993846,0.9304533301516884,UNCHANGED_LEGACY
eclipse__jetty.project,30,17,0.934521315863983,0.921658240682924,UNCHANGED_LEGACY
eclipse__jetty.project,30,18,0.9410323160577884,0.9292626241687748,UNCHANGED_LEGACY
eclipse__jetty.project,30,19,0.9387028355890346,0.9273216311960792,UNCHANGED_LEGACY
eclipse__jetty.project,30,20,0.9593015982192776,0.9496054161553572,UNCHANGED_LEGACY
eclipse__jetty.project,30,21,0.9294041857240156,0.9129813625804092,UNCHANGED_LEGACY
eclipse__jetty.project,30,22,0.9434660064614036,0.933543286208016,UNCHANGED_LEGACY
eclipse__jetty.project,30,23,0.9364886299562356,0.9200159184408596,UNCHANGED_LEGACY
eclipse__jetty.project,30,24,0.943157297077436,0.932826404633157,UNCHANGED_LEGACY
eclipse__jetty.project,30,25,0.950076848508968,0.9442529663714604,UNCHANGED_LEGACY
eclipse__jetty.project,30,26,0.9400870832033432,0.9247984174531496,UNCHANGED_LEGACY
eclipse__jetty.project,30,27,0.94870574131255,0.9326492480250356,UNCHANGED_LEGACY
eclipse__jetty.project,30,28,0.9573929999998086,0.9480259873608308,UNCHANGED_LEGACY
eclipse__jetty.project,30,29,0.9627360132902608,0.9524239273863097,UNCHANGED_LEGACY
eclipse__jetty.project,30,30,0.9437479059562888,0.9343064653767812,UNCHANGED_LEGACY
eclipse__jetty.project,40,1,0.931867959816628,0.925216136789456,UNCHANGED_LEGACY
eclipse__jetty.project,40,2,0.93383149366478,0.9114735149186972,UNCHANGED_LEGACY
eclipse__jetty.project,40,3,0.9437767461439374,0.9263216535372772,UNCHANGED_LEGACY
eclipse__jetty.project,40,4,0.940175344668177,0.9223755638900684,UNCHANGED_LEGACY
eclipse__jetty.project,40,5,0.9353354881980768,0.9284218513184256,UNCHANGED_LEGACY
eclipse__jetty.project,40,6,0.9614234139627644,0.9502857226366842,UNCHANGED_LEGACY
eclipse__jetty.project,40,7,0.9376283825962344,0.924274298239735,UNCHANGED_LEGACY
eclipse__jetty.project,40,8,0.9474924231327504,0.932037331230181,UNCHANGED_LEGACY
eclipse__jetty.project,40,9,0.9482398397926116,0.9364188785879408,UNCHANGED_LEGACY
eclipse__jetty.project,40,10,0.9375229065509086,0.9294322038834651,UNCHANGED_LEGACY
eclipse__jetty.project,40,11,0.9490262390893052,0.9312040029424288,UNCHANGED_LEGACY
eclipse__jetty.project,40,12,0.9487198403569352,0.9404261435630282,UNCHANGED_LEGACY
eclipse__jetty.project,40,13,0.9368057092347372,0.9245420773671632,UNCHANGED_LEGACY
eclipse__jetty.project,40,14,0.9622420402925984,0.9432944985376914,UNCHANGED_LEGACY
eclipse__jetty.project,40,15,0.9488349704945512,0.937956610699108,UNCHANGED_LEGACY
eclipse__jetty.project,40,16,0.9431213078874872,0.927419119414347,UNCHANGED_LEGACY
eclipse__jetty.project,40,17,0.9291323201545602,0.914721805191606,UNCHANGED_LEGACY
eclipse__jetty.project,40,18,0.9399119303860712,0.9293091457247328,UNCHANGED_LEGACY
eclipse__jetty.project,40,19,0.9361801873598302,0.9199586518679648,UNCHANGED_LEGACY
eclipse__jetty.project,40,20,0.9700159721091136,0.9594054475463584,UNCHANGED_LEGACY
eclipse__jetty.project,40,21,0.9230688086170834,0.9120096981435492,UNCHANGED_LEGACY
eclipse__jetty.project,40,22,0.9512638225474636,0.9416802691128184,UNCHANGED_LEGACY
eclipse__jetty.project,40,23,0.9368380493134548,0.9189779523803572,UNCHANGED_LEGACY
eclipse__jetty.project,40,24,0.9430182826702748,0.9323507047673104,UNCHANGED_LEGACY
eclipse__jetty.project,40,25,0.9598149110542824,0.9419387929006472,UNCHANGED_LEGACY
eclipse__jetty.project,40,26,0.949239397829623,0.9304903619679714,UNCHANGED_LEGACY
eclipse__jetty.project,40,27,0.9438304880113254,0.9266528469795546,UNCHANGED_LEGACY
eclipse__jetty.project,40,28,0.9581884474644994,0.9439576319823682,UNCHANGED_LEGACY
eclipse__jetty.project,40,29,0.9576202713499808,0.9436699442895704,UNCHANGED_LEGACY
eclipse__jetty.project,40,30,0.9417191855065158,0.9331313364115372,UNCHANGED_LEGACY
eclipse__jetty.project,50,1,0.9405567604455592,0.9379104635137492,UNCHANGED_LEGACY
eclipse__jetty.project,50,2,0.9297947491495026,0.9063074528168812,UNCHANGED_LEGACY
eclipse__jetty.project,50,3,0.9381199680713066,0.9192806443330134,UNCHANGED_LEGACY
eclipse__jetty.project,50,4,0.9358899315358804,0.9149856231844548,UNCHANGED_LEGACY
eclipse__jetty.project,50,5,0.9412199129321958,0.9372409516631236,UNCHANGED_LEGACY
eclipse__jetty.project,50,6,0.9386416146262606,0.932723606726762,UNCHANGED_LEGACY
eclipse__jetty.project,50,7,0.9538209135031208,0.9440812059835774,UNCHANGED_LEGACY
eclipse__jetty.project,50,8,0.9505193857690164,0.9392209407305424,UNCHANGED_LEGACY
eclipse__jetty.project,50,9,0.9469543804472828,0.9373422147931788,UNCHANGED_LEGACY
eclipse__jetty.project,50,10,0.9456455523202412,0.938662110313976,UNCHANGED_LEGACY
eclipse__jetty.project,50,11,0.9320894115804872,0.9146830004729806,UNCHANGED_LEGACY
eclipse__jetty.project,50,12,0.9557361090624736,0.9454725228072322,UNCHANGED_LEGACY
eclipse__jetty.project,50,13,0.9350611763223314,0.9243998215710234,UNCHANGED_LEGACY
eclipse__jetty.project,50,14,0.9593537212740004,0.9390569062731164,UNCHANGED_LEGACY
eclipse__jetty.project,50,15,0.9601641450167552,0.9488398237931128,UNCHANGED_LEGACY
eclipse__jetty.project,50,16,0.9373956714928888,0.9245213869473828,UNCHANGED_LEGACY
eclipse__jetty.project,50,17,0.927306787825198,0.9111679970568046,UNCHANGED_LEGACY
eclipse__jetty.project,50,18,0.9361746345610796,0.924540224427006,UNCHANGED_LEGACY
eclipse__jetty.project,50,19,0.9448583662263302,0.9295336780239568,UNCHANGED_LEGACY
eclipse__jetty.project,50,20,0.9667964024184597,0.9566525552222224,UNCHANGED_LEGACY
eclipse__jetty.project,50,21,0.9192046394799188,0.9055097357810794,UNCHANGED_LEGACY
eclipse__jetty.project,50,22,0.9475578222600564,0.9355852982033396,UNCHANGED_LEGACY
eclipse__jetty.project,50,23,0.9305495815992264,0.9150963656543252,UNCHANGED_LEGACY
eclipse__jetty.project,50,24,0.9543610045744466,0.94527274813667,UNCHANGED_LEGACY
eclipse__jetty.project,50,25,0.9544153568879516,0.9370611331890945,UNCHANGED_LEGACY
eclipse__jetty.project,50,26,0.9415116745232336,0.9220596442997252,UNCHANGED_LEGACY
eclipse__jetty.project,50,27,0.9408336361949948,0.924994093373825,UNCHANGED_LEGACY
eclipse__jetty.project,50,28,0.95463131463676,0.9388674882138066,UNCHANGED_LEGACY
eclipse__jetty.project,50,29,0.9356668202629482,0.9249891400022155,UNCHANGED_LEGACY
eclipse__jetty.project,50,30,0.9393304917644384,0.9313091334583616,UNCHANGED_LEGACY
eclipse__paho.mqtt.java,0,1,0.929591836734694,0.6031164388666922,UNCHANGED_LEGACY
eclipse__paho.mqtt.java,0,2,0.929591836734694,0.6031164388666922,UNCHANGED_LEGACY
eclipse__paho.mqtt.java,0,3,0.929591836734694,0.6031164388666922,UNCHANGED_LEGACY
eclipse__paho.mqtt.java,0,4,0.929591836734694,0.6031164388666922,UNCHANGED_LEGACY
eclipse__paho.mqtt.java,0,5,0.929591836734694,0.6031164388666922,UNCHANGED_LEGACY
eclipse__paho.mqtt.java,0,6,0.929591836734694,0.6031164388666922,UNCHANGED_LEGACY
eclipse__paho.mqtt.java,0,7,0.929591836734694,0.6031164388666922,UNCHANGED_LEGACY
eclipse__paho.mqtt.java,0,8,0.929591836734694,0.6031164388666922,UNCHANGED_LEGACY
eclipse__paho.mqtt.java,0,9,0.929591836734694,0.6031164388666922,UNCHANGED_LEGACY
eclipse__paho.mqtt.java,0,10,0.929591836734694,0.6031164388666922,UNCHANGED_LEGACY
eclipse__paho.mqtt.java,0,11,0.929591836734694,0.6031164388666922,UNCHANGED_LEGACY
eclipse__paho.mqtt.java,0,12,0.929591836734694,0.6031164388666922,UNCHANGED_LEGACY
eclipse__paho.mqtt.java,0,13,0.929591836734694,0.6031164388666922,UNCHANGED_LEGACY
eclipse__paho.mqtt.java,0,14,0.929591836734694,0.6031164388666922,UNCHANGED_LEGACY
eclipse__paho.mqtt.java,0,15,0.929591836734694,0.6031164388666922,UNCHANGED_LEGACY
eclipse__paho.mqtt.java,0,16,0.929591836734694,0.6031164388666922,UNCHANGED_LEGACY
eclipse__paho.mqtt.java,0,17,0.929591836734694,0.6031164388666922,UNCHANGED_LEGACY
eclipse__paho.mqtt.java,0,18,0.929591836734694,0.6031164388666922,UNCHANGED_LEGACY
eclipse__paho.mqtt.java,0,19,0.929591836734694,0.6031164388666922,UNCHANGED_LEGACY
eclipse__paho.mqtt.java,0,20,0.929591836734694,0.6031164388666922,UNCHANGED_LEGACY
eclipse__paho.mqtt.java,0,21,0.929591836734694,0.6031164388666922,UNCHANGED_LEGACY
eclipse__paho.mqtt.java,0,22,0.929591836734694,0.6031164388666922,UNCHANGED_LEGACY
eclipse__paho.mqtt.java,0,23,0.929591836734694,0.6031164388666922,UNCHANGED_LEGACY
eclipse__paho.mqtt.java,0,24,0.929591836734694,0.6031164388666922,UNCHANGED_LEGACY
eclipse__paho.mqtt.java,0,25,0.929591836734694,0.6031164388666922,UNCHANGED_LEGACY
eclipse__paho.mqtt.java,0,26,0.929591836734694,0.6031164388666922,UNCHANGED_LEGACY
eclipse__paho.mqtt.java,0,27,0.929591836734694,0.6031164388666922,UNCHANGED_LEGACY
eclipse__paho.mqtt.java,0,28,0.929591836734694,0.6031164388666922,UNCHANGED_LEGACY
eclipse__paho.mqtt.java,0,29,0.929591836734694,0.6031164388666922,UNCHANGED_LEGACY
eclipse__paho.mqtt.java,0,30,0.929591836734694,0.6031164388666922,UNCHANGED_LEGACY
eclipse__paho.mqtt.java,5,1,0.8714285714285716,0.5826745848570385,UNCHANGED_LEGACY
eclipse__paho.mqtt.java,5,2,0.8448979591836736,0.5969224420192504,UNCHANGED_LEGACY
eclipse__paho.mqtt.java,5,3,0.8642857142857142,0.5803697404536333,UNCHANGED_LEGACY
eclipse__paho.mqtt.java,5,4,0.8928571428571429,0.6273459527239468,UNCHANGED_LEGACY
eclipse__paho.mqtt.java,5,5,0.8642857142857142,0.6050786208660769,UNCHANGED_LEGACY
eclipse__paho.mqtt.java,5,6,0.8489795918367348,0.5660444568270571,UNCHANGED_LEGACY
eclipse__paho.mqtt.java,5,7,0.8969387755102041,0.5519737405837202,UNCHANGED_LEGACY
eclipse__paho.mqtt.java,5,8,0.8612244897959183,0.5967454474807068,UNCHANGED_LEGACY
eclipse__paho.mqtt.java,5,9,0.863265306122449,0.6060557858247704,UNCHANGED_LEGACY
eclipse__paho.mqtt.java,5,10,0.8918367346938776,0.5532289573362535,UNCHANGED_LEGACY
eclipse__paho.mqtt.java,5,11,0.846938775510204,0.5965415609099194,UNCHANGED_LEGACY
eclipse__paho.mqtt.java,5,12,0.8775510204081632,0.6058633555344779,UNCHANGED_LEGACY
eclipse__paho.mqtt.java,5,13,0.8540816326530611,0.594216230933515,UNCHANGED_LEGACY
eclipse__paho.mqtt.java,5,14,0.8846938775510204,0.5790980273116405,UNCHANGED_LEGACY
eclipse__paho.mqtt.java,5,15,0.866326530612245,0.6114563555095063,UNCHANGED_LEGACY
eclipse__paho.mqtt.java,5,16,0.8438775510204082,0.5961963826719414,UNCHANGED_LEGACY
eclipse__paho.mqtt.java,5,17,0.8846938775510204,0.5834375794587146,UNCHANGED_LEGACY
eclipse__paho.mqtt.java,5,18,0.8530612244897959,0.5930917305763516,UNCHANGED_LEGACY
eclipse__paho.mqtt.java,5,19,0.8989795918367347,0.5967075135543245,UNCHANGED_LEGACY
eclipse__paho.mqtt.java,5,20,0.8510204081632653,0.596603758951182,UNCHANGED_LEGACY
eclipse__paho.mqtt.java,5,21,0.8673469387755102,0.5804008632585752,UNCHANGED_LEGACY
eclipse__paho.mqtt.java,5,22,0.85,0.6098291042379366,UNCHANGED_LEGACY
eclipse__paho.mqtt.java,5,23,0.8357142857142857,0.6103157382389016,UNCHANGED_LEGACY
eclipse__paho.mqtt.java,5,24,0.8448979591836736,0.6002376082256375,UNCHANGED_LEGACY
eclipse__paho.mqtt.java,5,25,0.8755102040816327,0.6159964194362526,UNCHANGED_LEGACY
eclipse__paho.mqtt.java,5,26,0.8326530612244898,0.5974343224093747,UNCHANGED_LEGACY
eclipse__paho.mqtt.java,5,27,0.85,0.5957158521082502,UNCHANGED_LEGACY
eclipse__paho.mqtt.java,5,28,0.8704081632653061,0.6067797968879439,UNCHANGED_LEGACY
eclipse__paho.mqtt.java,5,29,0.8306122448979592,0.5932065504022909,UNCHANGED_LEGACY
eclipse__paho.mqtt.java,5,30,0.8806122448979592,0.6091366130131701,UNCHANGED_LEGACY
eclipse__paho.mqtt.java,10,1,0.8408163265306122,0.5805587447274815,UNCHANGED_LEGACY
eclipse__paho.mqtt.java,10,2,0.8163265306122449,0.5796051108850736,UNCHANGED_LEGACY
eclipse__paho.mqtt.java,10,3,0.8591836734693878,0.5954858391671329,UNCHANGED_LEGACY
eclipse__paho.mqtt.java,10,4,0.8336734693877551,0.6178510669528156,UNCHANGED_LEGACY
eclipse__paho.mqtt.java,10,5,0.8704081632653061,0.5366762786009202,UNCHANGED_LEGACY
eclipse__paho.mqtt.java,10,6,0.8112244897959183,0.5881122881321159,UNCHANGED_LEGACY
eclipse__paho.mqtt.java,10,7,0.8448979591836736,0.520272012166732,UNCHANGED_LEGACY
eclipse__paho.mqtt.java,10,8,0.813265306122449,0.6201412374270889,UNCHANGED_LEGACY
eclipse__paho.mqtt.java,10,9,0.8418367346938777,0.6054117993570822,UNCHANGED_LEGACY
eclipse__paho.mqtt.java,10,10,0.8795918367346939,0.5495350190500116,UNCHANGED_LEGACY
eclipse__paho.mqtt.java,10,11,0.8326530612244898,0.5601772578613259,UNCHANGED_LEGACY
eclipse__paho.mqtt.java,10,12,0.8418367346938777,0.5866065882938022,UNCHANGED_LEGACY
eclipse__paho.mqtt.java,10,13,0.863265306122449,0.6072058285717199,UNCHANGED_LEGACY
eclipse__paho.mqtt.java,10,14,0.8571428571428571,0.5875444083579224,UNCHANGED_LEGACY
eclipse__paho.mqtt.java,10,15,0.8316326530612244,0.6043667340033649,UNCHANGED_LEGACY
eclipse__paho.mqtt.java,10,16,0.846938775510204,0.6032143940744608,UNCHANGED_LEGACY
eclipse__paho.mqtt.java,10,17,0.860204081632653,0.546675361816227,UNCHANGED_LEGACY
eclipse__paho.mqtt.java,10,18,0.8387755102040817,0.551699685596336,UNCHANGED_LEGACY
eclipse__paho.mqtt.java,10,19,0.8714285714285713,0.5942233554451765,UNCHANGED_LEGACY
eclipse__paho.mqtt.java,10,20,0.8255102040816327,0.5938796166718097,UNCHANGED_LEGACY
eclipse__paho.mqtt.java,10,21,0.8428571428571429,0.5904479500577856,UNCHANGED_LEGACY
eclipse__paho.mqtt.java,10,22,0.8489795918367348,0.6281285931596183,UNCHANGED_LEGACY
eclipse__paho.mqtt.java,10,23,0.8306122448979592,0.5930417788376554,UNCHANGED_LEGACY
eclipse__paho.mqtt.java,10,24,0.8357142857142857,0.6033576786769526,UNCHANGED_LEGACY
eclipse__paho.mqtt.java,10,25,0.8285714285714286,0.6106364412818099,UNCHANGED_LEGACY
eclipse__paho.mqtt.java,10,26,0.8255102040816327,0.5801819308464213,UNCHANGED_LEGACY
eclipse__paho.mqtt.java,10,27,0.8295918367346939,0.602150734493723,UNCHANGED_LEGACY
eclipse__paho.mqtt.java,10,28,0.8530612244897959,0.5878323484264973,UNCHANGED_LEGACY
eclipse__paho.mqtt.java,10,29,0.8418367346938777,0.5407887364879046,UNCHANGED_LEGACY
eclipse__paho.mqtt.java,10,30,0.8714285714285713,0.6111945355086396,UNCHANGED_LEGACY
eclipse__paho.mqtt.java,15,1,0.8479591836734693,0.5976719332393052,UNCHANGED_LEGACY
eclipse__paho.mqtt.java,15,2,0.789795918367347,0.574979860400499,UNCHANGED_LEGACY
eclipse__paho.mqtt.java,15,3,0.8489795918367348,0.5953493568691615,UNCHANGED_LEGACY
eclipse__paho.mqtt.java,15,4,0.8081632653061224,0.6163673397953703,UNCHANGED_LEGACY
eclipse__paho.mqtt.java,15,5,0.8561224489795919,0.5339457620699783,UNCHANGED_LEGACY
eclipse__paho.mqtt.java,15,6,0.7755102040816326,0.567564930941607,UNCHANGED_LEGACY
eclipse__paho.mqtt.java,15,7,0.846938775510204,0.5237439831612929,UNCHANGED_LEGACY
eclipse__paho.mqtt.java,15,8,0.8061224489795918,0.5977288902851644,UNCHANGED_LEGACY
eclipse__paho.mqtt.java,15,9,0.8204081632653061,0.5849677128967012,UNCHANGED_LEGACY
eclipse__paho.mqtt.java,15,10,0.8693877551020408,0.5494507732236771,UNCHANGED_LEGACY
eclipse__paho.mqtt.java,15,11,0.8122448979591838,0.5559200648661756,UNCHANGED_LEGACY
eclipse__paho.mqtt.java,15,12,0.8336734693877551,0.5827604380798308,UNCHANGED_LEGACY
eclipse__paho.mqtt.java,15,13,0.8479591836734693,0.6066508251994415,UNCHANGED_LEGACY
eclipse__paho.mqtt.java,15,14,0.846938775510204,0.5856783142164164,UNCHANGED_LEGACY
eclipse__paho.mqtt.java,15,15,0.8510204081632653,0.5616603375751572,UNCHANGED_LEGACY
eclipse__paho.mqtt.java,15,16,0.8173469387755101,0.5940084212689324,UNCHANGED_LEGACY
eclipse__paho.mqtt.java,15,17,0.8591836734693878,0.5465994271363013,UNCHANGED_LEGACY
eclipse__paho.mqtt.java,15,18,0.8142857142857143,0.5491238658548481,UNCHANGED_LEGACY
eclipse__paho.mqtt.java,15,19,0.8540816326530611,0.5924528468830839,UNCHANGED_LEGACY
eclipse__paho.mqtt.java,15,20,0.823469387755102,0.6038411395372536,UNCHANGED_LEGACY
eclipse__paho.mqtt.java,15,21,0.7969387755102041,0.5738194668135431,UNCHANGED_LEGACY
eclipse__paho.mqtt.java,15,22,0.8255102040816327,0.6249837439293119,UNCHANGED_LEGACY
eclipse__paho.mqtt.java,15,23,0.8428571428571429,0.5302129489421322,UNCHANGED_LEGACY
eclipse__paho.mqtt.java,15,24,0.8551020408163266,0.559579136680676,UNCHANGED_LEGACY
eclipse__paho.mqtt.java,15,25,0.8224489795918368,0.6066989376716119,UNCHANGED_LEGACY
eclipse__paho.mqtt.java,15,26,0.7938775510204081,0.5800558644058824,UNCHANGED_LEGACY
eclipse__paho.mqtt.java,15,27,0.8244897959183672,0.6050615274237312,UNCHANGED_LEGACY
eclipse__paho.mqtt.java,15,28,0.8418367346938777,0.5877392506528201,UNCHANGED_LEGACY
eclipse__paho.mqtt.java,15,29,0.8346938775510203,0.540998140883107,UNCHANGED_LEGACY
eclipse__paho.mqtt.java,15,30,0.8377551020408163,0.6022588277068736,UNCHANGED_LEGACY
eclipse__paho.mqtt.java,20,1,0.8367346938775511,0.6036593387934716,UNCHANGED_LEGACY
eclipse__paho.mqtt.java,20,2,0.8255102040816327,0.603884939397033,UNCHANGED_LEGACY
eclipse__paho.mqtt.java,20,3,0.8377551020408163,0.59489869600378,UNCHANGED_LEGACY
eclipse__paho.mqtt.java,20,4,0.8357142857142857,0.6208019444690034,UNCHANGED_LEGACY
eclipse__paho.mqtt.java,20,5,0.85,0.533879757189694,UNCHANGED_LEGACY
eclipse__paho.mqtt.java,20,6,0.7408163265306122,0.5555569816945157,UNCHANGED_LEGACY
eclipse__paho.mqtt.java,20,7,0.8295918367346939,0.5195529346222837,UNCHANGED_LEGACY
eclipse__paho.mqtt.java,20,8,0.7948979591836735,0.6109732003078746,UNCHANGED_LEGACY
eclipse__paho.mqtt.java,20,9,0.8357142857142857,0.5866193348024555,UNCHANGED_LEGACY
eclipse__paho.mqtt.java,20,10,0.8785714285714287,0.5480541478514601,UNCHANGED_LEGACY
eclipse__paho.mqtt.java,20,11,0.8214285714285715,0.5694048154124618,UNCHANGED_LEGACY
eclipse__paho.mqtt.java,20,12,0.8214285714285714,0.6012435219701368,UNCHANGED_LEGACY
eclipse__paho.mqtt.java,20,13,0.8295918367346939,0.598944357918519,UNCHANGED_LEGACY
eclipse__paho.mqtt.java,20,14,0.8204081632653061,0.5849667164104083,UNCHANGED_LEGACY
eclipse__paho.mqtt.java,20,15,0.8397959183673469,0.5587935339432621,UNCHANGED_LEGACY
eclipse__paho.mqtt.java,20,16,0.7836734693877551,0.537309192814219,UNCHANGED_LEGACY
eclipse__paho.mqtt.java,20,17,0.8418367346938777,0.5432202773652124,UNCHANGED_LEGACY
eclipse__paho.mqtt.java,20,18,0.789795918367347,0.5479330281402194,UNCHANGED_LEGACY
eclipse__paho.mqtt.java,20,19,0.8357142857142857,0.5845693122549325,UNCHANGED_LEGACY
eclipse__paho.mqtt.java,20,20,0.8142857142857143,0.6031031672248026,UNCHANGED_LEGACY
eclipse__paho.mqtt.java,20,21,0.7683673469387755,0.5720473620219189,UNCHANGED_LEGACY
eclipse__paho.mqtt.java,20,22,0.8377551020408163,0.5634207411893268,UNCHANGED_LEGACY
eclipse__paho.mqtt.java,20,23,0.8316326530612246,0.5280464790820582,UNCHANGED_LEGACY
eclipse__paho.mqtt.java,20,24,0.8316326530612244,0.5390191198094789,UNCHANGED_LEGACY
eclipse__paho.mqtt.java,20,25,0.8112244897959183,0.5921615838177958,UNCHANGED_LEGACY
eclipse__paho.mqtt.java,20,26,0.7959183673469388,0.576202056726166,UNCHANGED_LEGACY
eclipse__paho.mqtt.java,20,27,0.7989795918367347,0.5951130861676398,UNCHANGED_LEGACY
eclipse__paho.mqtt.java,20,28,0.8275510204081632,0.5822232792379138,UNCHANGED_LEGACY
eclipse__paho.mqtt.java,20,29,0.7979591836734694,0.5122082490068995,UNCHANGED_LEGACY
eclipse__paho.mqtt.java,20,30,0.8010204081632653,0.5967649311432297,UNCHANGED_LEGACY
eclipse__paho.mqtt.java,25,1,0.8051020408163266,0.5990602408661505,UNCHANGED_LEGACY
eclipse__paho.mqtt.java,25,2,0.7826530612244899,0.5783215837666474,UNCHANGED_LEGACY
eclipse__paho.mqtt.java,25,3,0.8285714285714286,0.592628978114691,UNCHANGED_LEGACY
eclipse__paho.mqtt.java,25,4,0.8214285714285715,0.6176976640385236,UNCHANGED_LEGACY
eclipse__paho.mqtt.java,25,5,0.8295918367346939,0.5317873851816911,UNCHANGED_LEGACY
eclipse__paho.mqtt.java,25,6,0.7295918367346939,0.5534638947814118,UNCHANGED_LEGACY
eclipse__paho.mqtt.java,25,7,0.823469387755102,0.5126440854625469,UNCHANGED_LEGACY
eclipse__paho.mqtt.java,25,8,0.8397959183673469,0.6085862618789432,UNCHANGED_LEGACY
eclipse__paho.mqtt.java,25,9,0.8581632653061225,0.5097680803406143,UNCHANGED_LEGACY
eclipse__paho.mqtt.java,25,10,0.863265306122449,0.5447622925299938,UNCHANGED_LEGACY
eclipse__paho.mqtt.java,25,11,0.8408163265306122,0.5927776706661129,UNCHANGED_LEGACY
eclipse__paho.mqtt.java,25,12,0.7928571428571429,0.5978896404145884,UNCHANGED_LEGACY
eclipse__paho.mqtt.java,25,13,0.8561224489795919,0.5384566552731711,UNCHANGED_LEGACY
eclipse__paho.mqtt.java,25,14,0.8,0.5837144257823761,UNCHANGED_LEGACY
eclipse__paho.mqtt.java,25,15,0.8397959183673469,0.5434576913034764,UNCHANGED_LEGACY
eclipse__paho.mqtt.java,25,16,0.7602040816326531,0.529293100936102,UNCHANGED_LEGACY
eclipse__paho.mqtt.java,25,17,0.8581632653061225,0.5449266358542657,UNCHANGED_LEGACY
eclipse__paho.mqtt.java,25,18,0.7918367346938775,0.5308183159691631,UNCHANGED_LEGACY
eclipse__paho.mqtt.java,25,19,0.813265306122449,0.5821648655099203,UNCHANGED_LEGACY
eclipse__paho.mqtt.java,25,20,0.8122448979591838,0.5873029595540339,UNCHANGED_LEGACY
eclipse__paho.mqtt.java,25,21,0.7653061224489796,0.569132703395016,UNCHANGED_LEGACY
eclipse__paho.mqtt.java,25,22,0.8408163265306122,0.5647792203450095,UNCHANGED_LEGACY
eclipse__paho.mqtt.java,25,23,0.8183673469387756,0.5234993583286384,UNCHANGED_LEGACY
eclipse__paho.mqtt.java,25,24,0.8224489795918368,0.5374868562082531,UNCHANGED_LEGACY
eclipse__paho.mqtt.java,25,25,0.7877551020408163,0.5667563144276982,UNCHANGED_LEGACY
eclipse__paho.mqtt.java,25,26,0.8040816326530612,0.5958947869402784,UNCHANGED_LEGACY
eclipse__paho.mqtt.java,25,27,0.786734693877551,0.5896375494806703,UNCHANGED_LEGACY
eclipse__paho.mqtt.java,25,28,0.8163265306122449,0.5821203995016887,UNCHANGED_LEGACY
eclipse__paho.mqtt.java,25,29,0.7908163265306123,0.511163316219271,UNCHANGED_LEGACY
eclipse__paho.mqtt.java,25,30,0.7846938775510204,0.5961318009917429,UNCHANGED_LEGACY
eclipse__paho.mqtt.java,30,1,0.7979591836734694,0.597003458305349,UNCHANGED_LEGACY
eclipse__paho.mqtt.java,30,2,0.7775510204081633,0.4963462021076446,UNCHANGED_LEGACY
eclipse__paho.mqtt.java,30,3,0.8316326530612246,0.5944594101167986,UNCHANGED_LEGACY
eclipse__paho.mqtt.java,30,4,0.8173469387755101,0.6162633005951605,UNCHANGED_LEGACY
eclipse__paho.mqtt.java,30,5,0.8153061224489797,0.5313464731787994,UNCHANGED_LEGACY
eclipse__paho.mqtt.java,30,6,0.6785714285714286,0.4916137373504848,UNCHANGED_LEGACY
eclipse__paho.mqtt.java,30,7,0.8122448979591838,0.5120566502972967,UNCHANGED_LEGACY
eclipse__paho.mqtt.java,30,8,0.826530612244898,0.6050768982495677,UNCHANGED_LEGACY
eclipse__paho.mqtt.java,30,9,0.8377551020408163,0.5080291573550029,UNCHANGED_LEGACY
eclipse__paho.mqtt.java,30,10,0.8540816326530611,0.5446559086316736,UNCHANGED_LEGACY
eclipse__paho.mqtt.java,30,11,0.7969387755102041,0.562054976015504,UNCHANGED_LEGACY
eclipse__paho.mqtt.java,30,12,0.8020408163265307,0.601493013054703,UNCHANGED_LEGACY
eclipse__paho.mqtt.java,30,13,0.8510204081632653,0.537766409064519,UNCHANGED_LEGACY
eclipse__paho.mqtt.java,30,14,0.763265306122449,0.5974708229817491,UNCHANGED_LEGACY
eclipse__paho.mqtt.java,30,15,0.8326530612244898,0.5432846885124691,UNCHANGED_LEGACY
eclipse__paho.mqtt.java,30,16,0.7673469387755102,0.5453507424600862,UNCHANGED_LEGACY
eclipse__paho.mqtt.java,30,17,0.8459183673469388,0.5423107336560655,UNCHANGED_LEGACY
eclipse__paho.mqtt.java,30,18,0.7979591836734694,0.5460194355730346,UNCHANGED_LEGACY
eclipse__paho.mqtt.java,30,19,0.8040816326530612,0.5818856164440744,UNCHANGED_LEGACY
eclipse__paho.mqtt.java,30,20,0.8142857142857143,0.6044828578593378,UNCHANGED_LEGACY
eclipse__paho.mqtt.java,30,21,0.7489795918367348,0.5678731801569674,UNCHANGED_LEGACY
eclipse__paho.mqtt.java,30,22,0.8255102040816327,0.5644531913038009,UNCHANGED_LEGACY
eclipse__paho.mqtt.java,30,23,0.7714285714285715,0.4937237097116974,UNCHANGED_LEGACY
eclipse__paho.mqtt.java,30,24,0.8163265306122449,0.5368890965582703,UNCHANGED_LEGACY
eclipse__paho.mqtt.java,30,25,0.7795918367346939,0.5805573408800869,UNCHANGED_LEGACY
eclipse__paho.mqtt.java,30,26,0.8122448979591838,0.5471801529714575,UNCHANGED_LEGACY
eclipse__paho.mqtt.java,30,27,0.7693877551020408,0.5871859519882665,UNCHANGED_LEGACY
eclipse__paho.mqtt.java,30,28,0.8071428571428572,0.5818429095367587,UNCHANGED_LEGACY
eclipse__paho.mqtt.java,30,29,0.7663265306122449,0.5046544466243109,UNCHANGED_LEGACY
eclipse__paho.mqtt.java,30,30,0.7816326530612245,0.5956235379151733,UNCHANGED_LEGACY
eclipse__paho.mqtt.java,40,1,0.7928571428571429,0.5947687709755425,UNCHANGED_LEGACY
eclipse__paho.mqtt.java,40,2,0.7510204081632653,0.5257844402725144,UNCHANGED_LEGACY
eclipse__paho.mqtt.java,40,3,0.823469387755102,0.5938999219813337,UNCHANGED_LEGACY
eclipse__paho.mqtt.java,40,4,0.7989795918367347,0.5247525650693935,UNCHANGED_LEGACY
eclipse__paho.mqtt.java,40,5,0.7673469387755102,0.5229942905885119,UNCHANGED_LEGACY
eclipse__paho.mqtt.java,40,6,0.6816326530612244,0.5189819143403247,UNCHANGED_LEGACY
eclipse__paho.mqtt.java,40,7,0.8326530612244898,0.5136512712778448,UNCHANGED_LEGACY
eclipse__paho.mqtt.java,40,8,0.8285714285714286,0.542326150398379,UNCHANGED_LEGACY
eclipse__paho.mqtt.java,40,9,0.810204081632653,0.5063230877475755,UNCHANGED_LEGACY
eclipse__paho.mqtt.java,40,10,0.8275510204081632,0.5387593434190213,UNCHANGED_LEGACY
eclipse__paho.mqtt.java,40,11,0.8081632653061226,0.5617243514352122,UNCHANGED_LEGACY
eclipse__paho.mqtt.java,40,12,0.7744897959183674,0.5632673646941588,UNCHANGED_LEGACY
eclipse__paho.mqtt.java,40,13,0.8020408163265307,0.5059689174412175,UNCHANGED_LEGACY
eclipse__paho.mqtt.java,40,14,0.7479591836734694,0.6138943066768217,UNCHANGED_LEGACY
eclipse__paho.mqtt.java,40,15,0.8326530612244898,0.5366346876566193,UNCHANGED_LEGACY
eclipse__paho.mqtt.java,40,16,0.7663265306122449,0.5004740206257716,UNCHANGED_LEGACY
eclipse__paho.mqtt.java,40,17,0.8387755102040817,0.5412732811840208,UNCHANGED_LEGACY
eclipse__paho.mqtt.java,40,18,0.7857142857142858,0.5121852206835131,UNCHANGED_LEGACY
eclipse__paho.mqtt.java,40,19,0.7418367346938776,0.5665532061723575,UNCHANGED_LEGACY
eclipse__paho.mqtt.java,40,20,0.7816326530612245,0.5740815279751728,UNCHANGED_LEGACY
eclipse__paho.mqtt.java,40,21,0.7448979591836735,0.5839561489702678,UNCHANGED_LEGACY
eclipse__paho.mqtt.java,40,22,0.7693877551020408,0.5403894178847438,UNCHANGED_LEGACY
eclipse__paho.mqtt.java,40,23,0.7612244897959184,0.4936501847958492,UNCHANGED_LEGACY
eclipse__paho.mqtt.java,40,24,0.8153061224489797,0.5042800301285,UNCHANGED_LEGACY
eclipse__paho.mqtt.java,40,25,0.7928571428571429,0.5696327985962923,UNCHANGED_LEGACY
eclipse__paho.mqtt.java,40,26,0.8163265306122449,0.5628036331762802,UNCHANGED_LEGACY
eclipse__paho.mqtt.java,40,27,0.7979591836734694,0.5754000110583153,UNCHANGED_LEGACY
eclipse__paho.mqtt.java,40,28,0.8081632653061226,0.596609508564202,UNCHANGED_LEGACY
eclipse__paho.mqtt.java,40,29,0.7551020408163265,0.4982643685518031,UNCHANGED_LEGACY
eclipse__paho.mqtt.java,40,30,0.7622448979591836,0.5322182223015041,UNCHANGED_LEGACY
eclipse__paho.mqtt.java,50,1,0.7642857142857143,0.6166370687785,UNCHANGED_LEGACY
eclipse__paho.mqtt.java,50,2,0.7438775510204081,0.5381452259516029,UNCHANGED_LEGACY
eclipse__paho.mqtt.java,50,3,0.7959183673469388,0.6148364464640438,UNCHANGED_LEGACY
eclipse__paho.mqtt.java,50,4,0.7887755102040817,0.524666713141629,UNCHANGED_LEGACY
eclipse__paho.mqtt.java,50,5,0.7561224489795919,0.521974543492697,UNCHANGED_LEGACY
eclipse__paho.mqtt.java,50,6,0.710204081632653,0.5642019577027979,UNCHANGED_LEGACY
eclipse__paho.mqtt.java,50,7,0.8214285714285715,0.5117371662537606,UNCHANGED_LEGACY
eclipse__paho.mqtt.java,50,8,0.8122448979591838,0.5343189643416711,UNCHANGED_LEGACY
eclipse__paho.mqtt.java,50,9,0.7755102040816326,0.5058255088514807,UNCHANGED_LEGACY
eclipse__paho.mqtt.java,50,10,0.7581632653061224,0.4962247758705221,UNCHANGED_LEGACY
eclipse__paho.mqtt.java,50,11,0.7928571428571429,0.5561695972591614,UNCHANGED_LEGACY
eclipse__paho.mqtt.java,50,12,0.7510204081632653,0.5597688312013152,UNCHANGED_LEGACY
eclipse__paho.mqtt.java,50,13,0.726530612244898,0.4962674765206906,UNCHANGED_LEGACY
eclipse__paho.mqtt.java,50,14,0.7316326530612245,0.6125546405668142,UNCHANGED_LEGACY
eclipse__paho.mqtt.java,50,15,0.85,0.5402175353245235,UNCHANGED_LEGACY
eclipse__paho.mqtt.java,50,16,0.7622448979591836,0.4985707600614176,UNCHANGED_LEGACY
eclipse__paho.mqtt.java,50,17,0.7836734693877551,0.5049729521686295,UNCHANGED_LEGACY
eclipse__paho.mqtt.java,50,18,0.8275510204081632,0.512232479526885,UNCHANGED_LEGACY
eclipse__paho.mqtt.java,50,19,0.6989795918367346,0.5851554551254733,UNCHANGED_LEGACY
eclipse__paho.mqtt.java,50,20,0.7775510204081633,0.577626636540296,UNCHANGED_LEGACY
eclipse__paho.mqtt.java,50,21,0.7336734693877551,0.581927681354695,UNCHANGED_LEGACY
eclipse__paho.mqtt.java,50,22,0.7785714285714286,0.5729801616225678,UNCHANGED_LEGACY
eclipse__paho.mqtt.java,50,23,0.7714285714285715,0.5040945327983897,UNCHANGED_LEGACY
eclipse__paho.mqtt.java,50,24,0.8091836734693878,0.5077630464565162,UNCHANGED_LEGACY
eclipse__paho.mqtt.java,50,25,0.8010204081632653,0.5786931223505285,UNCHANGED_LEGACY
eclipse__paho.mqtt.java,50,26,0.8051020408163266,0.5623170782324517,UNCHANGED_LEGACY
eclipse__paho.mqtt.java,50,27,0.7571428571428571,0.571915832848857,UNCHANGED_LEGACY
eclipse__paho.mqtt.java,50,28,0.8326530612244898,0.6054557659492458,UNCHANGED_LEGACY
eclipse__paho.mqtt.java,50,29,0.7418367346938776,0.4971133051595869,UNCHANGED_LEGACY
eclipse__paho.mqtt.java,50,30,0.75,0.5633156246784857,UNCHANGED_LEGACY
optimatika__ojAlgo,0,1,0.9348926935133832,0.8524008320645321,UNCHANGED_LEGACY
optimatika__ojAlgo,0,2,0.9348926935133832,0.8524008320645321,UNCHANGED_LEGACY
optimatika__ojAlgo,0,3,0.9348926935133832,0.8524008320645321,UNCHANGED_LEGACY
optimatika__ojAlgo,0,4,0.9348926935133832,0.8524008320645321,UNCHANGED_LEGACY
optimatika__ojAlgo,0,5,0.9348926935133832,0.8524008320645321,UNCHANGED_LEGACY
optimatika__ojAlgo,0,6,0.9348926935133832,0.8524008320645321,UNCHANGED_LEGACY
optimatika__ojAlgo,0,7,0.9348926935133832,0.8524008320645321,UNCHANGED_LEGACY
optimatika__ojAlgo,0,8,0.9348926935133832,0.8524008320645321,UNCHANGED_LEGACY
optimatika__ojAlgo,0,9,0.9348926935133832,0.8524008320645321,UNCHANGED_LEGACY
optimatika__ojAlgo,0,10,0.9348926935133832,0.8524008320645321,UNCHANGED_LEGACY
optimatika__ojAlgo,0,11,0.9348926935133832,0.8524008320645321,UNCHANGED_LEGACY
optimatika__ojAlgo,0,12,0.9348926935133832,0.8524008320645321,UNCHANGED_LEGACY
optimatika__ojAlgo,0,13,0.9348926935133832,0.8524008320645321,UNCHANGED_LEGACY
optimatika__ojAlgo,0,14,0.9348926935133832,0.8524008320645321,UNCHANGED_LEGACY
optimatika__ojAlgo,0,15,0.9348926935133832,0.8524008320645321,UNCHANGED_LEGACY
optimatika__ojAlgo,0,16,0.9348926935133832,0.8524008320645321,UNCHANGED_LEGACY
optimatika__ojAlgo,0,17,0.9348926935133832,0.8524008320645321,UNCHANGED_LEGACY
optimatika__ojAlgo,0,18,0.9348926935133832,0.8524008320645321,UNCHANGED_LEGACY
optimatika__ojAlgo,0,19,0.9348926935133832,0.8524008320645321,UNCHANGED_LEGACY
optimatika__ojAlgo,0,20,0.9348926935133832,0.8524008320645321,UNCHANGED_LEGACY
optimatika__ojAlgo,0,21,0.9348926935133832,0.8524008320645321,UNCHANGED_LEGACY
optimatika__ojAlgo,0,22,0.9348926935133832,0.8524008320645321,UNCHANGED_LEGACY
optimatika__ojAlgo,0,23,0.9348926935133832,0.8524008320645321,UNCHANGED_LEGACY
optimatika__ojAlgo,0,24,0.9348926935133832,0.8524008320645321,UNCHANGED_LEGACY
optimatika__ojAlgo,0,25,0.9348926935133832,0.8524008320645321,UNCHANGED_LEGACY
optimatika__ojAlgo,0,26,0.9348926935133832,0.8524008320645321,UNCHANGED_LEGACY
optimatika__ojAlgo,0,27,0.9348926935133832,0.8524008320645321,UNCHANGED_LEGACY
optimatika__ojAlgo,0,28,0.9348926935133832,0.8524008320645321,UNCHANGED_LEGACY
optimatika__ojAlgo,0,29,0.9348926935133832,0.8524008320645321,UNCHANGED_LEGACY
optimatika__ojAlgo,0,30,0.9348926935133832,0.8524008320645321,UNCHANGED_LEGACY
optimatika__ojAlgo,5,1,0.9018215979422876,0.9095983551121142,UNCHANGED_LEGACY
optimatika__ojAlgo,5,2,0.8740195388902285,0.8026868228654025,UNCHANGED_LEGACY
optimatika__ojAlgo,5,3,0.857107631353321,0.7721457369110124,UNCHANGED_LEGACY
optimatika__ojAlgo,5,4,0.8866124147643545,0.9082152581477968,UNCHANGED_LEGACY
optimatika__ojAlgo,5,5,0.8957300332569729,0.800411995156968,UNCHANGED_LEGACY
optimatika__ojAlgo,5,6,0.883155368338558,0.6807340541833855,UNCHANGED_LEGACY
optimatika__ojAlgo,5,7,0.9091727537309434,0.8399125326723684,UNCHANGED_LEGACY
optimatika__ojAlgo,5,8,0.8375490649197546,0.8661621832378404,UNCHANGED_LEGACY
optimatika__ojAlgo,5,9,0.8540087337231734,0.7792372952702398,UNCHANGED_LEGACY
optimatika__ojAlgo,5,10,0.8540481907938805,0.7987326479422854,UNCHANGED_LEGACY
optimatika__ojAlgo,5,11,0.8775160423867321,0.8001378174783194,UNCHANGED_LEGACY
optimatika__ojAlgo,5,12,0.8202091999236396,0.8205343524710866,UNCHANGED_LEGACY
optimatika__ojAlgo,5,13,0.8697065775460172,0.8405445019890596,UNCHANGED_LEGACY
optimatika__ojAlgo,5,14,0.875782966434906,0.7754323699428237,UNCHANGED_LEGACY
optimatika__ojAlgo,5,15,0.8987925089756986,0.8037779592589966,UNCHANGED_LEGACY
optimatika__ojAlgo,5,16,0.8545489920759317,0.8113453275085277,UNCHANGED_LEGACY
optimatika__ojAlgo,5,17,0.8848914794496692,0.9278745686311736,UNCHANGED_LEGACY
optimatika__ojAlgo,5,18,0.901372394368084,0.8948092762926402,UNCHANGED_LEGACY
optimatika__ojAlgo,5,19,0.8366172710192107,0.7393109594939824,UNCHANGED_LEGACY
optimatika__ojAlgo,5,20,0.9360824759531656,0.6964022028540143,UNCHANGED_LEGACY
optimatika__ojAlgo,5,21,0.8692513036532433,0.8101590027194836,UNCHANGED_LEGACY
optimatika__ojAlgo,5,22,0.9499683296827692,0.8524737743155021,UNCHANGED_LEGACY
optimatika__ojAlgo,5,23,0.8566341465048362,0.795551569786389,UNCHANGED_LEGACY
optimatika__ojAlgo,5,24,0.8779804217573615,0.8557079164407346,UNCHANGED_LEGACY
optimatika__ojAlgo,5,25,0.8975086365980762,0.8244605155930503,UNCHANGED_LEGACY
optimatika__ojAlgo,5,26,0.8571319126276022,0.8683662722927028,UNCHANGED_LEGACY
optimatika__ojAlgo,5,27,0.8527825293719691,0.8552588610569815,UNCHANGED_LEGACY
optimatika__ojAlgo,5,28,0.8662495311202207,0.9061341529181284,UNCHANGED_LEGACY
optimatika__ojAlgo,5,29,0.8731575536532433,0.892620324183526,UNCHANGED_LEGACY
optimatika__ojAlgo,5,30,0.8818502498459395,0.9133547889198708,UNCHANGED_LEGACY
optimatika__ojAlgo,10,1,0.8474983170565067,0.9262991180949436,UNCHANGED_LEGACY
optimatika__ojAlgo,10,2,0.849219252371192,0.799742681360153,UNCHANGED_LEGACY
optimatika__ojAlgo,10,3,0.8214475449119846,0.765676086220742,UNCHANGED_LEGACY
optimatika__ojAlgo,10,4,0.8509644689601586,0.8753590139112677,UNCHANGED_LEGACY
optimatika__ojAlgo,10,5,0.8435799264193661,0.7398221022299258,UNCHANGED_LEGACY
optimatika__ojAlgo,10,6,0.8597725012056909,0.7834887698579694,UNCHANGED_LEGACY
optimatika__ojAlgo,10,7,0.9030356616563512,0.8680699347812786,UNCHANGED_LEGACY
optimatika__ojAlgo,10,8,0.7945196117340514,0.836012362186927,UNCHANGED_LEGACY
optimatika__ojAlgo,10,9,0.8243977197371595,0.7609086314456275,UNCHANGED_LEGACY
optimatika__ojAlgo,10,10,0.8136198691155588,0.7966002641382144,UNCHANGED_LEGACY
optimatika__ojAlgo,10,11,0.8757252984084881,0.8241224167468594,UNCHANGED_LEGACY
optimatika__ojAlgo,10,12,0.8101476468933365,0.8164154467815006,UNCHANGED_LEGACY
optimatika__ojAlgo,10,13,0.8853740697760094,0.8841312698042328,UNCHANGED_LEGACY
optimatika__ojAlgo,10,14,0.8218967484861881,0.7690326754652719,UNCHANGED_LEGACY
optimatika__ojAlgo,10,15,0.8587951799158696,0.8275405265764599,UNCHANGED_LEGACY
optimatika__ojAlgo,10,16,0.8293086074605471,0.8892765698795274,UNCHANGED_LEGACY
optimatika__ojAlgo,10,17,0.9195560336454732,0.8766236095990498,UNCHANGED_LEGACY
optimatika__ojAlgo,10,18,0.908231854352544,0.9321292223846648,UNCHANGED_LEGACY
optimatika__ojAlgo,10,19,0.8400803877635774,0.7584389986316906,UNCHANGED_LEGACY
optimatika__ojAlgo,10,20,0.916481417289607,0.7383300746062404,UNCHANGED_LEGACY
optimatika__ojAlgo,10,21,0.8926311356268253,0.8255098570647998,UNCHANGED_LEGACY
optimatika__ojAlgo,10,22,0.921668504507944,0.8517646021543106,UNCHANGED_LEGACY
optimatika__ojAlgo,10,23,0.818788745378185,0.7759750736449897,UNCHANGED_LEGACY
optimatika__ojAlgo,10,24,0.8310174021380918,0.752757805388692,UNCHANGED_LEGACY
optimatika__ojAlgo,10,25,0.913950094445784,0.8229668535771858,UNCHANGED_LEGACY
optimatika__ojAlgo,10,26,0.8014701264970662,0.7661370600744968,UNCHANGED_LEGACY
optimatika__ojAlgo,10,27,0.8331602245934142,0.7993713594813231,UNCHANGED_LEGACY
optimatika__ojAlgo,10,28,0.8223398817418214,0.8117656324089328,UNCHANGED_LEGACY
optimatika__ojAlgo,10,29,0.8748177857822255,0.9140620342772712,UNCHANGED_LEGACY
optimatika__ojAlgo,10,30,0.9105142941349836,0.910145668375301,UNCHANGED_LEGACY
optimatika__ojAlgo,15,1,0.817492732363422,0.7813774523406907,UNCHANGED_LEGACY
optimatika__ojAlgo,15,2,0.8617514250596148,0.8507990840886266,UNCHANGED_LEGACY
optimatika__ojAlgo,15,3,0.8240547467379364,0.8259144477287282,UNCHANGED_LEGACY
optimatika__ojAlgo,15,4,0.845692397281837,0.8766048575086687,UNCHANGED_LEGACY
optimatika__ojAlgo,15,5,0.8344167805374701,0.7087749945891878,UNCHANGED_LEGACY
optimatika__ojAlgo,15,6,0.8610563735833132,0.8033612723938378,UNCHANGED_LEGACY
optimatika__ojAlgo,15,7,0.9096705198537096,0.9087604420502888,UNCHANGED_LEGACY
optimatika__ojAlgo,15,8,0.7640799992631889,0.8349511832810363,UNCHANGED_LEGACY
optimatika__ojAlgo,15,9,0.813947666318356,0.7588080778330539,UNCHANGED_LEGACY
optimatika__ojAlgo,15,10,0.878220199340889,0.92461376419218,UNCHANGED_LEGACY
optimatika__ojAlgo,15,11,0.8200999341893739,0.695931307298526,UNCHANGED_LEGACY
optimatika__ojAlgo,15,12,0.7562553586260483,0.8168083520351649,UNCHANGED_LEGACY
optimatika__ojAlgo,15,13,0.8931774642981539,0.8745768580396065,UNCHANGED_LEGACY
optimatika__ojAlgo,15,14,0.7853534306928703,0.7575044619043915,UNCHANGED_LEGACY
optimatika__ojAlgo,15,15,0.8214202284784181,0.8013353437479207,UNCHANGED_LEGACY
optimatika__ojAlgo,15,16,0.8496654207861105,0.8116336890200696,UNCHANGED_LEGACY
optimatika__ojAlgo,15,17,0.926008782285722,0.8764297908807861,UNCHANGED_LEGACY
optimatika__ojAlgo,15,18,0.8782809025265922,0.9316765884414236,UNCHANGED_LEGACY
optimatika__ojAlgo,15,19,0.8582549215631112,0.6854932174282365,UNCHANGED_LEGACY
optimatika__ojAlgo,15,20,0.8982067232336629,0.737711585206081,UNCHANGED_LEGACY
optimatika__ojAlgo,15,21,0.9300819660464056,0.881685245564874,UNCHANGED_LEGACY
optimatika__ojAlgo,15,22,0.902953712355652,0.8475689218697455,UNCHANGED_LEGACY
optimatika__ojAlgo,15,23,0.8096104236998634,0.7090240003756854,UNCHANGED_LEGACY
optimatika__ojAlgo,15,24,0.8565643378412775,0.7377165732484706,UNCHANGED_LEGACY
optimatika__ojAlgo,15,25,0.8943733170565067,0.8202534793105848,UNCHANGED_LEGACY
optimatika__ojAlgo,15,26,0.762404591337781,0.726299524477669,UNCHANGED_LEGACY
optimatika__ojAlgo,15,27,0.8222579324411221,0.7983734773406651,UNCHANGED_LEGACY
optimatika__ojAlgo,15,28,0.7684931208638105,0.6977624024278984,UNCHANGED_LEGACY
optimatika__ojAlgo,15,29,0.8417770418039815,0.9094889701438786,UNCHANGED_LEGACY
optimatika__ojAlgo,15,30,0.915264318416258,0.9418238567784856,UNCHANGED_LEGACY
optimatika__ojAlgo,20,1,0.8347870699702596,0.7436169073948172,UNCHANGED_LEGACY
optimatika__ojAlgo,20,2,0.8447636385405782,0.7916248982005814,UNCHANGED_LEGACY
optimatika__ojAlgo,20,3,0.8743655470487367,0.897870569282864,UNCHANGED_LEGACY
optimatika__ojAlgo,20,4,0.8196052032258929,0.8058088172256442,UNCHANGED_LEGACY
optimatika__ojAlgo,20,5,0.8091824662406559,0.6971245970740241,UNCHANGED_LEGACY
optimatika__ojAlgo,20,6,0.8484604625499023,0.8011282876386332,UNCHANGED_LEGACY
optimatika__ojAlgo,20,7,0.9066201847721244,0.9393881031857269,UNCHANGED_LEGACY
optimatika__ojAlgo,20,8,0.7549198885405782,0.714748190614591,UNCHANGED_LEGACY
optimatika__ojAlgo,20,9,0.837366955362645,0.7589245857344686,UNCHANGED_LEGACY
optimatika__ojAlgo,20,10,0.8777527848109745,0.8695043245494071,UNCHANGED_LEGACY
optimatika__ojAlgo,20,11,0.8139901585483482,0.6931490750712316,UNCHANGED_LEGACY
optimatika__ojAlgo,20,12,0.7349151536920934,0.8148760897758566,UNCHANGED_LEGACY
optimatika__ojAlgo,20,13,0.8849066552460949,0.8748368637102771,UNCHANGED_LEGACY
optimatika__ojAlgo,20,14,0.8043929848886745,0.7731873373597236,UNCHANGED_LEGACY
optimatika__ojAlgo,20,15,0.8317944029150925,0.8316496529093146,UNCHANGED_LEGACY
optimatika__ojAlgo,20,16,0.8726324710969108,0.8608159109702375,UNCHANGED_LEGACY
optimatika__ojAlgo,20,17,0.9129424215631112,0.8759430436357094,UNCHANGED_LEGACY
optimatika__ojAlgo,20,18,0.8634845010114407,0.9261390920025508,UNCHANGED_LEGACY
optimatika__ojAlgo,20,19,0.8165093407550305,0.6759383951280895,UNCHANGED_LEGACY
optimatika__ojAlgo,20,20,0.8942519106851003,0.7846130009064894,UNCHANGED_LEGACY
optimatika__ojAlgo,20,21,0.9196531587425985,0.849269933251901,UNCHANGED_LEGACY
optimatika__ojAlgo,20,22,0.8864120942515339,0.8465269270607136,UNCHANGED_LEGACY
optimatika__ojAlgo,20,23,0.8117168242437639,0.7377861755388484,UNCHANGED_LEGACY
optimatika__ojAlgo,20,24,0.8226585734667632,0.7368645895396936,UNCHANGED_LEGACY
optimatika__ojAlgo,20,25,0.8787058248265145,0.8190626997358437,UNCHANGED_LEGACY
optimatika__ojAlgo,20,26,0.8357218990300886,0.8703546382945317,UNCHANGED_LEGACY
optimatika__ojAlgo,20,27,0.8434676255258152,0.790157083220227,UNCHANGED_LEGACY
optimatika__ojAlgo,20,28,0.7927501138708035,0.7187288047858921,UNCHANGED_LEGACY
optimatika__ojAlgo,20,29,0.8334758811590708,0.8698645124292255,UNCHANGED_LEGACY
optimatika__ojAlgo,20,30,0.8900573205530102,0.8665408170961569,UNCHANGED_LEGACY
optimatika__ojAlgo,25,1,0.8169494388513785,0.6845195133431738,UNCHANGED_LEGACY
optimatika__ojAlgo,25,2,0.8542818980588377,0.8248702407851144,UNCHANGED_LEGACY
optimatika__ojAlgo,25,3,0.8678247787892185,0.8979109215526668,UNCHANGED_LEGACY
optimatika__ojAlgo,25,4,0.8226100109182006,0.7802208726192209,UNCHANGED_LEGACY
optimatika__ojAlgo,25,5,0.8238999536143933,0.7492323730075302,UNCHANGED_LEGACY
optimatika__ojAlgo,25,6,0.8280399108793506,0.8009683403530001,UNCHANGED_LEGACY
optimatika__ojAlgo,25,7,0.8961822719904616,0.8815736052104958,UNCHANGED_LEGACY
optimatika__ojAlgo,25,8,0.7852714813921711,0.7628441421023548,UNCHANGED_LEGACY
optimatika__ojAlgo,25,9,0.8091126575770973,0.7576036467913952,UNCHANGED_LEGACY
optimatika__ojAlgo,25,10,0.8620852925809822,0.8682286948896343,UNCHANGED_LEGACY
optimatika__ojAlgo,25,11,0.820464153303593,0.7094833377091325,UNCHANGED_LEGACY
optimatika__ojAlgo,25,12,0.8316578207472605,0.8597143585976073,UNCHANGED_LEGACY
optimatika__ojAlgo,25,13,0.9039887016718914,0.8924461588489605,UNCHANGED_LEGACY
optimatika__ojAlgo,25,14,0.8382076944846342,0.8268923408222216,UNCHANGED_LEGACY
optimatika__ojAlgo,25,15,0.8104906198925595,0.7703287322193961,UNCHANGED_LEGACY
optimatika__ojAlgo,25,16,0.8861996331015728,0.9002013483665419,UNCHANGED_LEGACY
optimatika__ojAlgo,25,17,0.8968439367146264,0.8752049816215035,UNCHANGED_LEGACY
optimatika__ojAlgo,25,18,0.8504090348109745,0.926115691060113,UNCHANGED_LEGACY
optimatika__ojAlgo,25,19,0.8475590202422099,0.6975207280985626,UNCHANGED_LEGACY
optimatika__ojAlgo,25,20,0.8785904887736784,0.7833339430374376,UNCHANGED_LEGACY
optimatika__ojAlgo,25,21,0.9087781830238728,0.8432335133874607,UNCHANGED_LEGACY
optimatika__ojAlgo,25,22,0.8755280130549528,0.8458742414621803,UNCHANGED_LEGACY
optimatika__ojAlgo,25,23,0.8127457432414329,0.7862541529317014,UNCHANGED_LEGACY
optimatika__ojAlgo,25,24,0.800037531314471,0.7536870624993001,UNCHANGED_LEGACY
optimatika__ojAlgo,25,25,0.8882271195040592,0.8146728454691585,UNCHANGED_LEGACY
optimatika__ojAlgo,25,26,0.8877688104520001,0.9277774832506124,UNCHANGED_LEGACY
optimatika__ojAlgo,25,27,0.8317185239329636,0.8004060948206909,UNCHANGED_LEGACY
optimatika__ojAlgo,25,28,0.771874288307478,0.7100798689051134,UNCHANGED_LEGACY
optimatika__ojAlgo,25,29,0.7830861667068564,0.8155762893732272,UNCHANGED_LEGACY
optimatika__ojAlgo,25,30,0.8830855596749994,0.8665345957520943,UNCHANGED_LEGACY
optimatika__ojAlgo,30,1,0.8290779353548751,0.708501002558763,UNCHANGED_LEGACY
optimatika__ojAlgo,30,2,0.8381864483696381,0.8231822869061678,UNCHANGED_LEGACY
optimatika__ojAlgo,30,3,0.8686685530704927,0.9003450508857531,UNCHANGED_LEGACY
optimatika__ojAlgo,30,4,0.8113040425809822,0.7778781284640268,UNCHANGED_LEGACY
optimatika__ojAlgo,30,5,0.8204884345778742,0.7703262202239293,UNCHANGED_LEGACY
optimatika__ojAlgo,30,6,0.8380104091310988,0.8518820125304933,UNCHANGED_LEGACY
optimatika__ojAlgo,30,7,0.8796740406384803,0.8761259751182727,UNCHANGED_LEGACY
optimatika__ojAlgo,30,8,0.806499385432575,0.7945963540022805,UNCHANGED_LEGACY
optimatika__ojAlgo,30,9,0.7930232782064679,0.7569562215749339,UNCHANGED_LEGACY
optimatika__ojAlgo,30,10,0.8442598020992418,0.80160585653742,UNCHANGED_LEGACY
optimatika__ojAlgo,30,11,0.8208769349663746,0.7098544545050444,UNCHANGED_LEGACY
optimatika__ojAlgo,30,12,0.8238301449508346,0.839860409151332,UNCHANGED_LEGACY
optimatika__ojAlgo,30,13,0.8874683296827693,0.8903303197266897,UNCHANGED_LEGACY
optimatika__ojAlgo,30,14,0.8694212725732122,0.8775391190768185,UNCHANGED_LEGACY
optimatika__ojAlgo,30,15,0.7935362201256598,0.7676947762911135,UNCHANGED_LEGACY
optimatika__ojAlgo,30,16,0.8840021777791175,0.8954285931504881,UNCHANGED_LEGACY
optimatika__ojAlgo,30,17,0.877704222262412,0.8746515404541793,UNCHANGED_LEGACY
optimatika__ojAlgo,30,18,0.8364988998070895,0.9259902672134904,UNCHANGED_LEGACY
optimatika__ojAlgo,30,19,0.8249652945234842,0.69708164434485,UNCHANGED_LEGACY
optimatika__ojAlgo,30,20,0.866844422340112,0.7827387002123839,UNCHANGED_LEGACY
optimatika__ojAlgo,30,21,0.9334843796050692,0.877005337293516,UNCHANGED_LEGACY
optimatika__ojAlgo,30,22,0.8764992640262037,0.8442640822963201,UNCHANGED_LEGACY
optimatika__ojAlgo,30,23,0.791444995378185,0.7859995310833259,UNCHANGED_LEGACY
optimatika__ojAlgo,30,24,0.7791859870254267,0.7511406054163866,UNCHANGED_LEGACY
optimatika__ojAlgo,30,25,0.8868795087814485,0.7873079564054349,UNCHANGED_LEGACY
optimatika__ojAlgo,30,26,0.8917327284784181,0.9296933880923562,UNCHANGED_LEGACY
optimatika__ojAlgo,30,27,0.8338643815475713,0.8050692755173191,UNCHANGED_LEGACY
optimatika__ojAlgo,30,28,0.7566256480588377,0.7084253742081614,UNCHANGED_LEGACY
optimatika__ojAlgo,30,29,0.7678557374139271,0.814278306325918,UNCHANGED_LEGACY
optimatika__ojAlgo,30,30,0.8639640561784958,0.8655474861101154,UNCHANGED_LEGACY
optimatika__ojAlgo,40,1,0.8056040134434531,0.7079627214208772,UNCHANGED_LEGACY
optimatika__ojAlgo,40,2,0.8077680820137717,0.8177325200872173,UNCHANGED_LEGACY
optimatika__ojAlgo,40,3,0.8722864629384026,0.901227482389749,UNCHANGED_LEGACY
optimatika__ojAlgo,40,4,0.8485909743991641,0.8362849248803208,UNCHANGED_LEGACY
optimatika__ojAlgo,40,5,0.845674186326126,0.7918811581837518,UNCHANGED_LEGACY
optimatika__ojAlgo,40,6,0.8284253761085658,0.8719530491270209,UNCHANGED_LEGACY
optimatika__ojAlgo,40,7,0.8496988075382472,0.7256674412537043,UNCHANGED_LEGACY
optimatika__ojAlgo,40,8,0.7978309705141602,0.746637663309448,UNCHANGED_LEGACY
optimatika__ojAlgo,40,9,0.8054006577713475,0.8125407582386943,UNCHANGED_LEGACY
optimatika__ojAlgo,40,10,0.833821889317579,0.7821196737041686,UNCHANGED_LEGACY
optimatika__ojAlgo,40,11,0.7856660520992418,0.7088033230435531,UNCHANGED_LEGACY
optimatika__ojAlgo,40,12,0.8051426692321089,0.8073996480060747,UNCHANGED_LEGACY
optimatika__ojAlgo,40,13,0.864862463326903,0.8622455571912004,UNCHANGED_LEGACY
optimatika__ojAlgo,40,14,0.8472463988358385,0.8773693445105183,UNCHANGED_LEGACY
optimatika__ojAlgo,40,15,0.7622224817806714,0.783699099069183,UNCHANGED_LEGACY
optimatika__ojAlgo,40,16,0.8679097632492029,0.9031906857423034,UNCHANGED_LEGACY
optimatika__ojAlgo,40,17,0.8433401488358385,0.8725418356534888,UNCHANGED_LEGACY
optimatika__ojAlgo,40,18,0.8399164891621789,0.8898137773078889,UNCHANGED_LEGACY
optimatika__ojAlgo,40,19,0.7884796447565845,0.6959466293550401,UNCHANGED_LEGACY
optimatika__ojAlgo,40,20,0.8459716319360716,0.781612663102941,UNCHANGED_LEGACY
optimatika__ojAlgo,40,21,0.9490820631715028,0.8773875878952362,UNCHANGED_LEGACY
optimatika__ojAlgo,40,22,0.8521390756035153,0.8355713467148468,UNCHANGED_LEGACY
optimatika__ojAlgo,40,23,0.7888074419593817,0.804944854181125,UNCHANGED_LEGACY
optimatika__ojAlgo,40,24,0.8035492106074003,0.8003751547199633,UNCHANGED_LEGACY
optimatika__ojAlgo,40,25,0.9156588891233288,0.8569642815285646,UNCHANGED_LEGACY
optimatika__ojAlgo,40,26,0.8743078790223187,0.9067362876516066,UNCHANGED_LEGACY
optimatika__ojAlgo,40,27,0.825287021407711,0.7654076674090302,UNCHANGED_LEGACY
optimatika__ojAlgo,40,28,0.777859622417812,0.7489231068842782,UNCHANGED_LEGACY
optimatika__ojAlgo,40,29,0.8295878421147818,0.915741896275692,UNCHANGED_LEGACY
optimatika__ojAlgo,40,30,0.907849424282614,0.9234885638306256,UNCHANGED_LEGACY
optimatika__ojAlgo,50,1,0.8077286249430646,0.7546191900079134,UNCHANGED_LEGACY
optimatika__ojAlgo,50,2,0.8052337240106637,0.8502168348309288,UNCHANGED_LEGACY
optimatika__ojAlgo,50,3,0.8705139299158696,0.880608409809489,UNCHANGED_LEGACY
optimatika__ojAlgo,50,4,0.8538478702810599,0.8635233836187493,UNCHANGED_LEGACY
optimatika__ojAlgo,50,5,0.8638244388513785,0.7987790168214239,UNCHANGED_LEGACY
optimatika__ojAlgo,50,6,0.8921758617340514,0.8872620654129362,UNCHANGED_LEGACY
optimatika__ojAlgo,50,7,0.8258060336454733,0.7235638436698084,UNCHANGED_LEGACY
optimatika__ojAlgo,50,8,0.8051608801878198,0.743900716793075,UNCHANGED_LEGACY
optimatika__ojAlgo,50,9,0.8761137987969885,0.8883654561766765,UNCHANGED_LEGACY
optimatika__ojAlgo,50,10,0.8355337191544088,0.8101684150182591,UNCHANGED_LEGACY
optimatika__ojAlgo,50,11,0.8233839765359162,0.7612639316933809,UNCHANGED_LEGACY
optimatika__ojAlgo,50,12,0.7956031635988533,0.7777435768729403,UNCHANGED_LEGACY
optimatika__ojAlgo,50,13,0.8661281247488144,0.8812785226228942,UNCHANGED_LEGACY
optimatika__ojAlgo,50,14,0.8711027508171905,0.8791589799300126,UNCHANGED_LEGACY
optimatika__ojAlgo,50,15,0.8016795524877421,0.7730947560945368,UNCHANGED_LEGACY
optimatika__ojAlgo,50,16,0.8635269932414329,0.9240127128934812,UNCHANGED_LEGACY
optimatika__ojAlgo,50,17,0.8246708840728237,0.852337215227001,UNCHANGED_LEGACY
optimatika__ojAlgo,50,18,0.8277940629772527,0.9014651401392376,UNCHANGED_LEGACY
optimatika__ojAlgo,50,19,0.8635391338785735,0.8015827869874352,UNCHANGED_LEGACY
optimatika__ojAlgo,50,20,0.8613659598303995,0.8045505025272216,UNCHANGED_LEGACY
optimatika__ojAlgo,50,21,0.9399401634046032,0.8770821216189241,UNCHANGED_LEGACY
optimatika__ojAlgo,50,22,0.8399620165514562,0.835405711714623,UNCHANGED_LEGACY
optimatika__ojAlgo,50,23,0.910423239356429,0.9306577613657132,UNCHANGED_LEGACY
optimatika__ojAlgo,50,24,0.7822575682220079,0.7381355796533571,UNCHANGED_LEGACY
optimatika__ojAlgo,50,25,0.9147513764970662,0.8560361775517552,UNCHANGED_LEGACY
optimatika__ojAlgo,50,26,0.8891315969710366,0.9080323492263136,UNCHANGED_LEGACY
optimatika__ojAlgo,50,27,0.810041416318356,0.7847248526484435,UNCHANGED_LEGACY
optimatika__ojAlgo,50,28,0.7730519301101197,0.7676363681754852,UNCHANGED_LEGACY
optimatika__ojAlgo,50,29,0.8525609627441524,0.9317092918160472,UNCHANGED_LEGACY
optimatika__ojAlgo,50,30,0.8834892358599256,0.8315407793325478,UNCHANGED_LEGACY
spring-cloud__spring-cloud-dataflow,0,1,0.8736647693246782,0.7549625592174842,UNCHANGED_LEGACY
spring-cloud__spring-cloud-dataflow,0,2,0.8736647693246782,0.7549625592174842,UNCHANGED_LEGACY
spring-cloud__spring-cloud-dataflow,0,3,0.8736647693246782,0.7549625592174842,UNCHANGED_LEGACY
spring-cloud__spring-cloud-dataflow,0,4,0.8736647693246782,0.7549625592174842,UNCHANGED_LEGACY
spring-cloud__spring-cloud-dataflow,0,5,0.8736647693246782,0.7549625592174842,UNCHANGED_LEGACY
spring-cloud__spring-cloud-dataflow,0,6,0.8736647693246782,0.7549625592174842,UNCHANGED_LEGACY
spring-cloud__spring-cloud-dataflow,0,7,0.8736647693246782,0.7549625592174842,UNCHANGED_LEGACY
spring-cloud__spring-cloud-dataflow,0,8,0.8736647693246782,0.7549625592174842,UNCHANGED_LEGACY
spring-cloud__spring-cloud-dataflow,0,9,0.8736647693246782,0.7549625592174842,UNCHANGED_LEGACY
spring-cloud__spring-cloud-dataflow,0,10,0.8736647693246782,0.7549625592174842,UNCHANGED_LEGACY
spring-cloud__spring-cloud-dataflow,0,11,0.8736647693246782,0.7549625592174842,UNCHANGED_LEGACY
spring-cloud__spring-cloud-dataflow,0,12,0.8736647693246782,0.7549625592174842,UNCHANGED_LEGACY
spring-cloud__spring-cloud-dataflow,0,13,0.8736647693246782,0.7549625592174842,UNCHANGED_LEGACY
spring-cloud__spring-cloud-dataflow,0,14,0.8736647693246782,0.7549625592174842,UNCHANGED_LEGACY
spring-cloud__spring-cloud-dataflow,0,15,0.8736647693246782,0.7549625592174842,UNCHANGED_LEGACY
spring-cloud__spring-cloud-dataflow,0,16,0.8736647693246782,0.7549625592174842,UNCHANGED_LEGACY
spring-cloud__spring-cloud-dataflow,0,17,0.8736647693246782,0.7549625592174842,UNCHANGED_LEGACY
spring-cloud__spring-cloud-dataflow,0,18,0.8736647693246782,0.7549625592174842,UNCHANGED_LEGACY
spring-cloud__spring-cloud-dataflow,0,19,0.8736647693246782,0.7549625592174842,UNCHANGED_LEGACY
spring-cloud__spring-cloud-dataflow,0,20,0.8736647693246782,0.7549625592174842,UNCHANGED_LEGACY
spring-cloud__spring-cloud-dataflow,0,21,0.8736647693246782,0.7549625592174842,UNCHANGED_LEGACY
spring-cloud__spring-cloud-dataflow,0,22,0.8736647693246782,0.7549625592174842,UNCHANGED_LEGACY
spring-cloud__spring-cloud-dataflow,0,23,0.8736647693246782,0.7549625592174842,UNCHANGED_LEGACY
spring-cloud__spring-cloud-dataflow,0,24,0.8736647693246782,0.7549625592174842,UNCHANGED_LEGACY
spring-cloud__spring-cloud-dataflow,0,25,0.8736647693246782,0.7549625592174842,UNCHANGED_LEGACY
spring-cloud__spring-cloud-dataflow,0,26,0.8736647693246782,0.7549625592174842,UNCHANGED_LEGACY
spring-cloud__spring-cloud-dataflow,0,27,0.8736647693246782,0.7549625592174842,UNCHANGED_LEGACY
spring-cloud__spring-cloud-dataflow,0,28,0.8736647693246782,0.7549625592174842,UNCHANGED_LEGACY
spring-cloud__spring-cloud-dataflow,0,29,0.8736647693246782,0.7549625592174842,UNCHANGED_LEGACY
spring-cloud__spring-cloud-dataflow,0,30,0.8736647693246782,0.7549625592174842,UNCHANGED_LEGACY
spring-cloud__spring-cloud-dataflow,5,1,0.8899035850906848,0.775662419461127,UNCHANGED_LEGACY
spring-cloud__spring-cloud-dataflow,5,2,0.9030947014070536,0.8011254157994407,UNCHANGED_LEGACY
spring-cloud__spring-cloud-dataflow,5,3,0.8596892573847179,0.7455012906365611,UNCHANGED_LEGACY
spring-cloud__spring-cloud-dataflow,5,4,0.8861781976081257,0.7820003400129948,UNCHANGED_LEGACY
spring-cloud__spring-cloud-dataflow,5,5,0.8595479691493234,0.7473422505313598,UNCHANGED_LEGACY
spring-cloud__spring-cloud-dataflow,5,6,0.8971342291772096,0.7830564695964624,UNCHANGED_LEGACY
spring-cloud__spring-cloud-dataflow,5,7,0.8562222909783261,0.7532374490093022,UNCHANGED_LEGACY
spring-cloud__spring-cloud-dataflow,5,8,0.8607352665615132,0.7494839065322977,UNCHANGED_LEGACY
spring-cloud__spring-cloud-dataflow,5,9,0.8478070092152143,0.7433913035756817,UNCHANGED_LEGACY
spring-cloud__spring-cloud-dataflow,5,10,0.8414022454126744,0.7362907175457527,UNCHANGED_LEGACY
spring-cloud__spring-cloud-dataflow,5,11,0.8666370229408047,0.7662706584338516,UNCHANGED_LEGACY
spring-cloud__spring-cloud-dataflow,5,12,0.8432782583517253,0.7312140734366517,UNCHANGED_LEGACY
spring-cloud__spring-cloud-dataflow,5,13,0.8725127587236898,0.7563307094610623,UNCHANGED_LEGACY
spring-cloud__spring-cloud-dataflow,5,14,0.874994874537495,0.7670637336060089,UNCHANGED_LEGACY
spring-cloud__spring-cloud-dataflow,5,15,0.8537821041990072,0.7480571958064192,UNCHANGED_LEGACY
spring-cloud__spring-cloud-dataflow,5,16,0.8562422176481811,0.7399156268511069,UNCHANGED_LEGACY
spring-cloud__spring-cloud-dataflow,5,17,0.8643237276912226,0.7613707803845592,UNCHANGED_LEGACY
spring-cloud__spring-cloud-dataflow,5,18,0.8657208112664331,0.7582214436773799,UNCHANGED_LEGACY
spring-cloud__spring-cloud-dataflow,5,19,0.842584702147989,0.7317409972627567,UNCHANGED_LEGACY
spring-cloud__spring-cloud-dataflow,5,20,0.8558730259591314,0.745116207488443,UNCHANGED_LEGACY
spring-cloud__spring-cloud-dataflow,5,21,0.8425530105967968,0.7323618576320703,UNCHANGED_LEGACY
spring-cloud__spring-cloud-dataflow,5,22,0.8591682579958024,0.7401694015726785,UNCHANGED_LEGACY
spring-cloud__spring-cloud-dataflow,5,23,0.8829002637266272,0.7798790757960854,UNCHANGED_LEGACY
spring-cloud__spring-cloud-dataflow,5,24,0.8583195729805579,0.753192321750071,UNCHANGED_LEGACY
spring-cloud__spring-cloud-dataflow,5,25,0.8778726177757117,0.7686221024970578,UNCHANGED_LEGACY
spring-cloud__spring-cloud-dataflow,5,26,0.8626951375695371,0.7419715725441834,UNCHANGED_LEGACY
spring-cloud__spring-cloud-dataflow,5,27,0.8558034157724171,0.7474280755526633,UNCHANGED_LEGACY
spring-cloud__spring-cloud-dataflow,5,28,0.8695511574165002,0.7680936326451274,UNCHANGED_LEGACY
spring-cloud__spring-cloud-dataflow,5,29,0.8715791112131952,0.7684526746596468,UNCHANGED_LEGACY
spring-cloud__spring-cloud-dataflow,5,30,0.844475244950476,0.7355366022686711,UNCHANGED_LEGACY
spring-cloud__spring-cloud-dataflow,10,1,0.8786655228101563,0.7644555173229826,UNCHANGED_LEGACY
spring-cloud__spring-cloud-dataflow,10,2,0.8974295170858695,0.8023430978950084,UNCHANGED_LEGACY
spring-cloud__spring-cloud-dataflow,10,3,0.8648383668380304,0.7576800698594295,UNCHANGED_LEGACY
spring-cloud__spring-cloud-dataflow,10,4,0.8822262793995277,0.7760925479293916,UNCHANGED_LEGACY
spring-cloud__spring-cloud-dataflow,10,5,0.8674869533729153,0.7660255195777801,UNCHANGED_LEGACY
spring-cloud__spring-cloud-dataflow,10,6,0.886752714840111,0.7701778093510363,UNCHANGED_LEGACY
spring-cloud__spring-cloud-dataflow,10,7,0.8528016869771511,0.739454511692522,UNCHANGED_LEGACY
spring-cloud__spring-cloud-dataflow,10,8,0.8841247613622006,0.7761788458279798,UNCHANGED_LEGACY
spring-cloud__spring-cloud-dataflow,10,9,0.8473698678952717,0.7408572768386121,UNCHANGED_LEGACY
spring-cloud__spring-cloud-dataflow,10,10,0.8452096492608526,0.7410592501189648,UNCHANGED_LEGACY
spring-cloud__spring-cloud-dataflow,10,11,0.8624972572784423,0.7635519046117787,UNCHANGED_LEGACY
spring-cloud__spring-cloud-dataflow,10,12,0.8728058468261395,0.7622186166530244,UNCHANGED_LEGACY
spring-cloud__spring-cloud-dataflow,10,13,0.8716160585802178,0.7539420512043741,UNCHANGED_LEGACY
spring-cloud__spring-cloud-dataflow,10,14,0.8743140466507847,0.7693745055941065,UNCHANGED_LEGACY
spring-cloud__spring-cloud-dataflow,10,15,0.8504918694954211,0.7444148614924017,UNCHANGED_LEGACY
spring-cloud__spring-cloud-dataflow,10,16,0.8481212694043849,0.734665014399227,UNCHANGED_LEGACY
spring-cloud__spring-cloud-dataflow,10,17,0.8560300816420171,0.7489753644852111,UNCHANGED_LEGACY
spring-cloud__spring-cloud-dataflow,10,18,0.8910679212257266,0.7850062879190719,UNCHANGED_LEGACY
spring-cloud__spring-cloud-dataflow,10,19,0.8654655008089167,0.753207901608616,UNCHANGED_LEGACY
spring-cloud__spring-cloud-dataflow,10,20,0.85875326003108,0.7443470901162711,UNCHANGED_LEGACY
spring-cloud__spring-cloud-dataflow,10,21,0.8472035381647806,0.7339633551345243,UNCHANGED_LEGACY
spring-cloud__spring-cloud-dataflow,10,22,0.8475398007185825,0.7369806342053017,UNCHANGED_LEGACY
spring-cloud__spring-cloud-dataflow,10,23,0.8950749990785992,0.7864423057176949,UNCHANGED_LEGACY
spring-cloud__spring-cloud-dataflow,10,24,0.854808468687125,0.7517567530740764,UNCHANGED_LEGACY
spring-cloud__spring-cloud-dataflow,10,25,0.8992671312712127,0.7927432438202858,UNCHANGED_LEGACY
spring-cloud__spring-cloud-dataflow,10,26,0.8554264696009947,0.7387391766566018,UNCHANGED_LEGACY
spring-cloud__spring-cloud-dataflow,10,27,0.8727347302024243,0.7403586360078945,UNCHANGED_LEGACY
spring-cloud__spring-cloud-dataflow,10,28,0.8636602024828575,0.7561407870155172,UNCHANGED_LEGACY
spring-cloud__spring-cloud-dataflow,10,29,0.9029035731089118,0.8019001462438118,UNCHANGED_LEGACY
spring-cloud__spring-cloud-dataflow,10,30,0.8480126439886819,0.735697398703302,UNCHANGED_LEGACY
spring-cloud__spring-cloud-dataflow,15,1,0.8779475429104594,0.7715530984506583,UNCHANGED_LEGACY
spring-cloud__spring-cloud-dataflow,15,2,0.8881285691821806,0.798526064730603,UNCHANGED_LEGACY
spring-cloud__spring-cloud-dataflow,15,3,0.8611910969672555,0.7543627390021891,UNCHANGED_LEGACY
spring-cloud__spring-cloud-dataflow,15,4,0.8872773634361387,0.787461593214241,UNCHANGED_LEGACY
spring-cloud__spring-cloud-dataflow,15,5,0.8659434667370687,0.7646625196641511,UNCHANGED_LEGACY
spring-cloud__spring-cloud-dataflow,15,6,0.8722396750675935,0.7633564393202008,UNCHANGED_LEGACY
spring-cloud__spring-cloud-dataflow,15,7,0.8761009924812528,0.7655689002364405,UNCHANGED_LEGACY
spring-cloud__spring-cloud-dataflow,15,8,0.8737319097490238,0.770341906206496,UNCHANGED_LEGACY
spring-cloud__spring-cloud-dataflow,15,9,0.8674987104214421,0.7601969002423755,UNCHANGED_LEGACY
spring-cloud__spring-cloud-dataflow,15,10,0.8378111994555074,0.727309160038155,UNCHANGED_LEGACY
spring-cloud__spring-cloud-dataflow,15,11,0.8588419587769279,0.7542378312932887,UNCHANGED_LEGACY
spring-cloud__spring-cloud-dataflow,15,12,0.8940255991774372,0.7759734656236773,UNCHANGED_LEGACY
spring-cloud__spring-cloud-dataflow,15,13,0.8674684052777044,0.7522236505188274,UNCHANGED_LEGACY
spring-cloud__spring-cloud-dataflow,15,14,0.8737602512843997,0.77001109647916,UNCHANGED_LEGACY
spring-cloud__spring-cloud-dataflow,15,15,0.8427459405516698,0.7392564966817105,UNCHANGED_LEGACY
spring-cloud__spring-cloud-dataflow,15,16,0.8525097033009787,0.738452347642359,UNCHANGED_LEGACY
spring-cloud__spring-cloud-dataflow,15,17,0.8689427332718128,0.7625718070209843,UNCHANGED_LEGACY
spring-cloud__spring-cloud-dataflow,15,18,0.8835644132430839,0.7827905672116622,UNCHANGED_LEGACY
spring-cloud__spring-cloud-dataflow,15,19,0.8668898425645892,0.7531190567988774,UNCHANGED_LEGACY
spring-cloud__spring-cloud-dataflow,15,20,0.8528909496853535,0.7433488183538806,UNCHANGED_LEGACY
spring-cloud__spring-cloud-dataflow,15,21,0.8473033125046437,0.7363223556540118,UNCHANGED_LEGACY
spring-cloud__spring-cloud-dataflow,15,22,0.8416249008833098,0.7311690215875335,UNCHANGED_LEGACY
spring-cloud__spring-cloud-dataflow,15,23,0.8913213595312176,0.7775951699305403,UNCHANGED_LEGACY
spring-cloud__spring-cloud-dataflow,15,24,0.8737151551467698,0.7764963971870332,UNCHANGED_LEGACY
spring-cloud__spring-cloud-dataflow,15,25,0.8960259835773551,0.7905184412638241,UNCHANGED_LEGACY
spring-cloud__spring-cloud-dataflow,15,26,0.8615613930825824,0.7494431855213343,UNCHANGED_LEGACY
spring-cloud__spring-cloud-dataflow,15,27,0.893767421911286,0.7622308144592755,UNCHANGED_LEGACY
spring-cloud__spring-cloud-dataflow,15,28,0.8922862319339141,0.779624810610274,UNCHANGED_LEGACY
spring-cloud__spring-cloud-dataflow,15,29,0.8990495114151442,0.8021909512223425,UNCHANGED_LEGACY
spring-cloud__spring-cloud-dataflow,15,30,0.8739069304791857,0.7600638809922668,UNCHANGED_LEGACY
spring-cloud__spring-cloud-dataflow,20,1,0.8993377588407186,0.7954911995810823,UNCHANGED_LEGACY
spring-cloud__spring-cloud-dataflow,20,2,0.8859647597006033,0.7969965831968062,UNCHANGED_LEGACY
spring-cloud__spring-cloud-dataflow,20,3,0.859068906627705,0.7476165317169625,UNCHANGED_LEGACY
spring-cloud__spring-cloud-dataflow,20,4,0.8807933438372273,0.7807449235240723,UNCHANGED_LEGACY
spring-cloud__spring-cloud-dataflow,20,5,0.8614347835340231,0.7509610040297047,UNCHANGED_LEGACY
spring-cloud__spring-cloud-dataflow,20,6,0.8652906628811067,0.7385796630920234,UNCHANGED_LEGACY
spring-cloud__spring-cloud-dataflow,20,7,0.9035227622932273,0.7893678220023801,UNCHANGED_LEGACY
spring-cloud__spring-cloud-dataflow,20,8,0.8727346642303023,0.7768616898008885,UNCHANGED_LEGACY
spring-cloud__spring-cloud-dataflow,20,9,0.8628221700898623,0.7589768795059995,UNCHANGED_LEGACY
spring-cloud__spring-cloud-dataflow,20,10,0.8588868407809643,0.7474635052393565,UNCHANGED_LEGACY
spring-cloud__spring-cloud-dataflow,20,11,0.8549292819559311,0.753341516635378,UNCHANGED_LEGACY
spring-cloud__spring-cloud-dataflow,20,12,0.8860752795532291,0.763460195928719,UNCHANGED_LEGACY
spring-cloud__spring-cloud-dataflow,20,13,0.873955366593396,0.7622964795383546,UNCHANGED_LEGACY
spring-cloud__spring-cloud-dataflow,20,14,0.8744240584739422,0.7707720493202131,UNCHANGED_LEGACY
spring-cloud__spring-cloud-dataflow,20,15,0.8374273290796229,0.7333929726264089,UNCHANGED_LEGACY
spring-cloud__spring-cloud-dataflow,20,16,0.8583920891399592,0.7504467421112986,UNCHANGED_LEGACY
spring-cloud__spring-cloud-dataflow,20,17,0.863290043386553,0.7483424291097416,UNCHANGED_LEGACY
spring-cloud__spring-cloud-dataflow,20,18,0.9023897551936704,0.803849979884825,UNCHANGED_LEGACY
spring-cloud__spring-cloud-dataflow,20,19,0.8545763276830014,0.7405640002456957,UNCHANGED_LEGACY
spring-cloud__spring-cloud-dataflow,20,20,0.8648857524730665,0.7616943882217634,UNCHANGED_LEGACY
spring-cloud__spring-cloud-dataflow,20,21,0.8425416686872254,0.73534916297233,UNCHANGED_LEGACY
spring-cloud__spring-cloud-dataflow,20,22,0.8370676464224929,0.7313341885716553,UNCHANGED_LEGACY
spring-cloud__spring-cloud-dataflow,20,23,0.8908655850583616,0.7732927745313544,UNCHANGED_LEGACY
spring-cloud__spring-cloud-dataflow,20,24,0.8652775676355223,0.7656861230842781,UNCHANGED_LEGACY
spring-cloud__spring-cloud-dataflow,20,25,0.9050430940380896,0.8002398869799933,UNCHANGED_LEGACY
spring-cloud__spring-cloud-dataflow,20,26,0.8556647593613433,0.7477178301996178,UNCHANGED_LEGACY
spring-cloud__spring-cloud-dataflow,20,27,0.8966550323946002,0.7662342062761298,UNCHANGED_LEGACY
spring-cloud__spring-cloud-dataflow,20,28,0.8867016248373253,0.7698411724490692,UNCHANGED_LEGACY
spring-cloud__spring-cloud-dataflow,20,29,0.8956608607575453,0.7977369502951241,UNCHANGED_LEGACY
spring-cloud__spring-cloud-dataflow,20,30,0.8765301006472836,0.7630583653292897,UNCHANGED_LEGACY
spring-cloud__spring-cloud-dataflow,25,1,0.8949149444221921,0.7897255637795795,UNCHANGED_LEGACY
spring-cloud__spring-cloud-dataflow,25,2,0.880305737484518,0.7907381061133182,UNCHANGED_LEGACY
spring-cloud__spring-cloud-dataflow,25,3,0.8546451859199097,0.7459901344794416,UNCHANGED_LEGACY
spring-cloud__spring-cloud-dataflow,25,4,0.8831371131324182,0.7902366636003029,UNCHANGED_LEGACY
spring-cloud__spring-cloud-dataflow,25,5,0.8588962088222956,0.7478634472822437,UNCHANGED_LEGACY
spring-cloud__spring-cloud-dataflow,25,6,0.86557862711197,0.7490727719847728,UNCHANGED_LEGACY
spring-cloud__spring-cloud-dataflow,25,7,0.899862090373404,0.7837458772924697,UNCHANGED_LEGACY
spring-cloud__spring-cloud-dataflow,25,8,0.8626790867066921,0.7644564270415486,UNCHANGED_LEGACY
spring-cloud__spring-cloud-dataflow,25,9,0.8585200850959731,0.7550502262120186,UNCHANGED_LEGACY
spring-cloud__spring-cloud-dataflow,25,10,0.8527596874473704,0.7428918762381889,UNCHANGED_LEGACY
spring-cloud__spring-cloud-dataflow,25,11,0.8658557392597198,0.7622982557299195,UNCHANGED_LEGACY
spring-cloud__spring-cloud-dataflow,25,12,0.8773018043598696,0.757909923687474,UNCHANGED_LEGACY
spring-cloud__spring-cloud-dataflow,25,13,0.8739791705044374,0.7640630841205153,UNCHANGED_LEGACY
spring-cloud__spring-cloud-dataflow,25,14,0.8751206616409543,0.7670788669156215,UNCHANGED_LEGACY
spring-cloud__spring-cloud-dataflow,25,15,0.8360475481827573,0.7310578329660996,UNCHANGED_LEGACY
spring-cloud__spring-cloud-dataflow,25,16,0.8567713866584247,0.7474287154333221,UNCHANGED_LEGACY
spring-cloud__spring-cloud-dataflow,25,17,0.8705211955025461,0.7606718900955161,UNCHANGED_LEGACY
spring-cloud__spring-cloud-dataflow,25,18,0.8988009549363637,0.7842842208340522,UNCHANGED_LEGACY
spring-cloud__spring-cloud-dataflow,25,19,0.8647336813259977,0.752392714407255,UNCHANGED_LEGACY
spring-cloud__spring-cloud-dataflow,25,20,0.8717449355619286,0.7654110259974386,UNCHANGED_LEGACY
spring-cloud__spring-cloud-dataflow,25,21,0.840827975079701,0.7326346389696006,UNCHANGED_LEGACY
spring-cloud__spring-cloud-dataflow,25,22,0.8758401462125117,0.7792768677755592,UNCHANGED_LEGACY
spring-cloud__spring-cloud-dataflow,25,23,0.883684421828515,0.7714479644570462,UNCHANGED_LEGACY
spring-cloud__spring-cloud-dataflow,25,24,0.8693540866629165,0.773855594936021,UNCHANGED_LEGACY
spring-cloud__spring-cloud-dataflow,25,25,0.8925660982522777,0.7924538396266736,UNCHANGED_LEGACY
spring-cloud__spring-cloud-dataflow,25,26,0.8826420381397581,0.7765650186898867,UNCHANGED_LEGACY
spring-cloud__spring-cloud-dataflow,25,27,0.8916476296252758,0.7622219128588577,UNCHANGED_LEGACY
spring-cloud__spring-cloud-dataflow,25,28,0.8825839375509523,0.7652681123647036,UNCHANGED_LEGACY
spring-cloud__spring-cloud-dataflow,25,29,0.8891480029568809,0.785642571884095,UNCHANGED_LEGACY
spring-cloud__spring-cloud-dataflow,25,30,0.8814532166391632,0.7650153807575352,UNCHANGED_LEGACY
spring-cloud__spring-cloud-dataflow,30,1,0.8910686293779867,0.7893508998492542,UNCHANGED_LEGACY
spring-cloud__spring-cloud-dataflow,30,2,0.8783833576170781,0.7901192197006509,UNCHANGED_LEGACY
spring-cloud__spring-cloud-dataflow,30,3,0.8616502588548398,0.7517992130114046,UNCHANGED_LEGACY
spring-cloud__spring-cloud-dataflow,30,4,0.8812155232756238,0.7836374215457679,UNCHANGED_LEGACY
spring-cloud__spring-cloud-dataflow,30,5,0.8769780420890195,0.7602524656831056,UNCHANGED_LEGACY
spring-cloud__spring-cloud-dataflow,30,6,0.8618580141135213,0.7471231895608822,UNCHANGED_LEGACY
spring-cloud__spring-cloud-dataflow,30,7,0.898965986626741,0.783624048188799,UNCHANGED_LEGACY
spring-cloud__spring-cloud-dataflow,30,8,0.8550733370488857,0.7583312275929666,UNCHANGED_LEGACY
spring-cloud__spring-cloud-dataflow,30,9,0.85157730120735,0.7460959781398808,UNCHANGED_LEGACY
spring-cloud__spring-cloud-dataflow,30,10,0.870715899313189,0.7699746907165073,UNCHANGED_LEGACY
spring-cloud__spring-cloud-dataflow,30,11,0.8653700266820058,0.7621776588834409,UNCHANGED_LEGACY
spring-cloud__spring-cloud-dataflow,30,12,0.8709061970024565,0.7567180260413494,UNCHANGED_LEGACY
spring-cloud__spring-cloud-dataflow,30,13,0.9029531916465404,0.7969463768347705,UNCHANGED_LEGACY
spring-cloud__spring-cloud-dataflow,30,14,0.8731519395570908,0.7614795563894649,UNCHANGED_LEGACY
spring-cloud__spring-cloud-dataflow,30,15,0.8337377307010271,0.7294969553108177,UNCHANGED_LEGACY
spring-cloud__spring-cloud-dataflow,30,16,0.8547774742560653,0.7430689944522347,UNCHANGED_LEGACY
spring-cloud__spring-cloud-dataflow,30,17,0.8630949547753052,0.7463171488646545,UNCHANGED_LEGACY
spring-cloud__spring-cloud-dataflow,30,18,0.8863011947968784,0.7695267234779778,UNCHANGED_LEGACY
spring-cloud__spring-cloud-dataflow,30,19,0.8504077529437024,0.7390662102064868,UNCHANGED_LEGACY
spring-cloud__spring-cloud-dataflow,30,20,0.8664667010143594,0.761736011761824,UNCHANGED_LEGACY
spring-cloud__spring-cloud-dataflow,30,21,0.8412024304173916,0.7336779051452452,UNCHANGED_LEGACY
spring-cloud__spring-cloud-dataflow,30,22,0.8805037119899812,0.7875635786157524,UNCHANGED_LEGACY
spring-cloud__spring-cloud-dataflow,30,23,0.8802289013646564,0.7692318988187027,UNCHANGED_LEGACY
spring-cloud__spring-cloud-dataflow,30,24,0.8614463217051416,0.763532539824317,UNCHANGED_LEGACY
spring-cloud__spring-cloud-dataflow,30,25,0.8907037401083144,0.790683006296958,UNCHANGED_LEGACY
spring-cloud__spring-cloud-dataflow,30,26,0.8781968588408923,0.7693766081414686,UNCHANGED_LEGACY
spring-cloud__spring-cloud-dataflow,30,27,0.8900777631869532,0.7610619182560455,UNCHANGED_LEGACY
spring-cloud__spring-cloud-dataflow,30,28,0.8728185946700312,0.7580699896029982,UNCHANGED_LEGACY
spring-cloud__spring-cloud-dataflow,30,29,0.8881995917018486,0.7870798689776568,UNCHANGED_LEGACY
spring-cloud__spring-cloud-dataflow,30,30,0.8784780970043022,0.7620232578049948,UNCHANGED_LEGACY
spring-cloud__spring-cloud-dataflow,40,1,0.8823900397475397,0.7840410182720582,UNCHANGED_LEGACY
spring-cloud__spring-cloud-dataflow,40,2,0.8744131732944465,0.773073838405612,UNCHANGED_LEGACY
spring-cloud__spring-cloud-dataflow,40,3,0.8517397583301481,0.7467700996373513,UNCHANGED_LEGACY
spring-cloud__spring-cloud-dataflow,40,4,0.8767548785889159,0.7777871125945607,UNCHANGED_LEGACY
spring-cloud__spring-cloud-dataflow,40,5,0.8878055384517006,0.769066189198813,UNCHANGED_LEGACY
spring-cloud__spring-cloud-dataflow,40,6,0.8448394495663194,0.7292326018589036,UNCHANGED_LEGACY
spring-cloud__spring-cloud-dataflow,40,7,0.8909354568168171,0.7704366626591446,UNCHANGED_LEGACY
spring-cloud__spring-cloud-dataflow,40,8,0.8310754798834247,0.7288029158680188,UNCHANGED_LEGACY
spring-cloud__spring-cloud-dataflow,40,9,0.8556644787040214,0.7501626798181897,UNCHANGED_LEGACY
spring-cloud__spring-cloud-dataflow,40,10,0.877396837863611,0.7714435330380416,UNCHANGED_LEGACY
spring-cloud__spring-cloud-dataflow,40,11,0.8657930532774678,0.7601514450971756,UNCHANGED_LEGACY
spring-cloud__spring-cloud-dataflow,40,12,0.8641567983646055,0.7518473315013551,UNCHANGED_LEGACY
spring-cloud__spring-cloud-dataflow,40,13,0.8988569058048177,0.7855054665012069,UNCHANGED_LEGACY
spring-cloud__spring-cloud-dataflow,40,14,0.8899293133357143,0.7798824937448179,UNCHANGED_LEGACY
spring-cloud__spring-cloud-dataflow,40,15,0.8641015656876474,0.7588086485008738,UNCHANGED_LEGACY
spring-cloud__spring-cloud-dataflow,40,16,0.8348625771152792,0.7215738787542042,UNCHANGED_LEGACY
spring-cloud__spring-cloud-dataflow,40,17,0.8554915504374698,0.736290507725969,UNCHANGED_LEGACY
spring-cloud__spring-cloud-dataflow,40,18,0.8739285364594785,0.7523863434349669,UNCHANGED_LEGACY
spring-cloud__spring-cloud-dataflow,40,19,0.8452502388847476,0.7320229071146146,UNCHANGED_LEGACY
spring-cloud__spring-cloud-dataflow,40,20,0.8700624826225484,0.7602925953966561,UNCHANGED_LEGACY
spring-cloud__spring-cloud-dataflow,40,21,0.8416279478465856,0.7347471396202482,UNCHANGED_LEGACY
spring-cloud__spring-cloud-dataflow,40,22,0.8730544293407407,0.7745134189059976,UNCHANGED_LEGACY
spring-cloud__spring-cloud-dataflow,40,23,0.8558869588741518,0.7532295834020262,UNCHANGED_LEGACY
spring-cloud__spring-cloud-dataflow,40,24,0.8765758504384641,0.775461875616685,UNCHANGED_LEGACY
spring-cloud__spring-cloud-dataflow,40,25,0.8838971732067472,0.787296985078399,UNCHANGED_LEGACY
spring-cloud__spring-cloud-dataflow,40,26,0.8526913982475951,0.7449301883406709,UNCHANGED_LEGACY
spring-cloud__spring-cloud-dataflow,40,27,0.8802293433116815,0.7475716530557668,UNCHANGED_LEGACY
spring-cloud__spring-cloud-dataflow,40,28,0.8638982934442696,0.7445551942686215,UNCHANGED_LEGACY
spring-cloud__spring-cloud-dataflow,40,29,0.880561018044969,0.7809589658967561,UNCHANGED_LEGACY
spring-cloud__spring-cloud-dataflow,40,30,0.8399992028338309,0.7175234549809226,UNCHANGED_LEGACY
spring-cloud__spring-cloud-dataflow,50,1,0.8720039186146674,0.7641427454733888,UNCHANGED_LEGACY
spring-cloud__spring-cloud-dataflow,50,2,0.875582878324625,0.7696185332261058,UNCHANGED_LEGACY
spring-cloud__spring-cloud-dataflow,50,3,0.8480434897066639,0.7390730849140319,UNCHANGED_LEGACY
spring-cloud__spring-cloud-dataflow,50,4,0.8701899952610594,0.7646557747839686,UNCHANGED_LEGACY
spring-cloud__spring-cloud-dataflow,50,5,0.8829201663464444,0.7671143200747342,UNCHANGED_LEGACY
spring-cloud__spring-cloud-dataflow,50,6,0.8381148462968021,0.72392528818214,UNCHANGED_LEGACY
spring-cloud__spring-cloud-dataflow,50,7,0.8863326533495391,0.7682578078659483,UNCHANGED_LEGACY
spring-cloud__spring-cloud-dataflow,50,8,0.8398275231834623,0.7357575583346123,UNCHANGED_LEGACY
spring-cloud__spring-cloud-dataflow,50,9,0.8506004155901276,0.7427342508090663,UNCHANGED_LEGACY
spring-cloud__spring-cloud-dataflow,50,10,0.8652155821933621,0.7563910116864967,UNCHANGED_LEGACY
spring-cloud__spring-cloud-dataflow,50,11,0.8646514211503623,0.7567784177095257,UNCHANGED_LEGACY
spring-cloud__spring-cloud-dataflow,50,12,0.859163648000712,0.7560551963224833,UNCHANGED_LEGACY
spring-cloud__spring-cloud-dataflow,50,13,0.8944180296016397,0.7740597458362032,UNCHANGED_LEGACY
spring-cloud__spring-cloud-dataflow,50,14,0.8838775417566225,0.7787177891940185,UNCHANGED_LEGACY
spring-cloud__spring-cloud-dataflow,50,15,0.8462822142025564,0.7506264009818631,UNCHANGED_LEGACY
spring-cloud__spring-cloud-dataflow,50,16,0.8428724561065034,0.727195132160885,UNCHANGED_LEGACY
spring-cloud__spring-cloud-dataflow,50,17,0.8447433834554503,0.7356739514731129,UNCHANGED_LEGACY
spring-cloud__spring-cloud-dataflow,50,18,0.869852665238607,0.7515055328000564,UNCHANGED_LEGACY
spring-cloud__spring-cloud-dataflow,50,19,0.8605382059574868,0.745189390683408,UNCHANGED_LEGACY
spring-cloud__spring-cloud-dataflow,50,20,0.834852868070889,0.7127026937876855,UNCHANGED_LEGACY
spring-cloud__spring-cloud-dataflow,50,21,0.827860361391033,0.7215199249229385,UNCHANGED_LEGACY
spring-cloud__spring-cloud-dataflow,50,22,0.8770211054468487,0.7745431868333702,UNCHANGED_LEGACY
spring-cloud__spring-cloud-dataflow,50,23,0.8412762137269498,0.7212152545488713,UNCHANGED_LEGACY
spring-cloud__spring-cloud-dataflow,50,24,0.8685963827200434,0.7597317310166539,UNCHANGED_LEGACY
spring-cloud__spring-cloud-dataflow,50,25,0.860788269535196,0.7621942419939172,UNCHANGED_LEGACY
spring-cloud__spring-cloud-dataflow,50,26,0.8423469197551812,0.7294808301442698,UNCHANGED_LEGACY
spring-cloud__spring-cloud-dataflow,50,27,0.8716014162994035,0.7429058357686662,UNCHANGED_LEGACY
spring-cloud__spring-cloud-dataflow,50,28,0.8565312609314285,0.7394527269622354,UNCHANGED_LEGACY
spring-cloud__spring-cloud-dataflow,50,29,0.8710452743995134,0.7741898271544027,UNCHANGED_LEGACY
spring-cloud__spring-cloud-dataflow,50,30,0.8545943828627586,0.7261344395068267,UNCHANGED_LEGACY
thinkaurelius__titan,0,1,0.7654046345811052,0.7426481743735092,UNCHANGED_LEGACY
thinkaurelius__titan,0,2,0.7654046345811052,0.7426481743735092,UNCHANGED_LEGACY
thinkaurelius__titan,0,3,0.7654046345811052,0.7426481743735092,UNCHANGED_LEGACY
thinkaurelius__titan,0,4,0.7654046345811052,0.7426481743735092,UNCHANGED_LEGACY
thinkaurelius__titan,0,5,0.7654046345811052,0.7426481743735092,UNCHANGED_LEGACY
thinkaurelius__titan,0,6,0.7654046345811052,0.7426481743735092,UNCHANGED_LEGACY
thinkaurelius__titan,0,7,0.7654046345811052,0.7426481743735092,UNCHANGED_LEGACY
thinkaurelius__titan,0,8,0.7654046345811052,0.7426481743735092,UNCHANGED_LEGACY
thinkaurelius__titan,0,9,0.7654046345811052,0.7426481743735092,UNCHANGED_LEGACY
thinkaurelius__titan,0,10,0.7654046345811052,0.7426481743735092,UNCHANGED_LEGACY
thinkaurelius__titan,0,11,0.7654046345811052,0.7426481743735092,UNCHANGED_LEGACY
thinkaurelius__titan,0,12,0.7654046345811052,0.7426481743735092,UNCHANGED_LEGACY
thinkaurelius__titan,0,13,0.7654046345811052,0.7426481743735092,UNCHANGED_LEGACY
thinkaurelius__titan,0,14,0.7654046345811052,0.7426481743735092,UNCHANGED_LEGACY
thinkaurelius__titan,0,15,0.7654046345811052,0.7426481743735092,UNCHANGED_LEGACY
thinkaurelius__titan,0,16,0.7654046345811052,0.7426481743735092,UNCHANGED_LEGACY
thinkaurelius__titan,0,17,0.7654046345811052,0.7426481743735092,UNCHANGED_LEGACY
thinkaurelius__titan,0,18,0.7654046345811052,0.7426481743735092,UNCHANGED_LEGACY
thinkaurelius__titan,0,19,0.7654046345811052,0.7426481743735092,UNCHANGED_LEGACY
thinkaurelius__titan,0,20,0.7654046345811052,0.7426481743735092,UNCHANGED_LEGACY
thinkaurelius__titan,0,21,0.7654046345811052,0.7426481743735092,UNCHANGED_LEGACY
thinkaurelius__titan,0,22,0.7654046345811052,0.7426481743735092,UNCHANGED_LEGACY
thinkaurelius__titan,0,23,0.7654046345811052,0.7426481743735092,UNCHANGED_LEGACY
thinkaurelius__titan,0,24,0.7654046345811052,0.7426481743735092,UNCHANGED_LEGACY
thinkaurelius__titan,0,25,0.7654046345811052,0.7426481743735092,UNCHANGED_LEGACY
thinkaurelius__titan,0,26,0.7654046345811052,0.7426481743735092,UNCHANGED_LEGACY
thinkaurelius__titan,0,27,0.7654046345811052,0.7426481743735092,UNCHANGED_LEGACY
thinkaurelius__titan,0,28,0.7654046345811052,0.7426481743735092,UNCHANGED_LEGACY
thinkaurelius__titan,0,29,0.7654046345811052,0.7426481743735092,UNCHANGED_LEGACY
thinkaurelius__titan,0,30,0.7654046345811052,0.7426481743735092,UNCHANGED_LEGACY
thinkaurelius__titan,5,1,0.7313475935828877,0.7685717874299425,UNCHANGED_LEGACY
thinkaurelius__titan,5,2,0.7788805704099822,0.8435992818325462,UNCHANGED_LEGACY
thinkaurelius__titan,5,3,0.800939393939394,0.7877664621618183,UNCHANGED_LEGACY
thinkaurelius__titan,5,4,0.7595864527629234,0.8110148224435318,UNCHANGED_LEGACY
thinkaurelius__titan,5,5,0.8028502673796792,0.8104906921104208,UNCHANGED_LEGACY
thinkaurelius__titan,5,6,0.7339429590017825,0.7903192036390689,UNCHANGED_LEGACY
thinkaurelius__titan,5,7,0.8028716577540107,0.8341094157120953,UNCHANGED_LEGACY
thinkaurelius__titan,5,8,0.8049197860962567,0.8104839501494103,UNCHANGED_LEGACY
thinkaurelius__titan,5,9,0.7580695187165776,0.7789823421545129,UNCHANGED_LEGACY
thinkaurelius__titan,5,10,0.7490338680926916,0.7616210454477967,UNCHANGED_LEGACY
thinkaurelius__titan,5,11,0.7764491978609626,0.7831978218048161,UNCHANGED_LEGACY
thinkaurelius__titan,5,12,0.7963101604278074,0.8169372690763097,UNCHANGED_LEGACY
thinkaurelius__titan,5,13,0.7521051693404635,0.766528236272771,UNCHANGED_LEGACY
thinkaurelius__titan,5,14,0.7509162210338681,0.7739625072067288,UNCHANGED_LEGACY
thinkaurelius__titan,5,15,0.7547504456327986,0.7814830635867333,UNCHANGED_LEGACY
thinkaurelius__titan,5,16,0.8295311942959002,0.8301888572521472,UNCHANGED_LEGACY
thinkaurelius__titan,5,17,0.7680641711229946,0.7677236581795828,UNCHANGED_LEGACY
thinkaurelius__titan,5,18,0.7172941176470589,0.7678843312256572,UNCHANGED_LEGACY
thinkaurelius__titan,5,19,0.7658484848484848,0.8350294978162532,UNCHANGED_LEGACY
thinkaurelius__titan,5,20,0.6878217468805705,0.7374698870721621,UNCHANGED_LEGACY
thinkaurelius__titan,5,21,0.8036488413547238,0.8358336077992414,UNCHANGED_LEGACY
thinkaurelius__titan,5,22,0.7440748663101605,0.7746119093401649,UNCHANGED_LEGACY
thinkaurelius__titan,5,23,0.7592798573975045,0.7803802186629883,UNCHANGED_LEGACY
thinkaurelius__titan,5,24,0.7240374331550802,0.7774158652190643,UNCHANGED_LEGACY
thinkaurelius__titan,5,25,0.7734901960784314,0.7883941674594663,UNCHANGED_LEGACY
thinkaurelius__titan,5,26,0.7356488413547237,0.7566090128224982,UNCHANGED_LEGACY
thinkaurelius__titan,5,27,0.8207950089126561,0.8284400859046832,UNCHANGED_LEGACY
thinkaurelius__titan,5,28,0.7275525846702318,0.7799771647407299,UNCHANGED_LEGACY
thinkaurelius__titan,5,29,0.6891889483065954,0.7380794461089185,UNCHANGED_LEGACY
thinkaurelius__titan,5,30,0.8067878787878788,0.8347505699264841,UNCHANGED_LEGACY
thinkaurelius__titan,10,1,0.7185151515151516,0.7478563011118967,UNCHANGED_LEGACY
thinkaurelius__titan,10,2,0.7626060606060606,0.8255152152200473,UNCHANGED_LEGACY
thinkaurelius__titan,10,3,0.8037254901960784,0.7972259072524467,UNCHANGED_LEGACY
thinkaurelius__titan,10,4,0.7137450980392157,0.766293305796127,UNCHANGED_LEGACY
thinkaurelius__titan,10,5,0.7485971479500891,0.7668658170313958,UNCHANGED_LEGACY
thinkaurelius__titan,10,6,0.7115668449197862,0.7630331630875984,UNCHANGED_LEGACY
thinkaurelius__titan,10,7,0.7622941176470588,0.7704370937998888,UNCHANGED_LEGACY
thinkaurelius__titan,10,8,0.8285062388591801,0.8340977165070551,UNCHANGED_LEGACY
thinkaurelius__titan,10,9,0.7174723707664884,0.7376069404897825,UNCHANGED_LEGACY
thinkaurelius__titan,10,10,0.7206470588235294,0.7212320192534769,UNCHANGED_LEGACY
thinkaurelius__titan,10,11,0.7446060606060606,0.7766412504764959,UNCHANGED_LEGACY
thinkaurelius__titan,10,12,0.7803529411764706,0.7982530386236882,UNCHANGED_LEGACY
thinkaurelius__titan,10,13,0.7364028520499108,0.7609443292128282,UNCHANGED_LEGACY
thinkaurelius__titan,10,14,0.7162495543672015,0.7508472998833202,UNCHANGED_LEGACY
thinkaurelius__titan,10,15,0.7215347593582888,0.7412485886259725,UNCHANGED_LEGACY
thinkaurelius__titan,10,16,0.7988270944741533,0.7869310313147728,UNCHANGED_LEGACY
thinkaurelius__titan,10,17,0.7277450980392157,0.7487860148535753,UNCHANGED_LEGACY
thinkaurelius__titan,10,18,0.7707415329768271,0.8189072597092052,UNCHANGED_LEGACY
thinkaurelius__titan,10,19,0.7285204991087344,0.78414593455843,UNCHANGED_LEGACY
thinkaurelius__titan,10,20,0.7244349376114082,0.7944923469663568,UNCHANGED_LEGACY
thinkaurelius__titan,10,21,0.7901212121212121,0.8262012025309581,UNCHANGED_LEGACY
thinkaurelius__titan,10,22,0.7364135472370766,0.736145996034524,UNCHANGED_LEGACY
thinkaurelius__titan,10,23,0.7050160427807487,0.7558827709791707,UNCHANGED_LEGACY
thinkaurelius__titan,10,24,0.7492156862745099,0.780690725615721,UNCHANGED_LEGACY
thinkaurelius__titan,10,25,0.761235294117647,0.7661225747277576,UNCHANGED_LEGACY
thinkaurelius__titan,10,26,0.7000748663101605,0.7240655459226507,UNCHANGED_LEGACY
thinkaurelius__titan,10,27,0.7674563279857398,0.7981215606505245,UNCHANGED_LEGACY
thinkaurelius__titan,10,28,0.7101158645276293,0.7634575902004602,UNCHANGED_LEGACY
thinkaurelius__titan,10,29,0.7333778966131907,0.7613466298172676,UNCHANGED_LEGACY
thinkaurelius__titan,10,30,0.8205686274509805,0.8414012834068455,UNCHANGED_LEGACY
thinkaurelius__titan,15,1,0.7411586452762924,0.7941141768459975,UNCHANGED_LEGACY
thinkaurelius__titan,15,2,0.7483903743315509,0.8089768028646256,UNCHANGED_LEGACY
thinkaurelius__titan,15,3,0.7817843137254903,0.7933909313718537,UNCHANGED_LEGACY
thinkaurelius__titan,15,4,0.6967932263814618,0.7642308059275302,UNCHANGED_LEGACY
thinkaurelius__titan,15,5,0.7163137254901961,0.7437509384030151,UNCHANGED_LEGACY
thinkaurelius__titan,15,6,0.7124884135472371,0.7785073514074752,UNCHANGED_LEGACY
thinkaurelius__titan,15,7,0.7804848484848484,0.762903682406756,UNCHANGED_LEGACY
thinkaurelius__titan,15,8,0.7948680926916222,0.8251688060478374,UNCHANGED_LEGACY
thinkaurelius__titan,15,9,0.7158342245989304,0.7369534173480498,UNCHANGED_LEGACY
thinkaurelius__titan,15,10,0.6943244206773619,0.7081402318258674,UNCHANGED_LEGACY
thinkaurelius__titan,15,11,0.7440766488413548,0.7613398490700465,UNCHANGED_LEGACY
thinkaurelius__titan,15,12,0.8101176470588236,0.8256974930433675,UNCHANGED_LEGACY
thinkaurelius__titan,15,13,0.6708110516934046,0.6967399578770596,UNCHANGED_LEGACY
thinkaurelius__titan,15,14,0.7121836007130125,0.7345353256159617,UNCHANGED_LEGACY
thinkaurelius__titan,15,15,0.7065436720142603,0.7273767845979126,UNCHANGED_LEGACY
thinkaurelius__titan,15,16,0.761873440285205,0.7621960623504538,UNCHANGED_LEGACY
thinkaurelius__titan,15,17,0.7121853832442068,0.7434865542324116,UNCHANGED_LEGACY
thinkaurelius__titan,15,18,0.7550249554367202,0.8057168322439189,UNCHANGED_LEGACY
thinkaurelius__titan,15,19,0.7358627450980393,0.780482541097558,UNCHANGED_LEGACY
thinkaurelius__titan,15,20,0.7365775401069519,0.7810219175743028,UNCHANGED_LEGACY
thinkaurelius__titan,15,21,0.78724064171123,0.8292412254099102,UNCHANGED_LEGACY
thinkaurelius__titan,15,22,0.6885026737967915,0.7172286750598822,UNCHANGED_LEGACY
thinkaurelius__titan,15,23,0.6915151515151516,0.7298874359533994,UNCHANGED_LEGACY
thinkaurelius__titan,15,24,0.7374171122994653,0.7718037269427287,UNCHANGED_LEGACY
thinkaurelius__titan,15,25,0.7460053475935828,0.7740634377866001,UNCHANGED_LEGACY
thinkaurelius__titan,15,26,0.6800409982174689,0.7163015909992471,UNCHANGED_LEGACY
thinkaurelius__titan,15,27,0.756270944741533,0.7892982249008157,UNCHANGED_LEGACY
thinkaurelius__titan,15,28,0.7125561497326204,0.7497531616657425,UNCHANGED_LEGACY
thinkaurelius__titan,15,29,0.7789893048128342,0.7954486864081194,UNCHANGED_LEGACY
thinkaurelius__titan,15,30,0.7764420677361854,0.8013739418011967,UNCHANGED_LEGACY
thinkaurelius__titan,20,1,0.7257130124777185,0.7820787361855535,UNCHANGED_LEGACY
thinkaurelius__titan,20,2,0.7294491978609626,0.7830999247104873,UNCHANGED_LEGACY
thinkaurelius__titan,20,3,0.7774901960784314,0.7789088104257741,UNCHANGED_LEGACY
thinkaurelius__titan,20,4,0.657235294117647,0.7246308481103174,UNCHANGED_LEGACY
thinkaurelius__titan,20,5,0.7024331550802139,0.7278666144865928,UNCHANGED_LEGACY
thinkaurelius__titan,20,6,0.7281942959001783,0.8173298462356746,UNCHANGED_LEGACY
thinkaurelius__titan,20,7,0.7790392156862745,0.7751729982958897,UNCHANGED_LEGACY
thinkaurelius__titan,20,8,0.8019893048128341,0.823910921000716,UNCHANGED_LEGACY
thinkaurelius__titan,20,9,0.7316613190730837,0.7466854266214439,UNCHANGED_LEGACY
thinkaurelius__titan,20,10,0.7064723707664885,0.7177805899928911,UNCHANGED_LEGACY
thinkaurelius__titan,20,11,0.7462923351158646,0.7660777249898068,UNCHANGED_LEGACY
thinkaurelius__titan,20,12,0.7673565062388592,0.8131453683667509,UNCHANGED_LEGACY
thinkaurelius__titan,20,13,0.7275187165775401,0.7296081455243878,UNCHANGED_LEGACY
thinkaurelius__titan,20,14,0.7122834224598931,0.7272744259584549,UNCHANGED_LEGACY
thinkaurelius__titan,20,15,0.7737932263814618,0.7479387112888901,UNCHANGED_LEGACY
thinkaurelius__titan,20,16,0.712982174688057,0.7403789777286438,UNCHANGED_LEGACY
thinkaurelius__titan,20,17,0.7178110516934046,0.7281584382511744,UNCHANGED_LEGACY
thinkaurelius__titan,20,18,0.7883458110516934,0.8016678240541006,UNCHANGED_LEGACY
thinkaurelius__titan,20,19,0.7319019607843138,0.7765667556944713,UNCHANGED_LEGACY
thinkaurelius__titan,20,20,0.7286363636363637,0.7806197966768342,UNCHANGED_LEGACY
thinkaurelius__titan,20,21,0.7661069518716578,0.7991876187109234,UNCHANGED_LEGACY
thinkaurelius__titan,20,22,0.671782531194296,0.7020607263676646,UNCHANGED_LEGACY
thinkaurelius__titan,20,23,0.7350089126559716,0.7447437817700987,UNCHANGED_LEGACY
thinkaurelius__titan,20,24,0.7227094474153298,0.7359944035281314,UNCHANGED_LEGACY
thinkaurelius__titan,20,25,0.7311853832442068,0.7592851227356319,UNCHANGED_LEGACY
thinkaurelius__titan,20,26,0.7116844919786096,0.7701786118501764,UNCHANGED_LEGACY
thinkaurelius__titan,20,27,0.7594705882352941,0.7894974679682418,UNCHANGED_LEGACY
thinkaurelius__titan,20,28,0.754716577540107,0.7709160527107823,UNCHANGED_LEGACY
thinkaurelius__titan,20,29,0.7677397504456328,0.788560299020612,UNCHANGED_LEGACY
thinkaurelius__titan,20,30,0.8013529411764706,0.8383414183152004,UNCHANGED_LEGACY
thinkaurelius__titan,25,1,0.7803262032085562,0.8125615915379916,UNCHANGED_LEGACY
thinkaurelius__titan,25,2,0.751686274509804,0.7850764314881888,UNCHANGED_LEGACY
thinkaurelius__titan,25,3,0.8205490196078431,0.8390853303763066,UNCHANGED_LEGACY
thinkaurelius__titan,25,4,0.6898680926916221,0.7329925605913701,UNCHANGED_LEGACY
thinkaurelius__titan,25,5,0.6921604278074867,0.7087868548042844,UNCHANGED_LEGACY
thinkaurelius__titan,25,6,0.7632923351158645,0.8302376847926369,UNCHANGED_LEGACY
thinkaurelius__titan,25,7,0.7785329768270944,0.7951607260136013,UNCHANGED_LEGACY
thinkaurelius__titan,25,8,0.8018573975044564,0.8155724603685611,UNCHANGED_LEGACY
thinkaurelius__titan,25,9,0.7225080213903744,0.7364785552432919,UNCHANGED_LEGACY
thinkaurelius__titan,25,10,0.7369251336898396,0.7632613711203298,UNCHANGED_LEGACY
thinkaurelius__titan,25,11,0.7439269162210339,0.7722004085841221,UNCHANGED_LEGACY
thinkaurelius__titan,25,12,0.741415329768271,0.8059661338502588,UNCHANGED_LEGACY
thinkaurelius__titan,25,13,0.7611639928698752,0.7764400697966067,UNCHANGED_LEGACY
thinkaurelius__titan,25,14,0.8095935828877006,0.8392872557931137,UNCHANGED_LEGACY
thinkaurelius__titan,25,15,0.7612263814616755,0.7390039873003121,UNCHANGED_LEGACY
thinkaurelius__titan,25,16,0.7114955436720143,0.7472430412860158,UNCHANGED_LEGACY
thinkaurelius__titan,25,17,0.7126880570409982,0.7346855484107231,UNCHANGED_LEGACY
thinkaurelius__titan,25,18,0.77150623885918,0.7922712379685155,UNCHANGED_LEGACY
thinkaurelius__titan,25,19,0.7376078431372549,0.7924991290055703,UNCHANGED_LEGACY
thinkaurelius__titan,25,20,0.7211853832442068,0.7855134266658328,UNCHANGED_LEGACY
thinkaurelius__titan,25,21,0.7527201426024955,0.7955652913722431,UNCHANGED_LEGACY
thinkaurelius__titan,25,22,0.7427094474153298,0.7717525436046392,UNCHANGED_LEGACY
thinkaurelius__titan,25,23,0.7333903743315509,0.7541547083920775,UNCHANGED_LEGACY
thinkaurelius__titan,25,24,0.709475935828877,0.7347833417693919,UNCHANGED_LEGACY
thinkaurelius__titan,25,25,0.7027504456327985,0.7402704641337272,UNCHANGED_LEGACY
thinkaurelius__titan,25,26,0.7021586452762923,0.7621779044436496,UNCHANGED_LEGACY
thinkaurelius__titan,25,27,0.749427807486631,0.7676906484904206,UNCHANGED_LEGACY
thinkaurelius__titan,25,28,0.7393315508021391,0.7444883567939782,UNCHANGED_LEGACY
thinkaurelius__titan,25,29,0.7827397504456328,0.7926142284063283,UNCHANGED_LEGACY
thinkaurelius__titan,25,30,0.7848449197860963,0.8273480146136537,UNCHANGED_LEGACY
thinkaurelius__titan,30,1,0.772729055258467,0.8080350787741291,UNCHANGED_LEGACY
thinkaurelius__titan,30,2,0.7964527629233512,0.8005879582750494,UNCHANGED_LEGACY
thinkaurelius__titan,30,3,0.8021426024955437,0.8287323370753944,UNCHANGED_LEGACY
thinkaurelius__titan,30,4,0.6866149732620321,0.7315207398923826,UNCHANGED_LEGACY
thinkaurelius__titan,30,5,0.674048128342246,0.6941483870976806,UNCHANGED_LEGACY
thinkaurelius__titan,30,6,0.7523725490196079,0.8267278064926001,UNCHANGED_LEGACY
thinkaurelius__titan,30,7,0.7555008912655972,0.7855791072733886,UNCHANGED_LEGACY
thinkaurelius__titan,30,8,0.7785133689839572,0.7874917784180824,UNCHANGED_LEGACY
thinkaurelius__titan,30,9,0.7028591800356507,0.7272690202819502,UNCHANGED_LEGACY
thinkaurelius__titan,30,10,0.7868003565062389,0.8228805324867012,UNCHANGED_LEGACY
thinkaurelius__titan,30,11,0.7346541889483066,0.7604267803004008,UNCHANGED_LEGACY
thinkaurelius__titan,30,12,0.7308877005347594,0.7652035947710145,UNCHANGED_LEGACY
thinkaurelius__titan,30,13,0.75522816399287,0.7809503209056176,UNCHANGED_LEGACY
thinkaurelius__titan,30,14,0.8049857397504457,0.8368577887771294,UNCHANGED_LEGACY
thinkaurelius__titan,30,15,0.7438609625668449,0.7372201052556817,UNCHANGED_LEGACY
thinkaurelius__titan,30,16,0.6898770053475937,0.7117207072247443,UNCHANGED_LEGACY
thinkaurelius__titan,30,17,0.7127682709447416,0.7338360014795413,UNCHANGED_LEGACY
thinkaurelius__titan,30,18,0.7672335115864528,0.7757767660831407,UNCHANGED_LEGACY
thinkaurelius__titan,30,19,0.7753743315508022,0.8126017109765489,UNCHANGED_LEGACY
thinkaurelius__titan,30,20,0.7741461675579323,0.8192066626270439,UNCHANGED_LEGACY
thinkaurelius__titan,30,21,0.7312121212121212,0.7858299452861969,UNCHANGED_LEGACY
thinkaurelius__titan,30,22,0.7324955436720143,0.7639165269739021,UNCHANGED_LEGACY
thinkaurelius__titan,30,23,0.7245311942959003,0.750329649460767,UNCHANGED_LEGACY
thinkaurelius__titan,30,24,0.6900463458110517,0.7021928061605228,UNCHANGED_LEGACY
thinkaurelius__titan,30,25,0.6883440285204991,0.7308679344050418,UNCHANGED_LEGACY
thinkaurelius__titan,30,26,0.7006524064171124,0.7632731620846767,UNCHANGED_LEGACY
thinkaurelius__titan,30,27,0.7577611408199644,0.7722568103927976,UNCHANGED_LEGACY
thinkaurelius__titan,30,28,0.7363511586452762,0.7399120727500924,UNCHANGED_LEGACY
thinkaurelius__titan,30,29,0.7636060606060606,0.7801071414015027,UNCHANGED_LEGACY
thinkaurelius__titan,30,30,0.7709839572192514,0.7988431433347534,UNCHANGED_LEGACY
thinkaurelius__titan,40,1,0.7454313725490197,0.7623650052002965,UNCHANGED_LEGACY
thinkaurelius__titan,40,2,0.7683386809269163,0.7871664634242592,UNCHANGED_LEGACY
thinkaurelius__titan,40,3,0.791969696969697,0.8053755048812841,UNCHANGED_LEGACY
thinkaurelius__titan,40,4,0.7501497326203209,0.7699748691113861,UNCHANGED_LEGACY
thinkaurelius__titan,40,5,0.7191069518716577,0.724845130123395,UNCHANGED_LEGACY
thinkaurelius__titan,40,6,0.7461782531194296,0.8141068092512407,UNCHANGED_LEGACY
thinkaurelius__titan,40,7,0.812650623885918,0.8545964267927966,UNCHANGED_LEGACY
thinkaurelius__titan,40,8,0.7562299465240642,0.7559364124511577,UNCHANGED_LEGACY
thinkaurelius__titan,40,9,0.7793975044563279,0.7999578155640825,UNCHANGED_LEGACY
thinkaurelius__titan,40,10,0.769668449197861,0.7849596631382415,UNCHANGED_LEGACY
thinkaurelius__titan,40,11,0.7611069518716578,0.7810286176303725,UNCHANGED_LEGACY
thinkaurelius__titan,40,12,0.7486131907308378,0.7850140644454344,UNCHANGED_LEGACY
thinkaurelius__titan,40,13,0.7255686274509804,0.7619856703282722,UNCHANGED_LEGACY
thinkaurelius__titan,40,14,0.7752655971479501,0.800287459214764,UNCHANGED_LEGACY
thinkaurelius__titan,40,15,0.7321016042780749,0.7414384079367997,UNCHANGED_LEGACY
thinkaurelius__titan,40,16,0.7156310160427808,0.7242591493881846,UNCHANGED_LEGACY
thinkaurelius__titan,40,17,0.6656434937611408,0.7239046746296732,UNCHANGED_LEGACY
thinkaurelius__titan,40,18,0.7713333333333334,0.7702996831126829,UNCHANGED_LEGACY
thinkaurelius__titan,40,19,0.7705508021390375,0.817464702163344,UNCHANGED_LEGACY
thinkaurelius__titan,40,20,0.7625775401069519,0.781367991301758,UNCHANGED_LEGACY
thinkaurelius__titan,40,21,0.7436007130124778,0.7553978041698373,UNCHANGED_LEGACY
thinkaurelius__titan,40,22,0.7268877005347594,0.7630291198487513,UNCHANGED_LEGACY
thinkaurelius__titan,40,23,0.7047718360071301,0.7359557675115056,UNCHANGED_LEGACY
thinkaurelius__titan,40,24,0.7296096256684492,0.7307712647797391,UNCHANGED_LEGACY
thinkaurelius__titan,40,25,0.7071372549019609,0.7529563174943769,UNCHANGED_LEGACY
thinkaurelius__titan,40,26,0.6828003565062388,0.7259308496941923,UNCHANGED_LEGACY
thinkaurelius__titan,40,27,0.7158306595365419,0.7239540891178641,UNCHANGED_LEGACY
thinkaurelius__titan,40,28,0.7374385026737968,0.7351636778871011,UNCHANGED_LEGACY
thinkaurelius__titan,40,29,0.7810855614973262,0.7787159396210342,UNCHANGED_LEGACY
thinkaurelius__titan,40,30,0.7440623885918004,0.7760173398655309,UNCHANGED_LEGACY
thinkaurelius__titan,50,1,0.7881069518716577,0.7912350087124563,UNCHANGED_LEGACY
thinkaurelius__titan,50,2,0.7474777183600713,0.77964991080374,UNCHANGED_LEGACY
thinkaurelius__titan,50,3,0.7559340463458111,0.7684801008886832,UNCHANGED_LEGACY
thinkaurelius__titan,50,4,0.746319073083779,0.7526582754144311,UNCHANGED_LEGACY
thinkaurelius__titan,50,5,0.8193172905525847,0.8321229194564328,UNCHANGED_LEGACY
thinkaurelius__titan,50,6,0.7359839572192514,0.7705288802183659,UNCHANGED_LEGACY
thinkaurelius__titan,50,7,0.8154367201426025,0.838997374719584,UNCHANGED_LEGACY
thinkaurelius__titan,50,8,0.739035650623886,0.7393521877030139,UNCHANGED_LEGACY
thinkaurelius__titan,50,9,0.7692442067736186,0.7677092256588606,UNCHANGED_LEGACY
thinkaurelius__titan,50,10,0.7514420677361854,0.7774665767125274,UNCHANGED_LEGACY
thinkaurelius__titan,50,11,0.7482869875222817,0.7767884978569233,UNCHANGED_LEGACY
thinkaurelius__titan,50,12,0.7764991087344029,0.7998580510021455,UNCHANGED_LEGACY
thinkaurelius__titan,50,13,0.7827896613190731,0.8222526562405845,UNCHANGED_LEGACY
thinkaurelius__titan,50,14,0.765698752228164,0.7928836017822471,UNCHANGED_LEGACY
thinkaurelius__titan,50,15,0.7750606060606061,0.7624280301055018,UNCHANGED_LEGACY
thinkaurelius__titan,50,16,0.7587611408199644,0.7316717281419833,UNCHANGED_LEGACY
thinkaurelius__titan,50,17,0.6860089126559715,0.7293940124081524,UNCHANGED_LEGACY
thinkaurelius__titan,50,18,0.753222816399287,0.7534169727934069,UNCHANGED_LEGACY
thinkaurelius__titan,50,19,0.7439643493761141,0.7880460386502268,UNCHANGED_LEGACY
thinkaurelius__titan,50,20,0.7526773618538325,0.7792957391900137,UNCHANGED_LEGACY
thinkaurelius__titan,50,21,0.7812459893048128,0.7780139844185056,UNCHANGED_LEGACY
thinkaurelius__titan,50,22,0.7590677361853833,0.7988468108444248,UNCHANGED_LEGACY
thinkaurelius__titan,50,23,0.6949732620320856,0.7327473768029229,UNCHANGED_LEGACY
thinkaurelius__titan,50,24,0.7848502673796791,0.7983884153198271,UNCHANGED_LEGACY
thinkaurelius__titan,50,25,0.7500837789661319,0.7691307970729451,UNCHANGED_LEGACY
thinkaurelius__titan,50,26,0.7328877005347594,0.7646896948116307,UNCHANGED_LEGACY
thinkaurelius__titan,50,27,0.7235454545454545,0.7350410375062768,UNCHANGED_LEGACY
thinkaurelius__titan,50,28,0.7322442067736186,0.7344672608106243,UNCHANGED_LEGACY
thinkaurelius__titan,50,29,0.7827611408199644,0.7673277500964487,UNCHANGED_LEGACY
thinkaurelius__titan,50,30,0.8179447415329768,0.8252649515604181,UNCHANGED_LEGACY
