ProjectSlug,NoisePercent,RepetitionSeed,MeanAPFD,MeanAPFDc,SourceType
EMResearch__EvoMaster,0,1,0.902767016642284,0.7167929404157944,CORRECTED_MODERN
EMResearch__EvoMaster,0,2,0.902767016642284,0.7167929404157944,CORRECTED_MODERN
EMResearch__EvoMaster,0,3,0.902767016642284,0.7167929404157944,CORRECTED_MODERN
EMResearch__EvoMaster,0,4,0.902767016642284,0.7167929404157944,CORRECTED_MODERN
EMResearch__EvoMaster,0,5,0.902767016642284,0.7167929404157944,CORRECTED_MODERN
EMResearch__EvoMaster,0,6,0.902767016642284,0.7167929404157944,CORRECTED_MODERN
EMResearch__EvoMaster,0,7,0.902767016642284,0.7167929404157944,CORRECTED_MODERN
EMResearch__EvoMaster,0,8,0.902767016642284,0.7167929404157944,CORRECTED_MODERN
EMResearch__EvoMaster,0,9,0.902767016642284,0.7167929404157944,CORRECTED_MODERN
EMResearch__EvoMaster,0,10,0.902767016642284,0.7167929404157944,CORRECTED_MODERN
EMResearch__EvoMaster,0,11,0.902767016642284,0.7167929404157944,CORRECTED_MODERN
EMResearch__EvoMaster,0,12,0.902767016642284,0.7167929404157944,CORRECTED_MODERN
EMResearch__EvoMaster,0,13,0.902767016642284,0.7167929404157944,CORRECTED_MODERN
EMResearch__EvoMaster,0,14,0.902767016642284,0.7167929404157944,CORRECTED_MODERN
EMResearch__EvoMaster,0,15,0.902767016642284,0.7167929404157944,CORRECTED_MODERN
EMResearch__EvoMaster,0,16,0.902767016642284,0.7167929404157944,CORRECTED_MODERN
EMResearch__EvoMaster,0,17,0.902767016642284,0.7167929404157944,CORRECTED_MODERN
EMResearch__EvoMaster,0,18,0.902767016642284,0.7167929404157944,CORRECTED_MODERN
EMResearch__EvoMaster,0,19,0.902767016642284,0.7167929404157944,CORRECTED_MODERN
EMResearch__EvoMaster,0,20,0.902767016642284,0.7167929404157944,CORRECTED_MODERN
EMResearch__EvoMaster,0,21,0.902767016642284,0.7167929404157944,CORRECTED_MODERN
EMResearch__EvoMaster,0,22,0.902767016642284,0.7167929404157944,CORRECTED_MODERN
EMResearch__EvoMaster,0,23,0.902767016642284,0.7167929404157944,CORRECTED_MODERN
EMResearch__EvoMaster,0,24,0.902767016642284,0.7167929404157944,CORRECTED_MODERN
EMResearch__EvoMaster,0,25,0.902767016642284,0.7167929404157944,CORRECTED_MODERN
EMResearch__EvoMaster,0,26,0.902767016642284,0.7167929404157944,CORRECTED_MODERN
EMResearch__EvoMaster,0,27,0.902767016642284,0.7167929404157944,CORRECTED_MODERN
EMResearch__EvoMaster,0,28,0.902767016642284,0.7167929404157944,CORRECTED_MODERN
EMResearch__EvoMaster,0,29,0.902767016642284,0.7167929404157944,CORRECTED_MODERN
EMResearch__EvoMaster,0,30,0.902767016642284,0.7167929404157944,CORRECTED_MODERN
EMResearch__EvoMaster,5,1,0.8647949393443364,0.692257619100867,CORRECTED_MODERN
EMResearch__EvoMaster,5,2,0.8573989405976865,0.7168825166550679,CORRECTED_MODERN
EMResearch__EvoMaster,5,3,0.8646107760101531,0.7108606575675991,CORRECTED_MODERN
EMResearch__EvoMaster,5,4,0.8809701161326401,0.7045902222612482,CORRECTED_MODERN
EMResearch__EvoMaster,5,5,0.8564334880386943,0.7061898513081145,CORRECTED_MODERN
EMResearch__EvoMaster,5,6,0.8785397012631116,0.6961705017949541,CORRECTED_MODERN
EMResearch__EvoMaster,5,7,0.8717717622093102,0.6942401254157107,CORRECTED_MODERN
EMResearch__EvoMaster,5,8,0.8877818934004197,0.7072929705726833,CORRECTED_MODERN
EMResearch__EvoMaster,5,9,0.8575957557941403,0.685535504352865,CORRECTED_MODERN
EMResearch__EvoMaster,5,10,0.894035964301726,0.717984264787186,CORRECTED_MODERN
EMResearch__EvoMaster,5,11,0.8694506931224881,0.7093521780668804,CORRECTED_MODERN
EMResearch__EvoMaster,5,12,0.8525983315422867,0.6743756094481663,CORRECTED_MODERN
EMResearch__EvoMaster,5,13,0.8665344191644208,0.68271086175812,CORRECTED_MODERN
EMResearch__EvoMaster,5,14,0.8949328255383531,0.7157088715119795,CORRECTED_MODERN
EMResearch__EvoMaster,5,15,0.8644641109463538,0.7113117328258884,CORRECTED_MODERN
EMResearch__EvoMaster,5,16,0.8958698558044418,0.7162127394814503,CORRECTED_MODERN
EMResearch__EvoMaster,5,17,0.8410370776663298,0.6947845082587824,CORRECTED_MODERN
EMResearch__EvoMaster,5,18,0.858980134756535,0.6739161928852004,CORRECTED_MODERN
EMResearch__EvoMaster,5,19,0.8724307711914188,0.7083885577130018,CORRECTED_MODERN
EMResearch__EvoMaster,5,20,0.845571990240642,0.6890296532123422,CORRECTED_MODERN
EMResearch__EvoMaster,5,21,0.8375619097768826,0.6923418395161416,CORRECTED_MODERN
EMResearch__EvoMaster,5,22,0.8501031769347666,0.6974586947040791,CORRECTED_MODERN
EMResearch__EvoMaster,5,23,0.8607891776367087,0.693245475812237,CORRECTED_MODERN
EMResearch__EvoMaster,5,24,0.8590820439527503,0.6902284794886354,CORRECTED_MODERN
EMResearch__EvoMaster,5,25,0.83699512007107,0.6922656885695601,CORRECTED_MODERN
EMResearch__EvoMaster,5,26,0.9074691428227352,0.7383325272626354,CORRECTED_MODERN
EMResearch__EvoMaster,5,27,0.8638406097639821,0.7013073242069436,CORRECTED_MODERN
EMResearch__EvoMaster,5,28,0.8745583221372615,0.7176405619953329,CORRECTED_MODERN
EMResearch__EvoMaster,5,29,0.8908606403344894,0.7330076741834588,CORRECTED_MODERN
EMResearch__EvoMaster,5,30,0.8496403147788466,0.6915991572153515,CORRECTED_MODERN
EMResearch__EvoMaster,10,1,0.8560411358961917,0.6973003061626335,CORRECTED_MODERN
EMResearch__EvoMaster,10,2,0.8596807092822615,0.7163563872050942,CORRECTED_MODERN
EMResearch__EvoMaster,10,3,0.8652949317365116,0.7044829650179761,CORRECTED_MODERN
EMResearch__EvoMaster,10,4,0.8847689805233512,0.7162211262339822,CORRECTED_MODERN
EMResearch__EvoMaster,10,5,0.8641382205374577,0.7158396433948166,CORRECTED_MODERN
EMResearch__EvoMaster,10,6,0.8618206101251725,0.6963855716232056,CORRECTED_MODERN
EMResearch__EvoMaster,10,7,0.8627288660568087,0.6982280045666022,CORRECTED_MODERN
EMResearch__EvoMaster,10,8,0.9005565460555199,0.7308630355497605,CORRECTED_MODERN
EMResearch__EvoMaster,10,9,0.869596685788515,0.6908530976839781,CORRECTED_MODERN
EMResearch__EvoMaster,10,10,0.8980710393552995,0.716172091776459,CORRECTED_MODERN
EMResearch__EvoMaster,10,11,0.8679416791444251,0.7070472246593554,CORRECTED_MODERN
EMResearch__EvoMaster,10,12,0.8533043664242089,0.694746266590175,CORRECTED_MODERN
EMResearch__EvoMaster,10,13,0.8536491176581121,0.6764125796075411,CORRECTED_MODERN
EMResearch__EvoMaster,10,14,0.8855157546374318,0.7206960151481776,CORRECTED_MODERN
EMResearch__EvoMaster,10,15,0.8697861044377415,0.7051684374555416,CORRECTED_MODERN
EMResearch__EvoMaster,10,16,0.8983121454428239,0.7124572203700411,CORRECTED_MODERN
EMResearch__EvoMaster,10,17,0.8371876813105434,0.6897214445495634,CORRECTED_MODERN
EMResearch__EvoMaster,10,18,0.8600846179616085,0.682613205637989,CORRECTED_MODERN
EMResearch__EvoMaster,10,19,0.8797101300686909,0.7155078696774984,CORRECTED_MODERN
EMResearch__EvoMaster,10,20,0.8644306397206465,0.7088461123202369,CORRECTED_MODERN
EMResearch__EvoMaster,10,21,0.8638401083391088,0.7056046796071822,CORRECTED_MODERN
EMResearch__EvoMaster,10,22,0.8975899572039981,0.7450074313827928,CORRECTED_MODERN
EMResearch__EvoMaster,10,23,0.8373688487552594,0.6854034786661626,CORRECTED_MODERN
EMResearch__EvoMaster,10,24,0.859215125071978,0.687657071836271,CORRECTED_MODERN
EMResearch__EvoMaster,10,25,0.8712533920135168,0.7275405827406426,CORRECTED_MODERN
EMResearch__EvoMaster,10,26,0.8889815400716198,0.7313978370335519,CORRECTED_MODERN
EMResearch__EvoMaster,10,27,0.8962885481615412,0.727781568986587,CORRECTED_MODERN
EMResearch__EvoMaster,10,28,0.8743396342632381,0.7092592965189228,CORRECTED_MODERN
EMResearch__EvoMaster,10,29,0.901274257720724,0.7381117814756563,CORRECTED_MODERN
EMResearch__EvoMaster,10,30,0.842374101442366,0.6852328891121267,CORRECTED_MODERN
EMResearch__EvoMaster,15,1,0.8566765688477971,0.7055210407508209,CORRECTED_MODERN
EMResearch__EvoMaster,15,2,0.8739623678081531,0.7284891281263888,CORRECTED_MODERN
EMResearch__EvoMaster,15,3,0.895654819520092,0.7373659467784944,CORRECTED_MODERN
EMResearch__EvoMaster,15,4,0.90533660510646,0.7277559282478762,CORRECTED_MODERN
EMResearch__EvoMaster,15,5,0.851831795577679,0.7114265475566968,CORRECTED_MODERN
EMResearch__EvoMaster,15,6,0.8684083103391919,0.6973500737303734,CORRECTED_MODERN
EMResearch__EvoMaster,15,7,0.8485305743628476,0.6920835336945087,CORRECTED_MODERN
EMResearch__EvoMaster,15,8,0.887932804800086,0.72969321665129,CORRECTED_MODERN
EMResearch__EvoMaster,15,9,0.8603533231527041,0.6840116532120202,CORRECTED_MODERN
EMResearch__EvoMaster,15,10,0.8892800304464245,0.7079875745548972,CORRECTED_MODERN
EMResearch__EvoMaster,15,11,0.887703128689091,0.7030013712860901,CORRECTED_MODERN
EMResearch__EvoMaster,15,12,0.8597881585462317,0.7099128777107987,CORRECTED_MODERN
EMResearch__EvoMaster,15,13,0.8760114896377695,0.6993656536998273,CORRECTED_MODERN
EMResearch__EvoMaster,15,14,0.8807742328158534,0.7271359863407674,CORRECTED_MODERN
EMResearch__EvoMaster,15,15,0.8705909746689787,0.6947318783438605,CORRECTED_MODERN
EMResearch__EvoMaster,15,16,0.8870757270123134,0.702960936587726,CORRECTED_MODERN
EMResearch__EvoMaster,15,17,0.8378722033642554,0.6890482501709143,CORRECTED_MODERN
EMResearch__EvoMaster,15,18,0.8834432469409896,0.706594818275707,CORRECTED_MODERN
EMResearch__EvoMaster,15,19,0.90397072183001,0.7304621224242399,CORRECTED_MODERN
EMResearch__EvoMaster,15,20,0.8586476926128119,0.7070119777815802,CORRECTED_MODERN
EMResearch__EvoMaster,15,21,0.8895794591012479,0.7315529846755009,CORRECTED_MODERN
EMResearch__EvoMaster,15,22,0.9015344968463757,0.7411443995425903,CORRECTED_MODERN
EMResearch__EvoMaster,15,23,0.8349426418499892,0.6862297689834238,CORRECTED_MODERN
EMResearch__EvoMaster,15,24,0.877686505727733,0.6904953230048007,CORRECTED_MODERN
EMResearch__EvoMaster,15,25,0.8789308088745469,0.7233446049852942,CORRECTED_MODERN
EMResearch__EvoMaster,15,26,0.8818994532095042,0.7288534303048164,CORRECTED_MODERN
EMResearch__EvoMaster,15,27,0.8911836947145534,0.723602742042779,CORRECTED_MODERN
EMResearch__EvoMaster,15,28,0.8954890176289368,0.7292165535140559,CORRECTED_MODERN
EMResearch__EvoMaster,15,29,0.9053033470140264,0.7451039391141558,CORRECTED_MODERN
EMResearch__EvoMaster,15,30,0.8802922582874194,0.7124433694716239,CORRECTED_MODERN
EMResearch__EvoMaster,20,1,0.8542067717163856,0.7076386983609889,CORRECTED_MODERN
EMResearch__EvoMaster,20,2,0.864950476300058,0.7173134585113545,CORRECTED_MODERN
EMResearch__EvoMaster,20,3,0.9164929648888224,0.7505185951388279,CORRECTED_MODERN
EMResearch__EvoMaster,20,4,0.898835697853294,0.7191474213937243,CORRECTED_MODERN
EMResearch__EvoMaster,20,5,0.8427272227139144,0.708416744809303,CORRECTED_MODERN
EMResearch__EvoMaster,20,6,0.8580237170728577,0.6971087499513897,CORRECTED_MODERN
EMResearch__EvoMaster,20,7,0.8758446002151357,0.7100287583079992,CORRECTED_MODERN
EMResearch__EvoMaster,20,8,0.907403650261742,0.7464263251810679,CORRECTED_MODERN
EMResearch__EvoMaster,20,9,0.8557699203788941,0.6875201471873308,CORRECTED_MODERN
EMResearch__EvoMaster,20,10,0.8883960992854403,0.7067406716979288,CORRECTED_MODERN
EMResearch__EvoMaster,20,11,0.8819509274951706,0.699975011940858,CORRECTED_MODERN
EMResearch__EvoMaster,20,12,0.8796625316217782,0.71636639732109,CORRECTED_MODERN
EMResearch__EvoMaster,20,13,0.8872920617861175,0.707309222403924,CORRECTED_MODERN
EMResearch__EvoMaster,20,14,0.8628820894343401,0.7046968089193321,CORRECTED_MODERN
EMResearch__EvoMaster,20,15,0.8816711996664149,0.7010477497493732,CORRECTED_MODERN
EMResearch__EvoMaster,20,16,0.8772322229111114,0.7049076217847673,CORRECTED_MODERN
EMResearch__EvoMaster,20,17,0.835659605899537,0.6852889455435404,CORRECTED_MODERN
EMResearch__EvoMaster,20,18,0.8867884249898786,0.7021049662852413,CORRECTED_MODERN
EMResearch__EvoMaster,20,19,0.911761642082168,0.7363315882000946,CORRECTED_MODERN
EMResearch__EvoMaster,20,20,0.8611690566404948,0.7150217594044572,CORRECTED_MODERN
EMResearch__EvoMaster,20,21,0.8817598003725724,0.7177709689030679,CORRECTED_MODERN
EMResearch__EvoMaster,20,22,0.895850942757013,0.7328323574204308,CORRECTED_MODERN
EMResearch__EvoMaster,20,23,0.831474402887004,0.6815007990156947,CORRECTED_MODERN
EMResearch__EvoMaster,20,24,0.872089169922539,0.6856147628605334,CORRECTED_MODERN
EMResearch__EvoMaster,20,25,0.8776334992396296,0.7194551340277872,CORRECTED_MODERN
EMResearch__EvoMaster,20,26,0.8854634005872196,0.7365738079926615,CORRECTED_MODERN
EMResearch__EvoMaster,20,27,0.8805280860266631,0.7173124333901787,CORRECTED_MODERN
EMResearch__EvoMaster,20,28,0.8861195674270453,0.7178083263240005,CORRECTED_MODERN
EMResearch__EvoMaster,20,29,0.9129016018043764,0.748329508579447,CORRECTED_MODERN
EMResearch__EvoMaster,20,30,0.8773819522365839,0.7136298240619877,CORRECTED_MODERN
EMResearch__EvoMaster,25,1,0.8617749117730394,0.6885312877844444,CORRECTED_MODERN
EMResearch__EvoMaster,25,2,0.9006310787020452,0.7334779682023416,CORRECTED_MODERN
EMResearch__EvoMaster,25,3,0.9107975934795572,0.743466707101611,CORRECTED_MODERN
EMResearch__EvoMaster,25,4,0.8926366116787734,0.7051645916484875,CORRECTED_MODERN
EMResearch__EvoMaster,25,5,0.8380676402756281,0.7071292256138433,CORRECTED_MODERN
EMResearch__EvoMaster,25,6,0.854960384996618,0.69982163891519,CORRECTED_MODERN
EMResearch__EvoMaster,25,7,0.879663082625225,0.7127845910986504,CORRECTED_MODERN
EMResearch__EvoMaster,25,8,0.906789039928649,0.7455877967230762,CORRECTED_MODERN
EMResearch__EvoMaster,25,9,0.8634140895218633,0.6961460988345406,CORRECTED_MODERN
EMResearch__EvoMaster,25,10,0.8807685202817577,0.7058833271805562,CORRECTED_MODERN
EMResearch__EvoMaster,25,11,0.8995976948275596,0.7209047400267061,CORRECTED_MODERN
EMResearch__EvoMaster,25,12,0.8859783938896124,0.714207784428511,CORRECTED_MODERN
EMResearch__EvoMaster,25,13,0.8835633580687806,0.70618384170209,CORRECTED_MODERN
EMResearch__EvoMaster,25,14,0.8641527792678116,0.6928019710923301,CORRECTED_MODERN
EMResearch__EvoMaster,25,15,0.8751787780024787,0.6974339373007278,CORRECTED_MODERN
EMResearch__EvoMaster,25,16,0.8748025930554181,0.6985941485751194,CORRECTED_MODERN
EMResearch__EvoMaster,25,17,0.8542269546905329,0.69028822947677,CORRECTED_MODERN
EMResearch__EvoMaster,25,18,0.882258601682815,0.6982290062820934,CORRECTED_MODERN
EMResearch__EvoMaster,25,19,0.9106113138055386,0.7391288193746934,CORRECTED_MODERN
EMResearch__EvoMaster,25,20,0.8601442353315728,0.7092889993891279,CORRECTED_MODERN
EMResearch__EvoMaster,25,21,0.8941549008714511,0.7254212444728401,CORRECTED_MODERN
EMResearch__EvoMaster,25,22,0.9005687660981302,0.7315924241863634,CORRECTED_MODERN
EMResearch__EvoMaster,25,23,0.8588790158278865,0.6900851994926978,CORRECTED_MODERN
EMResearch__EvoMaster,25,24,0.8698043737976395,0.6850232383991027,CORRECTED_MODERN
EMResearch__EvoMaster,25,25,0.8851661945666902,0.7261498665305588,CORRECTED_MODERN
EMResearch__EvoMaster,25,26,0.879298494946288,0.7284437671355415,CORRECTED_MODERN
EMResearch__EvoMaster,25,27,0.8739957166232971,0.7129750481007693,CORRECTED_MODERN
EMResearch__EvoMaster,25,28,0.8815187187793417,0.713889223466156,CORRECTED_MODERN
EMResearch__EvoMaster,25,29,0.9070242249274224,0.7362633662174559,CORRECTED_MODERN
EMResearch__EvoMaster,25,30,0.8658627714601477,0.7092287054288896,CORRECTED_MODERN
EMResearch__EvoMaster,30,1,0.8916470739503963,0.7077856966733573,CORRECTED_MODERN
EMResearch__EvoMaster,30,2,0.9038876288536254,0.7204326381437796,CORRECTED_MODERN
EMResearch__EvoMaster,30,3,0.9075738578399044,0.7390147061067394,CORRECTED_MODERN
EMResearch__EvoMaster,30,4,0.8996115869028776,0.7155425987632638,CORRECTED_MODERN
EMResearch__EvoMaster,30,5,0.8710286833094891,0.7373267637101937,CORRECTED_MODERN
EMResearch__EvoMaster,30,6,0.8602668814567616,0.703907910527803,CORRECTED_MODERN
EMResearch__EvoMaster,30,7,0.901307772605686,0.7308342686829065,CORRECTED_MODERN
EMResearch__EvoMaster,30,8,0.9099975849458484,0.7475417919788815,CORRECTED_MODERN
EMResearch__EvoMaster,30,9,0.8681946349085423,0.6978272934585236,CORRECTED_MODERN
EMResearch__EvoMaster,30,10,0.8852648725492596,0.7028952281358416,CORRECTED_MODERN
EMResearch__EvoMaster,30,11,0.9207073418438728,0.7429063518206814,CORRECTED_MODERN
EMResearch__EvoMaster,30,12,0.8811606617424694,0.7131768248650285,CORRECTED_MODERN
EMResearch__EvoMaster,30,13,0.8843554161616285,0.7099026933080971,CORRECTED_MODERN
EMResearch__EvoMaster,30,14,0.8594829111345835,0.691900102485128,CORRECTED_MODERN
EMResearch__EvoMaster,30,15,0.8753321452447042,0.6933757330388242,CORRECTED_MODERN
EMResearch__EvoMaster,30,16,0.8846540754167536,0.705666647026401,CORRECTED_MODERN
EMResearch__EvoMaster,30,17,0.8513333054863004,0.6890000720780463,CORRECTED_MODERN
EMResearch__EvoMaster,30,18,0.8970144106740271,0.7065087016018062,CORRECTED_MODERN
EMResearch__EvoMaster,30,19,0.906844011567352,0.737067278080427,CORRECTED_MODERN
EMResearch__EvoMaster,30,20,0.8861210605343247,0.7157952074692074,CORRECTED_MODERN
EMResearch__EvoMaster,30,21,0.8935008963686534,0.7270920543150571,CORRECTED_MODERN
EMResearch__EvoMaster,30,22,0.8952715092772208,0.7308119318842557,CORRECTED_MODERN
EMResearch__EvoMaster,30,23,0.8493530616916711,0.682759253674236,CORRECTED_MODERN
EMResearch__EvoMaster,30,24,0.8825730041193018,0.6977155629261818,CORRECTED_MODERN
EMResearch__EvoMaster,30,25,0.882657806108646,0.7214860445748916,CORRECTED_MODERN
EMResearch__EvoMaster,30,26,0.8774728059262995,0.7194587765449841,CORRECTED_MODERN
EMResearch__EvoMaster,30,27,0.8683840864977513,0.708896437034947,CORRECTED_MODERN
EMResearch__EvoMaster,30,28,0.8845240197136096,0.714114348013166,CORRECTED_MODERN
EMResearch__EvoMaster,30,29,0.9145744782053764,0.7351978096007273,CORRECTED_MODERN
EMResearch__EvoMaster,30,30,0.8593941624246553,0.705745895978035,CORRECTED_MODERN
EMResearch__EvoMaster,40,1,0.8996396062242874,0.7131539724552451,CORRECTED_MODERN
EMResearch__EvoMaster,40,2,0.8973661048304851,0.7196211639644476,CORRECTED_MODERN
EMResearch__EvoMaster,40,3,0.9058101542512972,0.7371494111559522,CORRECTED_MODERN
EMResearch__EvoMaster,40,4,0.9003388265958338,0.7136073220129069,CORRECTED_MODERN
EMResearch__EvoMaster,40,5,0.8739751831144124,0.7420521027137728,CORRECTED_MODERN
EMResearch__EvoMaster,40,6,0.8878830803117999,0.7127402579297818,CORRECTED_MODERN
EMResearch__EvoMaster,40,7,0.8968359541500197,0.7228406677263278,CORRECTED_MODERN
EMResearch__EvoMaster,40,8,0.9159556374271192,0.7444548968401508,CORRECTED_MODERN
EMResearch__EvoMaster,40,9,0.9023326659027936,0.7247509708069485,CORRECTED_MODERN
EMResearch__EvoMaster,40,10,0.8832643781606582,0.7004342627655051,CORRECTED_MODERN
EMResearch__EvoMaster,40,11,0.914914723557942,0.7425887675585098,CORRECTED_MODERN
EMResearch__EvoMaster,40,12,0.900750853082541,0.7280606591293266,CORRECTED_MODERN
EMResearch__EvoMaster,40,13,0.8987813418583784,0.7185642311053603,CORRECTED_MODERN
EMResearch__EvoMaster,40,14,0.8726934107137132,0.7073818905914688,CORRECTED_MODERN
EMResearch__EvoMaster,40,15,0.8659340033967329,0.6907470572953014,CORRECTED_MODERN
EMResearch__EvoMaster,40,16,0.8774730210351278,0.697695045450489,CORRECTED_MODERN
EMResearch__EvoMaster,40,17,0.8726831521181138,0.7046109204198355,CORRECTED_MODERN
EMResearch__EvoMaster,40,18,0.9097222283610056,0.7285733014741642,CORRECTED_MODERN
EMResearch__EvoMaster,40,19,0.8960012917740092,0.7260422162223371,CORRECTED_MODERN
EMResearch__EvoMaster,40,20,0.8810267016336328,0.7100283176217971,CORRECTED_MODERN
EMResearch__EvoMaster,40,21,0.8892275205589488,0.7289744714645293,CORRECTED_MODERN
EMResearch__EvoMaster,40,22,0.8920737717145474,0.7263429246471378,CORRECTED_MODERN
EMResearch__EvoMaster,40,23,0.8654839178923077,0.7006081289543745,CORRECTED_MODERN
EMResearch__EvoMaster,40,24,0.8905306857829249,0.7016663408403281,CORRECTED_MODERN
EMResearch__EvoMaster,40,25,0.8791963714039821,0.7108481045740795,CORRECTED_MODERN
EMResearch__EvoMaster,40,26,0.8808350643189681,0.7170397895006485,CORRECTED_MODERN
EMResearch__EvoMaster,40,27,0.8894413256660909,0.713456683899718,CORRECTED_MODERN
EMResearch__EvoMaster,40,28,0.8834770033330148,0.7121375905512916,CORRECTED_MODERN
EMResearch__EvoMaster,40,29,0.92557563618403,0.7323161760061527,CORRECTED_MODERN
EMResearch__EvoMaster,40,30,0.8570299583536501,0.7062119494186501,CORRECTED_MODERN
EMResearch__EvoMaster,50,1,0.8915322175919456,0.7044115705453858,CORRECTED_MODERN
EMResearch__EvoMaster,50,2,0.9008512600174275,0.7183874677221406,CORRECTED_MODERN
EMResearch__EvoMaster,50,3,0.8978280845012987,0.7202284772244797,CORRECTED_MODERN
EMResearch__EvoMaster,50,4,0.9067589996761982,0.7130193350343131,CORRECTED_MODERN
EMResearch__EvoMaster,50,5,0.8795418255654452,0.7375924112138635,CORRECTED_MODERN
EMResearch__EvoMaster,50,6,0.9081033128988094,0.732690916189007,CORRECTED_MODERN
EMResearch__EvoMaster,50,7,0.896704793675133,0.7180699048093864,CORRECTED_MODERN
EMResearch__EvoMaster,50,8,0.9129165269066484,0.7440139962882445,CORRECTED_MODERN
EMResearch__EvoMaster,50,9,0.8942570310735644,0.7167907207275201,CORRECTED_MODERN
EMResearch__EvoMaster,50,10,0.881739339822053,0.6976936022341992,CORRECTED_MODERN
EMResearch__EvoMaster,50,11,0.9086273420955204,0.7370936280082376,CORRECTED_MODERN
EMResearch__EvoMaster,50,12,0.9195581329444192,0.7285839837986708,CORRECTED_MODERN
EMResearch__EvoMaster,50,13,0.8912891218206441,0.7160758887951607,CORRECTED_MODERN
EMResearch__EvoMaster,50,14,0.8645273224713921,0.7074415564981762,CORRECTED_MODERN
EMResearch__EvoMaster,50,15,0.8583574889308428,0.6866070970513598,CORRECTED_MODERN
EMResearch__EvoMaster,50,16,0.8708187140290813,0.6944529250521938,CORRECTED_MODERN
EMResearch__EvoMaster,50,17,0.887401068493064,0.7186789131724857,CORRECTED_MODERN
EMResearch__EvoMaster,50,18,0.9054422958260996,0.7247612265771897,CORRECTED_MODERN
EMResearch__EvoMaster,50,19,0.9044776816900454,0.7304657999652425,CORRECTED_MODERN
EMResearch__EvoMaster,50,20,0.8833199906258502,0.7153867017800712,CORRECTED_MODERN
EMResearch__EvoMaster,50,21,0.8799506102702331,0.7188218437635036,CORRECTED_MODERN
EMResearch__EvoMaster,50,22,0.9013853427998718,0.736796224373359,CORRECTED_MODERN
EMResearch__EvoMaster,50,23,0.8687694253904956,0.7107213275025406,CORRECTED_MODERN
EMResearch__EvoMaster,50,24,0.9181748981732484,0.7271824477670238,CORRECTED_MODERN
EMResearch__EvoMaster,50,25,0.8821762780264638,0.7136310480722533,CORRECTED_MODERN
EMResearch__EvoMaster,50,26,0.8870210590056241,0.720015370798605,CORRECTED_MODERN
EMResearch__EvoMaster,50,27,0.8937120702102029,0.7166392161988988,CORRECTED_MODERN
EMResearch__EvoMaster,50,28,0.9036097947208188,0.7272847840040805,CORRECTED_MODERN
EMResearch__EvoMaster,50,29,0.9232246227770704,0.7309997001715355,CORRECTED_MODERN
EMResearch__EvoMaster,50,30,0.8920752789727336,0.7246269831820173,CORRECTED_MODERN
JMRI__JMRI,0,1,0.776635744316183,0.7458789557550832,CORRECTED_MODERN
JMRI__JMRI,0,2,0.776635744316183,0.7458789557550832,CORRECTED_MODERN
JMRI__JMRI,0,3,0.776635744316183,0.7458789557550832,CORRECTED_MODERN
JMRI__JMRI,0,4,0.776635744316183,0.7458789557550832,CORRECTED_MODERN
JMRI__JMRI,0,5,0.776635744316183,0.7458789557550832,CORRECTED_MODERN
JMRI__JMRI,0,6,0.776635744316183,0.7458789557550832,CORRECTED_MODERN
JMRI__JMRI,0,7,0.776635744316183,0.7458789557550832,CORRECTED_MODERN
JMRI__JMRI,0,8,0.776635744316183,0.7458789557550832,CORRECTED_MODERN
JMRI__JMRI,0,9,0.776635744316183,0.7458789557550832,CORRECTED_MODERN
JMRI__JMRI,0,10,0.776635744316183,0.7458789557550832,CORRECTED_MODERN
JMRI__JMRI,0,11,0.776635744316183,0.7458789557550832,CORRECTED_MODERN
JMRI__JMRI,0,12,0.776635744316183,0.7458789557550832,CORRECTED_MODERN
JMRI__JMRI,0,13,0.776635744316183,0.7458789557550832,CORRECTED_MODERN
JMRI__JMRI,0,14,0.776635744316183,0.7458789557550832,CORRECTED_MODERN
JMRI__JMRI,0,15,0.776635744316183,0.7458789557550832,CORRECTED_MODERN
JMRI__JMRI,0,16,0.776635744316183,0.7458789557550832,CORRECTED_MODERN
JMRI__JMRI,0,17,0.776635744316183,0.7458789557550832,CORRECTED_MODERN
JMRI__JMRI,0,18,0.776635744316183,0.7458789557550832,CORRECTED_MODERN
JMRI__JMRI,0,19,0.776635744316183,0.7458789557550832,CORRECTED_MODERN
JMRI__JMRI,0,20,0.776635744316183,0.7458789557550832,CORRECTED_MODERN
JMRI__JMRI,0,21,0.776635744316183,0.7458789557550832,CORRECTED_MODERN
JMRI__JMRI,0,22,0.776635744316183,0.7458789557550832,CORRECTED_MODERN
JMRI__JMRI,0,23,0.776635744316183,0.7458789557550832,CORRECTED_MODERN
JMRI__JMRI,0,24,0.776635744316183,0.7458789557550832,CORRECTED_MODERN
JMRI__JMRI,0,25,0.776635744316183,0.7458789557550832,CORRECTED_MODERN
JMRI__JMRI,0,26,0.776635744316183,0.7458789557550832,CORRECTED_MODERN
JMRI__JMRI,0,27,0.776635744316183,0.7458789557550832,CORRECTED_MODERN
JMRI__JMRI,0,28,0.776635744316183,0.7458789557550832,CORRECTED_MODERN
JMRI__JMRI,0,29,0.776635744316183,0.7458789557550832,CORRECTED_MODERN
JMRI__JMRI,0,30,0.776635744316183,0.7458789557550832,CORRECTED_MODERN
JMRI__JMRI,5,1,0.8029312914543221,0.7750439007275879,CORRECTED_MODERN
JMRI__JMRI,5,2,0.7924095660443283,0.7876135628465644,CORRECTED_MODERN
JMRI__JMRI,5,3,0.6977740764436433,0.6842355398468215,CORRECTED_MODERN
JMRI__JMRI,5,4,0.7938592412790331,0.7742116127480387,CORRECTED_MODERN
JMRI__JMRI,5,5,0.8127711173984024,0.7759121928196399,CORRECTED_MODERN
JMRI__JMRI,5,6,0.7363145069292877,0.7077931335814797,CORRECTED_MODERN
JMRI__JMRI,5,7,0.7885354478087948,0.756459492506508,CORRECTED_MODERN
JMRI__JMRI,5,8,0.804020160504758,0.7600114102964767,CORRECTED_MODERN
JMRI__JMRI,5,9,0.8099862623486778,0.7826661919546879,CORRECTED_MODERN
JMRI__JMRI,5,10,0.763747477074518,0.7449448025078901,CORRECTED_MODERN
JMRI__JMRI,5,11,0.7620382758653133,0.7812071898525265,CORRECTED_MODERN
JMRI__JMRI,5,12,0.7832545518108877,0.754545883195347,CORRECTED_MODERN
JMRI__JMRI,5,13,0.8013366992911427,0.7695419975868338,CORRECTED_MODERN
JMRI__JMRI,5,14,0.7420604006800081,0.7128842085059933,CORRECTED_MODERN
JMRI__JMRI,5,15,0.7875543063757929,0.7768535919974568,CORRECTED_MODERN
JMRI__JMRI,5,16,0.7697466472848546,0.7394329609698195,CORRECTED_MODERN
JMRI__JMRI,5,17,0.8055880097466283,0.7694262376059982,CORRECTED_MODERN
JMRI__JMRI,5,18,0.7758686411103385,0.7561419460067839,CORRECTED_MODERN
JMRI__JMRI,5,19,0.7560371692413561,0.7489983910832704,CORRECTED_MODERN
JMRI__JMRI,5,20,0.7926900845452728,0.7727123429554675,CORRECTED_MODERN
JMRI__JMRI,5,21,0.7898794211639638,0.7763572239416862,CORRECTED_MODERN
JMRI__JMRI,5,22,0.7547836109954256,0.7463481573518362,CORRECTED_MODERN
JMRI__JMRI,5,23,0.8333731486041033,0.8038641419058027,CORRECTED_MODERN
JMRI__JMRI,5,24,0.7877843806550867,0.7882784538205936,CORRECTED_MODERN
JMRI__JMRI,5,25,0.8242144676639688,0.8217486952154976,CORRECTED_MODERN
JMRI__JMRI,5,26,0.8156404945931545,0.7854983775580416,CORRECTED_MODERN
JMRI__JMRI,5,27,0.7833433839737672,0.7703942014619471,CORRECTED_MODERN
JMRI__JMRI,5,28,0.7918919444231537,0.7742741329072688,CORRECTED_MODERN
JMRI__JMRI,5,29,0.7575192444774003,0.7370848202988584,CORRECTED_MODERN
JMRI__JMRI,5,30,0.7264193066232526,0.701319210920528,CORRECTED_MODERN
JMRI__JMRI,10,1,0.8287579599912643,0.820166205127229,CORRECTED_MODERN
JMRI__JMRI,10,2,0.8001828680032226,0.8136102938276152,CORRECTED_MODERN
JMRI__JMRI,10,3,0.7325873572663492,0.7250117422135739,CORRECTED_MODERN
JMRI__JMRI,10,4,0.8243276287470501,0.8118523393978547,CORRECTED_MODERN
JMRI__JMRI,10,5,0.8513100060806332,0.8199251797595926,CORRECTED_MODERN
JMRI__JMRI,10,6,0.7986822607146223,0.7603388612912246,CORRECTED_MODERN
JMRI__JMRI,10,7,0.8057385923534612,0.7865105118228279,CORRECTED_MODERN
JMRI__JMRI,10,8,0.8076085051656895,0.7834736322710234,CORRECTED_MODERN
JMRI__JMRI,10,9,0.8137124354904423,0.7978113110453918,CORRECTED_MODERN
JMRI__JMRI,10,10,0.7898295457974749,0.7878821303161546,CORRECTED_MODERN
JMRI__JMRI,10,11,0.8215407429915266,0.8207442206963798,CORRECTED_MODERN
JMRI__JMRI,10,12,0.8099388839130853,0.7831713262829858,CORRECTED_MODERN
JMRI__JMRI,10,13,0.803697343013265,0.7701556681501353,CORRECTED_MODERN
JMRI__JMRI,10,14,0.831397747286372,0.8304141496590459,CORRECTED_MODERN
JMRI__JMRI,10,15,0.7701743551675904,0.757718043218565,CORRECTED_MODERN
JMRI__JMRI,10,16,0.7641262951032072,0.7590094407834411,CORRECTED_MODERN
JMRI__JMRI,10,17,0.8526221321373523,0.8200489737242233,CORRECTED_MODERN
JMRI__JMRI,10,18,0.7993809089159881,0.7906061744723063,CORRECTED_MODERN
JMRI__JMRI,10,19,0.8059098207205794,0.7971227463038938,CORRECTED_MODERN
JMRI__JMRI,10,20,0.8433725420727934,0.8199013235741832,CORRECTED_MODERN
JMRI__JMRI,10,21,0.814237776466835,0.7811065984920686,CORRECTED_MODERN
JMRI__JMRI,10,22,0.7828818748371494,0.7715172741291983,CORRECTED_MODERN
JMRI__JMRI,10,23,0.8105269541091552,0.784005026024162,CORRECTED_MODERN
JMRI__JMRI,10,24,0.8268328927089271,0.8165605632339951,CORRECTED_MODERN
JMRI__JMRI,10,25,0.7949268404247599,0.8005838292848715,CORRECTED_MODERN
JMRI__JMRI,10,26,0.8670584950323269,0.8480270925985486,CORRECTED_MODERN
JMRI__JMRI,10,27,0.7907584584628741,0.7781045926364197,CORRECTED_MODERN
JMRI__JMRI,10,28,0.7887823508844756,0.7912708530017211,CORRECTED_MODERN
JMRI__JMRI,10,29,0.8152500094209661,0.8022778687691635,CORRECTED_MODERN
JMRI__JMRI,10,30,0.7747929861445462,0.7468040683086917,CORRECTED_MODERN
JMRI__JMRI,15,1,0.8200748011625443,0.8015022661129935,CORRECTED_MODERN
JMRI__JMRI,15,2,0.8123543053103294,0.8176063659671717,CORRECTED_MODERN
JMRI__JMRI,15,3,0.7961827640287927,0.7780876340205173,CORRECTED_MODERN
JMRI__JMRI,15,4,0.850745037619593,0.8369070428048664,CORRECTED_MODERN
JMRI__JMRI,15,5,0.8630826797811556,0.8325557043743554,CORRECTED_MODERN
JMRI__JMRI,15,6,0.808990127859284,0.7818421748449801,CORRECTED_MODERN
JMRI__JMRI,15,7,0.7954231510097342,0.7740557706017891,CORRECTED_MODERN
JMRI__JMRI,15,8,0.8116992938161459,0.7822481613976128,CORRECTED_MODERN
JMRI__JMRI,15,9,0.8185085091634973,0.8058135886456572,CORRECTED_MODERN
JMRI__JMRI,15,10,0.7936507029576747,0.7725191905243965,CORRECTED_MODERN
JMRI__JMRI,15,11,0.8511562839219543,0.8327173268228124,CORRECTED_MODERN
JMRI__JMRI,15,12,0.8315117645977366,0.8131400518678248,CORRECTED_MODERN
JMRI__JMRI,15,13,0.8045561812771593,0.7724046426033752,CORRECTED_MODERN
JMRI__JMRI,15,14,0.8435938047125348,0.8234844838073411,CORRECTED_MODERN
JMRI__JMRI,15,15,0.8073777643340364,0.7907148319185424,CORRECTED_MODERN
JMRI__JMRI,15,16,0.7965327303260895,0.8001077483563664,CORRECTED_MODERN
JMRI__JMRI,15,17,0.8587914570018181,0.8357614547825497,CORRECTED_MODERN
JMRI__JMRI,15,18,0.8277876066499482,0.8042411767752294,CORRECTED_MODERN
JMRI__JMRI,15,19,0.8094838122089293,0.7813459862002391,CORRECTED_MODERN
JMRI__JMRI,15,20,0.8576527492050018,0.8362155737841753,CORRECTED_MODERN
JMRI__JMRI,15,21,0.8051832022527923,0.7836409059827796,CORRECTED_MODERN
JMRI__JMRI,15,22,0.7856212009608745,0.7636540571162724,CORRECTED_MODERN
JMRI__JMRI,15,23,0.828073433239037,0.81197318512399,CORRECTED_MODERN
JMRI__JMRI,15,24,0.8298506695789553,0.821701591083052,CORRECTED_MODERN
JMRI__JMRI,15,25,0.802009214450636,0.8011376492832895,CORRECTED_MODERN
JMRI__JMRI,15,26,0.8704563575970264,0.8550473204995935,CORRECTED_MODERN
JMRI__JMRI,15,27,0.7831342640508753,0.7688313515419766,CORRECTED_MODERN
JMRI__JMRI,15,28,0.7697222279430802,0.7677055972564931,CORRECTED_MODERN
JMRI__JMRI,15,29,0.7996972772980359,0.7978691293508398,CORRECTED_MODERN
JMRI__JMRI,15,30,0.8278683800953592,0.7928295955048664,CORRECTED_MODERN
JMRI__JMRI,20,1,0.8510420682070331,0.8300512659605527,CORRECTED_MODERN
JMRI__JMRI,20,2,0.8215686983905232,0.8206593624964098,CORRECTED_MODERN
JMRI__JMRI,20,3,0.843707799384004,0.819050464107502,CORRECTED_MODERN
JMRI__JMRI,20,4,0.8524348386026984,0.8233915058412853,CORRECTED_MODERN
JMRI__JMRI,20,5,0.8800257355884803,0.8468373250427432,CORRECTED_MODERN
JMRI__JMRI,20,6,0.8458866107063693,0.818250096135844,CORRECTED_MODERN
JMRI__JMRI,20,7,0.8058608189557104,0.7925848485872843,CORRECTED_MODERN
JMRI__JMRI,20,8,0.8481268663588898,0.8142309168751506,CORRECTED_MODERN
JMRI__JMRI,20,9,0.8268859929106772,0.8164999629041559,CORRECTED_MODERN
JMRI__JMRI,20,10,0.8557080981872764,0.8358354383498656,CORRECTED_MODERN
JMRI__JMRI,20,11,0.8753803278054114,0.8648049312173228,CORRECTED_MODERN
JMRI__JMRI,20,12,0.8378205392439316,0.8162606367981887,CORRECTED_MODERN
JMRI__JMRI,20,13,0.8174562092838773,0.7848049730933573,CORRECTED_MODERN
JMRI__JMRI,20,14,0.8244647816483228,0.7995772805166096,CORRECTED_MODERN
JMRI__JMRI,20,15,0.8353019520031052,0.8209340610288782,CORRECTED_MODERN
JMRI__JMRI,20,16,0.8317003944314633,0.8363095166756495,CORRECTED_MODERN
JMRI__JMRI,20,17,0.8505883813887989,0.830327148158113,CORRECTED_MODERN
JMRI__JMRI,20,18,0.8516091799885669,0.816242116990814,CORRECTED_MODERN
JMRI__JMRI,20,19,0.8402277049756162,0.8219678887024106,CORRECTED_MODERN
JMRI__JMRI,20,20,0.8812677060544383,0.8642767217733741,CORRECTED_MODERN
JMRI__JMRI,20,21,0.8318751039071989,0.8131023080088475,CORRECTED_MODERN
JMRI__JMRI,20,22,0.8445106829220722,0.812153698205932,CORRECTED_MODERN
JMRI__JMRI,20,23,0.8451887502015883,0.8274091163132816,CORRECTED_MODERN
JMRI__JMRI,20,24,0.8398479740576271,0.8338861042174318,CORRECTED_MODERN
JMRI__JMRI,20,25,0.8255770370575947,0.812636409345563,CORRECTED_MODERN
JMRI__JMRI,20,26,0.9050146872216724,0.8829576121356947,CORRECTED_MODERN
JMRI__JMRI,20,27,0.8069086691428214,0.785794143889096,CORRECTED_MODERN
JMRI__JMRI,20,28,0.7893360022628851,0.7869874288153155,CORRECTED_MODERN
JMRI__JMRI,20,29,0.8134538658648198,0.8169175446514926,CORRECTED_MODERN
JMRI__JMRI,20,30,0.8280459306512705,0.7863128062721394,CORRECTED_MODERN
JMRI__JMRI,25,1,0.8668212802056544,0.8451558745200124,CORRECTED_MODERN
JMRI__JMRI,25,2,0.8327458137808533,0.836740234819974,CORRECTED_MODERN
JMRI__JMRI,25,3,0.8766480383610297,0.8490391610187619,CORRECTED_MODERN
JMRI__JMRI,25,4,0.8513208001379554,0.8274712736267746,CORRECTED_MODERN
JMRI__JMRI,25,5,0.8965398669606429,0.8589156873196876,CORRECTED_MODERN
JMRI__JMRI,25,6,0.8662644385945016,0.8400298885267145,CORRECTED_MODERN
JMRI__JMRI,25,7,0.8185352242713372,0.8099610327739898,CORRECTED_MODERN
JMRI__JMRI,25,8,0.8324301840482171,0.7958179594076645,CORRECTED_MODERN
JMRI__JMRI,25,9,0.8683147644242869,0.838134167171081,CORRECTED_MODERN
JMRI__JMRI,25,10,0.8666915700768908,0.844446144249147,CORRECTED_MODERN
JMRI__JMRI,25,11,0.8612797538873259,0.855401148248523,CORRECTED_MODERN
JMRI__JMRI,25,12,0.870640301358183,0.8419641573450573,CORRECTED_MODERN
JMRI__JMRI,25,13,0.8563559148440518,0.8277140194733846,CORRECTED_MODERN
JMRI__JMRI,25,14,0.8485383365654923,0.8256747775430991,CORRECTED_MODERN
JMRI__JMRI,25,15,0.8329592703260632,0.8227891572573393,CORRECTED_MODERN
JMRI__JMRI,25,16,0.8454964527681454,0.8522113190440462,CORRECTED_MODERN
JMRI__JMRI,25,17,0.8498094266745251,0.8350835752556828,CORRECTED_MODERN
JMRI__JMRI,25,18,0.8586396410028959,0.8303627101985088,CORRECTED_MODERN
JMRI__JMRI,25,19,0.8646565424545689,0.8521325696043359,CORRECTED_MODERN
JMRI__JMRI,25,20,0.8834625832857856,0.8631959125728071,CORRECTED_MODERN
JMRI__JMRI,25,21,0.8210397746480389,0.8053187244021961,CORRECTED_MODERN
JMRI__JMRI,25,22,0.8520529923530372,0.8243803822357063,CORRECTED_MODERN
JMRI__JMRI,25,23,0.8462280416889808,0.8337966558566258,CORRECTED_MODERN
JMRI__JMRI,25,24,0.8602039663644151,0.8569448914460898,CORRECTED_MODERN
JMRI__JMRI,25,25,0.8389841325277289,0.8266795415044726,CORRECTED_MODERN
JMRI__JMRI,25,26,0.8996007205266693,0.8816617472863623,CORRECTED_MODERN
JMRI__JMRI,25,27,0.8667160287827392,0.8249196145565287,CORRECTED_MODERN
JMRI__JMRI,25,28,0.8437513634631021,0.8348841363036343,CORRECTED_MODERN
JMRI__JMRI,25,29,0.8164157365299101,0.7975777421987202,CORRECTED_MODERN
JMRI__JMRI,25,30,0.8501406930258798,0.8163002334970709,CORRECTED_MODERN
JMRI__JMRI,30,1,0.8599900695610563,0.8441601172121552,CORRECTED_MODERN
JMRI__JMRI,30,2,0.8455962642342337,0.83948986474371,CORRECTED_MODERN
JMRI__JMRI,30,3,0.9003921017267796,0.8743996508939009,CORRECTED_MODERN
JMRI__JMRI,30,4,0.8631376825713245,0.8371855613556684,CORRECTED_MODERN
JMRI__JMRI,30,5,0.8968874799836376,0.8578453845684059,CORRECTED_MODERN
JMRI__JMRI,30,6,0.8831590466618516,0.8601856273714406,CORRECTED_MODERN
JMRI__JMRI,30,7,0.8120750917347461,0.805059812656807,CORRECTED_MODERN
JMRI__JMRI,30,8,0.8433536167139729,0.8091727005020019,CORRECTED_MODERN
JMRI__JMRI,30,9,0.8675756673748767,0.8390563537586285,CORRECTED_MODERN
JMRI__JMRI,30,10,0.9142982491090924,0.8916377631923793,CORRECTED_MODERN
JMRI__JMRI,30,11,0.8583010351806145,0.8530953993024317,CORRECTED_MODERN
JMRI__JMRI,30,12,0.8667830056294323,0.8406679217123041,CORRECTED_MODERN
JMRI__JMRI,30,13,0.8513023309790878,0.8255380389490595,CORRECTED_MODERN
JMRI__JMRI,30,14,0.8722722952888379,0.8488500711054744,CORRECTED_MODERN
JMRI__JMRI,30,15,0.830342950549524,0.8211087536062686,CORRECTED_MODERN
JMRI__JMRI,30,16,0.8526054425846542,0.8581571724831263,CORRECTED_MODERN
JMRI__JMRI,30,17,0.8662550473209002,0.8478950019546012,CORRECTED_MODERN
JMRI__JMRI,30,18,0.8664553929545171,0.8437688249340375,CORRECTED_MODERN
JMRI__JMRI,30,19,0.8626719568993307,0.8551488491872513,CORRECTED_MODERN
JMRI__JMRI,30,20,0.871285280749301,0.8556235688374466,CORRECTED_MODERN
JMRI__JMRI,30,21,0.8215130701908787,0.8091135843247486,CORRECTED_MODERN
JMRI__JMRI,30,22,0.8616993244710104,0.8386988217395515,CORRECTED_MODERN
JMRI__JMRI,30,23,0.8672059880999172,0.8589269975443993,CORRECTED_MODERN
JMRI__JMRI,30,24,0.8644034043883163,0.8529709008078571,CORRECTED_MODERN
JMRI__JMRI,30,25,0.8318323826538343,0.8192169901943626,CORRECTED_MODERN
JMRI__JMRI,30,26,0.9186030525919427,0.9026237942697232,CORRECTED_MODERN
JMRI__JMRI,30,27,0.912773697502434,0.8734505334601015,CORRECTED_MODERN
JMRI__JMRI,30,28,0.8327723971874089,0.8231068903389046,CORRECTED_MODERN
JMRI__JMRI,30,29,0.8136758614862396,0.796683820714295,CORRECTED_MODERN
JMRI__JMRI,30,30,0.8360733772558815,0.8047254167947337,CORRECTED_MODERN
JMRI__JMRI,40,1,0.8473552156513692,0.8362811287404384,CORRECTED_MODERN
JMRI__JMRI,40,2,0.8878668442908633,0.8701904030671045,CORRECTED_MODERN
JMRI__JMRI,40,3,0.8946170766536151,0.8780953382504308,CORRECTED_MODERN
JMRI__JMRI,40,4,0.8946759428860371,0.8721373186594025,CORRECTED_MODERN
JMRI__JMRI,40,5,0.8887137781200544,0.8519759008503063,CORRECTED_MODERN
JMRI__JMRI,40,6,0.9002579948033022,0.8783762467517482,CORRECTED_MODERN
JMRI__JMRI,40,7,0.8361119567582763,0.8136574269456123,CORRECTED_MODERN
JMRI__JMRI,40,8,0.857883245953656,0.8235146422207831,CORRECTED_MODERN
JMRI__JMRI,40,9,0.8909638155674612,0.8619020800798523,CORRECTED_MODERN
JMRI__JMRI,40,10,0.9218047470200212,0.8940889505004274,CORRECTED_MODERN
JMRI__JMRI,40,11,0.8908646965943872,0.8622818117956333,CORRECTED_MODERN
JMRI__JMRI,40,12,0.8640250886849988,0.8247074047532408,CORRECTED_MODERN
JMRI__JMRI,40,13,0.8522881683043327,0.827479406091785,CORRECTED_MODERN
JMRI__JMRI,40,14,0.8722766608248985,0.8530082819075603,CORRECTED_MODERN
JMRI__JMRI,40,15,0.8444499079907172,0.8297517940544754,CORRECTED_MODERN
JMRI__JMRI,40,16,0.8499323581427193,0.8558341052377724,CORRECTED_MODERN
JMRI__JMRI,40,17,0.8771391717816747,0.8599910032549986,CORRECTED_MODERN
JMRI__JMRI,40,18,0.8879948799403025,0.8738380065689556,CORRECTED_MODERN
JMRI__JMRI,40,19,0.889522397667483,0.8739297063754107,CORRECTED_MODERN
JMRI__JMRI,40,20,0.8575702776967264,0.8513076788635061,CORRECTED_MODERN
JMRI__JMRI,40,21,0.8200604704281179,0.7984375290067148,CORRECTED_MODERN
JMRI__JMRI,40,22,0.8693016914156297,0.8424634110950322,CORRECTED_MODERN
JMRI__JMRI,40,23,0.8894434293922314,0.8744622408757179,CORRECTED_MODERN
JMRI__JMRI,40,24,0.8777809892690027,0.8718172432427217,CORRECTED_MODERN
JMRI__JMRI,40,25,0.8664271498275192,0.8567810061500021,CORRECTED_MODERN
JMRI__JMRI,40,26,0.9166968167545338,0.8933482292396726,CORRECTED_MODERN
JMRI__JMRI,40,27,0.916242697442823,0.8780537976121261,CORRECTED_MODERN
JMRI__JMRI,40,28,0.8498343492650134,0.848645580315979,CORRECTED_MODERN
JMRI__JMRI,40,29,0.8254497091941605,0.8003136669069199,CORRECTED_MODERN
JMRI__JMRI,40,30,0.8821572697508003,0.8586505579901725,CORRECTED_MODERN
JMRI__JMRI,50,1,0.8917468036381004,0.8765518969536235,CORRECTED_MODERN
JMRI__JMRI,50,2,0.8755008514803411,0.8575463752151302,CORRECTED_MODERN
JMRI__JMRI,50,3,0.9084236684949326,0.8864518763905395,CORRECTED_MODERN
JMRI__JMRI,50,4,0.8936129255770728,0.86738346092064,CORRECTED_MODERN
JMRI__JMRI,50,5,0.8882183799727915,0.8551377908088785,CORRECTED_MODERN
JMRI__JMRI,50,6,0.901286303083079,0.8809191766309011,CORRECTED_MODERN
JMRI__JMRI,50,7,0.8347936827678734,0.812889095137788,CORRECTED_MODERN
JMRI__JMRI,50,8,0.8554240802809319,0.8242461303274977,CORRECTED_MODERN
JMRI__JMRI,50,9,0.8850143072616751,0.8598828333345506,CORRECTED_MODERN
JMRI__JMRI,50,10,0.9339861200151368,0.9091056076400365,CORRECTED_MODERN
JMRI__JMRI,50,11,0.9049072260475868,0.8774507103776387,CORRECTED_MODERN
JMRI__JMRI,50,12,0.8620767402081452,0.8211468754274333,CORRECTED_MODERN
JMRI__JMRI,50,13,0.8571406236202984,0.8402959542116699,CORRECTED_MODERN
JMRI__JMRI,50,14,0.8858968161322346,0.8693819102706181,CORRECTED_MODERN
JMRI__JMRI,50,15,0.8578513000363057,0.8382439894723879,CORRECTED_MODERN
JMRI__JMRI,50,16,0.8489906095690866,0.8549426590648087,CORRECTED_MODERN
JMRI__JMRI,50,17,0.8750128056114921,0.8647687384733708,CORRECTED_MODERN
JMRI__JMRI,50,18,0.8832022299115665,0.8719556318820211,CORRECTED_MODERN
JMRI__JMRI,50,19,0.8926165963049844,0.8761366682569647,CORRECTED_MODERN
JMRI__JMRI,50,20,0.8532962755199519,0.8396281447446242,CORRECTED_MODERN
JMRI__JMRI,50,21,0.8633360821491332,0.8461303967466588,CORRECTED_MODERN
JMRI__JMRI,50,22,0.8715582274738614,0.8501281804456218,CORRECTED_MODERN
JMRI__JMRI,50,23,0.8890040447870894,0.8753942838079172,CORRECTED_MODERN
JMRI__JMRI,50,24,0.8894007429738476,0.8754607674420471,CORRECTED_MODERN
JMRI__JMRI,50,25,0.8758478198854663,0.8566846263116527,CORRECTED_MODERN
JMRI__JMRI,50,26,0.9277794852446372,0.9018909847405152,CORRECTED_MODERN
JMRI__JMRI,50,27,0.9100181169722332,0.8749554100198459,CORRECTED_MODERN
JMRI__JMRI,50,28,0.850141573635797,0.8333318856716351,CORRECTED_MODERN
JMRI__JMRI,50,29,0.8700041029621749,0.8465559224229177,CORRECTED_MODERN
JMRI__JMRI,50,30,0.9107260028420108,0.8888919498896608,CORRECTED_MODERN
SonarSource__sonarqube,0,1,0.5962303586532021,0.5225288603476227,CORRECTED_MODERN
SonarSource__sonarqube,0,2,0.5962303586532021,0.5225288603476227,CORRECTED_MODERN
SonarSource__sonarqube,0,3,0.5962303586532021,0.5225288603476227,CORRECTED_MODERN
SonarSource__sonarqube,0,4,0.5962303586532021,0.5225288603476227,CORRECTED_MODERN
SonarSource__sonarqube,0,5,0.5962303586532021,0.5225288603476227,CORRECTED_MODERN
SonarSource__sonarqube,0,6,0.5962303586532021,0.5225288603476227,CORRECTED_MODERN
SonarSource__sonarqube,0,7,0.5962303586532021,0.5225288603476227,CORRECTED_MODERN
SonarSource__sonarqube,0,8,0.5962303586532021,0.5225288603476227,CORRECTED_MODERN
SonarSource__sonarqube,0,9,0.5962303586532021,0.5225288603476227,CORRECTED_MODERN
SonarSource__sonarqube,0,10,0.5962303586532021,0.5225288603476227,CORRECTED_MODERN
SonarSource__sonarqube,0,11,0.5962303586532021,0.5225288603476227,CORRECTED_MODERN
SonarSource__sonarqube,0,12,0.5962303586532021,0.5225288603476227,CORRECTED_MODERN
SonarSource__sonarqube,0,13,0.5962303586532021,0.5225288603476227,CORRECTED_MODERN
SonarSource__sonarqube,0,14,0.5962303586532021,0.5225288603476227,CORRECTED_MODERN
SonarSource__sonarqube,0,15,0.5962303586532021,0.5225288603476227,CORRECTED_MODERN
SonarSource__sonarqube,0,16,0.5962303586532021,0.5225288603476227,CORRECTED_MODERN
SonarSource__sonarqube,0,17,0.5962303586532021,0.5225288603476227,CORRECTED_MODERN
SonarSource__sonarqube,0,18,0.5962303586532021,0.5225288603476227,CORRECTED_MODERN
SonarSource__sonarqube,0,19,0.5962303586532021,0.5225288603476227,CORRECTED_MODERN
SonarSource__sonarqube,0,20,0.5962303586532021,0.5225288603476227,CORRECTED_MODERN
SonarSource__sonarqube,0,21,0.5962303586532021,0.5225288603476227,CORRECTED_MODERN
SonarSource__sonarqube,0,22,0.5962303586532021,0.5225288603476227,CORRECTED_MODERN
SonarSource__sonarqube,0,23,0.5962303586532021,0.5225288603476227,CORRECTED_MODERN
SonarSource__sonarqube,0,24,0.5962303586532021,0.5225288603476227,CORRECTED_MODERN
SonarSource__sonarqube,0,25,0.5962303586532021,0.5225288603476227,CORRECTED_MODERN
SonarSource__sonarqube,0,26,0.5962303586532021,0.5225288603476227,CORRECTED_MODERN
SonarSource__sonarqube,0,27,0.5962303586532021,0.5225288603476227,CORRECTED_MODERN
SonarSource__sonarqube,0,28,0.5962303586532021,0.5225288603476227,CORRECTED_MODERN
SonarSource__sonarqube,0,29,0.5962303586532021,0.5225288603476227,CORRECTED_MODERN
SonarSource__sonarqube,0,30,0.5962303586532021,0.5225288603476227,CORRECTED_MODERN
SonarSource__sonarqube,5,1,0.5465384665122096,0.5238777521971882,CORRECTED_MODERN
SonarSource__sonarqube,5,2,0.5842991927657494,0.5712320446919239,CORRECTED_MODERN
SonarSource__sonarqube,5,3,0.5999370030449956,0.5855710142102657,CORRECTED_MODERN
SonarSource__sonarqube,5,4,0.5495217035116572,0.5269668231169105,CORRECTED_MODERN
SonarSource__sonarqube,5,5,0.6094903921088015,0.5638317498658596,CORRECTED_MODERN
SonarSource__sonarqube,5,6,0.5748962814445855,0.5475251303189339,CORRECTED_MODERN
SonarSource__sonarqube,5,7,0.6108783341665796,0.5991015650545725,CORRECTED_MODERN
SonarSource__sonarqube,5,8,0.5213945280081151,0.5226888257315035,CORRECTED_MODERN
SonarSource__sonarqube,5,9,0.6388315650179457,0.5844814016036628,CORRECTED_MODERN
SonarSource__sonarqube,5,10,0.6796677828173261,0.631348214167809,CORRECTED_MODERN
SonarSource__sonarqube,5,11,0.5830413627094314,0.5538250857935668,CORRECTED_MODERN
SonarSource__sonarqube,5,12,0.6394085569318572,0.5974100964506271,CORRECTED_MODERN
SonarSource__sonarqube,5,13,0.5609219499796723,0.5403469396226158,CORRECTED_MODERN
SonarSource__sonarqube,5,14,0.550691191690154,0.5512904103538309,CORRECTED_MODERN
SonarSource__sonarqube,5,15,0.6222203753493026,0.5913718924564169,CORRECTED_MODERN
SonarSource__sonarqube,5,16,0.5926705896635758,0.5806674945833296,CORRECTED_MODERN
SonarSource__sonarqube,5,17,0.5226038848323793,0.5126710063407849,CORRECTED_MODERN
SonarSource__sonarqube,5,18,0.5620515946606522,0.5367833674107303,CORRECTED_MODERN
SonarSource__sonarqube,5,19,0.5922765385281002,0.5783525245238427,CORRECTED_MODERN
SonarSource__sonarqube,5,20,0.6618510865646101,0.6161924114200719,CORRECTED_MODERN
SonarSource__sonarqube,5,21,0.5832865024324851,0.5554561857865119,CORRECTED_MODERN
SonarSource__sonarqube,5,22,0.5032821960723535,0.4931688448593336,CORRECTED_MODERN
SonarSource__sonarqube,5,23,0.5931460415475569,0.5377163685382581,CORRECTED_MODERN
SonarSource__sonarqube,5,24,0.5026938619119645,0.4713108043079133,CORRECTED_MODERN
SonarSource__sonarqube,5,25,0.5909934734035722,0.5649990743523435,CORRECTED_MODERN
SonarSource__sonarqube,5,26,0.6652803014174867,0.6203165533533602,CORRECTED_MODERN
SonarSource__sonarqube,5,27,0.5488557537043234,0.542842289152573,CORRECTED_MODERN
SonarSource__sonarqube,5,28,0.5172285126461023,0.4915329506345111,CORRECTED_MODERN
SonarSource__sonarqube,5,29,0.5860411293139265,0.5712923735542946,CORRECTED_MODERN
SonarSource__sonarqube,5,30,0.5979610008190506,0.5584295432270392,CORRECTED_MODERN
SonarSource__sonarqube,10,1,0.5895232213965931,0.556479936550827,CORRECTED_MODERN
SonarSource__sonarqube,10,2,0.6094247773767547,0.5905501943206943,CORRECTED_MODERN
SonarSource__sonarqube,10,3,0.5804247763114743,0.5325997140857394,CORRECTED_MODERN
SonarSource__sonarqube,10,4,0.538469580299037,0.5159984430043757,CORRECTED_MODERN
SonarSource__sonarqube,10,5,0.6230698944172254,0.5482466100104019,CORRECTED_MODERN
SonarSource__sonarqube,10,6,0.6287727949596611,0.579793132633474,CORRECTED_MODERN
SonarSource__sonarqube,10,7,0.5965004948856986,0.6034663593180516,CORRECTED_MODERN
SonarSource__sonarqube,10,8,0.5448810541754597,0.5252326138681316,CORRECTED_MODERN
SonarSource__sonarqube,10,9,0.631967690907186,0.5932951931466787,CORRECTED_MODERN
SonarSource__sonarqube,10,10,0.6292929079792092,0.600690339157354,CORRECTED_MODERN
SonarSource__sonarqube,10,11,0.5813477942284399,0.5365966009075029,CORRECTED_MODERN
SonarSource__sonarqube,10,12,0.6850798281392213,0.6323317470612267,CORRECTED_MODERN
SonarSource__sonarqube,10,13,0.6370472340653123,0.6216990055996146,CORRECTED_MODERN
SonarSource__sonarqube,10,14,0.5211193792834486,0.514723030674713,CORRECTED_MODERN
SonarSource__sonarqube,10,15,0.6265543612136942,0.6024824213705622,CORRECTED_MODERN
SonarSource__sonarqube,10,16,0.5476861177559493,0.5200825516534844,CORRECTED_MODERN
SonarSource__sonarqube,10,17,0.5859971384348166,0.5567331954881679,CORRECTED_MODERN
SonarSource__sonarqube,10,18,0.565685173685017,0.5401079564911944,CORRECTED_MODERN
SonarSource__sonarqube,10,19,0.5903257358263492,0.5811931733547475,CORRECTED_MODERN
SonarSource__sonarqube,10,20,0.6599988066286351,0.6144246940530051,CORRECTED_MODERN
SonarSource__sonarqube,10,21,0.5856996878226077,0.5637515449586876,CORRECTED_MODERN
SonarSource__sonarqube,10,22,0.5170425895797801,0.5013035296426799,CORRECTED_MODERN
SonarSource__sonarqube,10,23,0.6201738235431694,0.5639770227697132,CORRECTED_MODERN
SonarSource__sonarqube,10,24,0.5839423065671837,0.524289096600185,CORRECTED_MODERN
SonarSource__sonarqube,10,25,0.5763987834563367,0.5648019051569789,CORRECTED_MODERN
SonarSource__sonarqube,10,26,0.6446668261011091,0.585255731340805,CORRECTED_MODERN
SonarSource__sonarqube,10,27,0.5583657601294605,0.5382472247435347,CORRECTED_MODERN
SonarSource__sonarqube,10,28,0.5394569406156999,0.5031079632415638,CORRECTED_MODERN
SonarSource__sonarqube,10,29,0.6391945498943735,0.5940851075616191,CORRECTED_MODERN
SonarSource__sonarqube,10,30,0.6097418939149319,0.5640647513689956,CORRECTED_MODERN
SonarSource__sonarqube,15,1,0.5962298749109445,0.5641924113623152,CORRECTED_MODERN
SonarSource__sonarqube,15,2,0.5971251630389007,0.5813168375161705,CORRECTED_MODERN
SonarSource__sonarqube,15,3,0.6043193032377254,0.5659127683054015,CORRECTED_MODERN
SonarSource__sonarqube,15,4,0.572695368283986,0.5517630600047216,CORRECTED_MODERN
SonarSource__sonarqube,15,5,0.6631403530307888,0.5833259654409638,CORRECTED_MODERN
SonarSource__sonarqube,15,6,0.6119883407561866,0.5712464327236997,CORRECTED_MODERN
SonarSource__sonarqube,15,7,0.5940882726173955,0.584184187896838,CORRECTED_MODERN
SonarSource__sonarqube,15,8,0.5987381680623088,0.5613438058016753,CORRECTED_MODERN
SonarSource__sonarqube,15,9,0.597963433359486,0.5671980556410854,CORRECTED_MODERN
SonarSource__sonarqube,15,10,0.6186872573676236,0.5953138516286796,CORRECTED_MODERN
SonarSource__sonarqube,15,11,0.6382722217494571,0.5685228887294353,CORRECTED_MODERN
SonarSource__sonarqube,15,12,0.6807132319801316,0.6349080106576732,CORRECTED_MODERN
SonarSource__sonarqube,15,13,0.6294786959991867,0.5994158405433074,CORRECTED_MODERN
SonarSource__sonarqube,15,14,0.5744767120511594,0.5353524814573086,CORRECTED_MODERN
SonarSource__sonarqube,15,15,0.6163682943117498,0.6063135474147127,CORRECTED_MODERN
SonarSource__sonarqube,15,16,0.5524326329917051,0.5224201519331586,CORRECTED_MODERN
SonarSource__sonarqube,15,17,0.6108234322426497,0.545937901384684,CORRECTED_MODERN
SonarSource__sonarqube,15,18,0.5738667394915309,0.5415576941795252,CORRECTED_MODERN
SonarSource__sonarqube,15,19,0.606724662412189,0.5612091207610386,CORRECTED_MODERN
SonarSource__sonarqube,15,20,0.6570547451023935,0.5998600844231724,CORRECTED_MODERN
SonarSource__sonarqube,15,21,0.5815883807376165,0.5518028368752793,CORRECTED_MODERN
SonarSource__sonarqube,15,22,0.5161262807325838,0.4973486440617606,CORRECTED_MODERN
SonarSource__sonarqube,15,23,0.6241603775408032,0.5622256517364059,CORRECTED_MODERN
SonarSource__sonarqube,15,24,0.6230574737512516,0.5685854102414687,CORRECTED_MODERN
SonarSource__sonarqube,15,25,0.5793932882585393,0.5550981948034761,CORRECTED_MODERN
SonarSource__sonarqube,15,26,0.6805364798347545,0.6182594978020062,CORRECTED_MODERN
SonarSource__sonarqube,15,27,0.5589650809915795,0.5325724582568843,CORRECTED_MODERN
SonarSource__sonarqube,15,28,0.610025493413973,0.5613305763989321,CORRECTED_MODERN
SonarSource__sonarqube,15,29,0.6099316886076181,0.5742312459565078,CORRECTED_MODERN
SonarSource__sonarqube,15,30,0.6082767694587481,0.5506196166583708,CORRECTED_MODERN
SonarSource__sonarqube,20,1,0.6325121309656027,0.6041363701529517,CORRECTED_MODERN
SonarSource__sonarqube,20,2,0.5837329368300519,0.5728494542347332,CORRECTED_MODERN
SonarSource__sonarqube,20,3,0.6118357804539258,0.5794538435122952,CORRECTED_MODERN
SonarSource__sonarqube,20,4,0.5959577807365385,0.5746318357691566,CORRECTED_MODERN
SonarSource__sonarqube,20,5,0.6605048393470794,0.5923539687681588,CORRECTED_MODERN
SonarSource__sonarqube,20,6,0.6122256489596188,0.5684469990088233,CORRECTED_MODERN
SonarSource__sonarqube,20,7,0.6021370908732395,0.5771001383110804,CORRECTED_MODERN
SonarSource__sonarqube,20,8,0.590650122181118,0.5609811819433803,CORRECTED_MODERN
SonarSource__sonarqube,20,9,0.5768615962945379,0.5559095930941045,CORRECTED_MODERN
SonarSource__sonarqube,20,10,0.59428834686966,0.5654695762626939,CORRECTED_MODERN
SonarSource__sonarqube,20,11,0.6268124030680107,0.5591504244702176,CORRECTED_MODERN
SonarSource__sonarqube,20,12,0.6715870123435513,0.625034033418146,CORRECTED_MODERN
SonarSource__sonarqube,20,13,0.6307396931692869,0.602399182018926,CORRECTED_MODERN
SonarSource__sonarqube,20,14,0.5831796375891931,0.539557439151142,CORRECTED_MODERN
SonarSource__sonarqube,20,15,0.6013335868167944,0.5965014574257382,CORRECTED_MODERN
SonarSource__sonarqube,20,16,0.5841366794755783,0.5516627797954893,CORRECTED_MODERN
SonarSource__sonarqube,20,17,0.5800470870114967,0.5313021064865967,CORRECTED_MODERN
SonarSource__sonarqube,20,18,0.5588934781760031,0.5303828342658463,CORRECTED_MODERN
SonarSource__sonarqube,20,19,0.5935866561540692,0.5548536721442081,CORRECTED_MODERN
SonarSource__sonarqube,20,20,0.6492575251608843,0.5948166791980242,CORRECTED_MODERN
SonarSource__sonarqube,20,21,0.581125442352392,0.5518241881186311,CORRECTED_MODERN
SonarSource__sonarqube,20,22,0.5235119840128583,0.4992123960189076,CORRECTED_MODERN
SonarSource__sonarqube,20,23,0.6680316037635516,0.6153743136532128,CORRECTED_MODERN
SonarSource__sonarqube,20,24,0.6160289327803613,0.5674282166376221,CORRECTED_MODERN
SonarSource__sonarqube,20,25,0.5639851398027558,0.5442658996391538,CORRECTED_MODERN
SonarSource__sonarqube,20,26,0.6722429686705859,0.6006415870651264,CORRECTED_MODERN
SonarSource__sonarqube,20,27,0.5565027890763323,0.5377915507094064,CORRECTED_MODERN
SonarSource__sonarqube,20,28,0.5852171269202358,0.5342924647755508,CORRECTED_MODERN
SonarSource__sonarqube,20,29,0.6228520476279487,0.5893743429296775,CORRECTED_MODERN
SonarSource__sonarqube,20,30,0.58196891790067,0.5257292963206125,CORRECTED_MODERN
SonarSource__sonarqube,25,1,0.6337585225451365,0.594498494970904,CORRECTED_MODERN
SonarSource__sonarqube,25,2,0.5768624664072739,0.5624173784846089,CORRECTED_MODERN
SonarSource__sonarqube,25,3,0.6341858504726776,0.5996915081892084,CORRECTED_MODERN
SonarSource__sonarqube,25,4,0.6077473374435867,0.582571292381528,CORRECTED_MODERN
SonarSource__sonarqube,25,5,0.64914330876321,0.5784406045727215,CORRECTED_MODERN
SonarSource__sonarqube,25,6,0.605424471072043,0.5588775884506395,CORRECTED_MODERN
SonarSource__sonarqube,25,7,0.5922808667464124,0.5680127259393349,CORRECTED_MODERN
SonarSource__sonarqube,25,8,0.5923225213452753,0.5478734150879296,CORRECTED_MODERN
SonarSource__sonarqube,25,9,0.5877646745514297,0.5367676330640946,CORRECTED_MODERN
SonarSource__sonarqube,25,10,0.5814672061483038,0.5588529120305958,CORRECTED_MODERN
SonarSource__sonarqube,25,11,0.6169319003372001,0.5533734707247228,CORRECTED_MODERN
SonarSource__sonarqube,25,12,0.6657632137319979,0.6197494322425736,CORRECTED_MODERN
SonarSource__sonarqube,25,13,0.6152254815693072,0.5862128759452689,CORRECTED_MODERN
SonarSource__sonarqube,25,14,0.6028124228695326,0.5574417627061369,CORRECTED_MODERN
SonarSource__sonarqube,25,15,0.600336874628918,0.5811680471679507,CORRECTED_MODERN
SonarSource__sonarqube,25,16,0.5949806588207084,0.5452127145450112,CORRECTED_MODERN
SonarSource__sonarqube,25,17,0.6268316504949369,0.5886474180924692,CORRECTED_MODERN
SonarSource__sonarqube,25,18,0.5937880517652219,0.5670488606827495,CORRECTED_MODERN
SonarSource__sonarqube,25,19,0.6158421569654291,0.5692855907752364,CORRECTED_MODERN
SonarSource__sonarqube,25,20,0.6519212572764232,0.601452000683909,CORRECTED_MODERN
SonarSource__sonarqube,25,21,0.6052627249768269,0.5856025337770158,CORRECTED_MODERN
SonarSource__sonarqube,25,22,0.5552928353128013,0.5056581095615464,CORRECTED_MODERN
SonarSource__sonarqube,25,23,0.6672447179167079,0.607167240376077,CORRECTED_MODERN
SonarSource__sonarqube,25,24,0.6213074917440347,0.566688068278216,CORRECTED_MODERN
SonarSource__sonarqube,25,25,0.5971304751347059,0.5687523087119987,CORRECTED_MODERN
SonarSource__sonarqube,25,26,0.6736092516242491,0.617919241921583,CORRECTED_MODERN
SonarSource__sonarqube,25,27,0.5814221716018545,0.5478304352979163,CORRECTED_MODERN
SonarSource__sonarqube,25,28,0.5746433725496111,0.5262489023560284,CORRECTED_MODERN
SonarSource__sonarqube,25,29,0.6172869237215365,0.5821883945340197,CORRECTED_MODERN
SonarSource__sonarqube,25,30,0.5747140950329865,0.5155276202148161,CORRECTED_MODERN
SonarSource__sonarqube,30,1,0.6260991585301487,0.5883417892233591,CORRECTED_MODERN
SonarSource__sonarqube,30,2,0.5675379118444689,0.5558158275261249,CORRECTED_MODERN
SonarSource__sonarqube,30,3,0.6313167571632959,0.5966951141690794,CORRECTED_MODERN
SonarSource__sonarqube,30,4,0.6642155048174414,0.6045282520105931,CORRECTED_MODERN
SonarSource__sonarqube,30,5,0.6450439749437866,0.573631230358073,CORRECTED_MODERN
SonarSource__sonarqube,30,6,0.5888123030509917,0.5492512880011969,CORRECTED_MODERN
SonarSource__sonarqube,30,7,0.5868762401763636,0.5624297091437651,CORRECTED_MODERN
SonarSource__sonarqube,30,8,0.6007091544374059,0.5530414318294732,CORRECTED_MODERN
SonarSource__sonarqube,30,9,0.6209433962328906,0.570706631720047,CORRECTED_MODERN
SonarSource__sonarqube,30,10,0.6172211988164862,0.5574824739186619,CORRECTED_MODERN
SonarSource__sonarqube,30,11,0.6099737913120897,0.5483372960363341,CORRECTED_MODERN
SonarSource__sonarqube,30,12,0.6743297899884693,0.6287530917057634,CORRECTED_MODERN
SonarSource__sonarqube,30,13,0.6115743842066618,0.5897782822272778,CORRECTED_MODERN
SonarSource__sonarqube,30,14,0.6292256892095074,0.5896606182423147,CORRECTED_MODERN
SonarSource__sonarqube,30,15,0.6205969104943568,0.607319720589075,CORRECTED_MODERN
SonarSource__sonarqube,30,16,0.6478935385568512,0.6045249526814696,CORRECTED_MODERN
SonarSource__sonarqube,30,17,0.6108356785860664,0.5752484446740143,CORRECTED_MODERN
SonarSource__sonarqube,30,18,0.6321625588022376,0.5850019796811783,CORRECTED_MODERN
SonarSource__sonarqube,30,19,0.6459095838301512,0.598095279704334,CORRECTED_MODERN
SonarSource__sonarqube,30,20,0.6497053598522474,0.5907834461178091,CORRECTED_MODERN
SonarSource__sonarqube,30,21,0.6092361945094167,0.5811139377509851,CORRECTED_MODERN
SonarSource__sonarqube,30,22,0.5834420591207123,0.5278585416727896,CORRECTED_MODERN
SonarSource__sonarqube,30,23,0.6555260402301377,0.5979644765786157,CORRECTED_MODERN
SonarSource__sonarqube,30,24,0.607526709486689,0.5461840751807289,CORRECTED_MODERN
SonarSource__sonarqube,30,25,0.5839117995638726,0.5623131922678551,CORRECTED_MODERN
SonarSource__sonarqube,30,26,0.6681863074790579,0.612138117771048,CORRECTED_MODERN
SonarSource__sonarqube,30,27,0.5672156109239167,0.5456068967281923,CORRECTED_MODERN
SonarSource__sonarqube,30,28,0.5727169610422584,0.5310457209386972,CORRECTED_MODERN
SonarSource__sonarqube,30,29,0.6520684840668245,0.5974829539275626,CORRECTED_MODERN
SonarSource__sonarqube,30,30,0.579596286248925,0.5285905821068163,CORRECTED_MODERN
SonarSource__sonarqube,40,1,0.6479725603483851,0.5992292428505503,CORRECTED_MODERN
SonarSource__sonarqube,40,2,0.5634172442584936,0.5513104034057206,CORRECTED_MODERN
SonarSource__sonarqube,40,3,0.6213317343856611,0.5826662318359282,CORRECTED_MODERN
SonarSource__sonarqube,40,4,0.6587935850301793,0.60244527581496,CORRECTED_MODERN
SonarSource__sonarqube,40,5,0.6300187219210821,0.5537627721002003,CORRECTED_MODERN
SonarSource__sonarqube,40,6,0.5939679508364558,0.544037853224589,CORRECTED_MODERN
SonarSource__sonarqube,40,7,0.5762607764699875,0.5569294514461368,CORRECTED_MODERN
SonarSource__sonarqube,40,8,0.5864345392347518,0.5403908880579888,CORRECTED_MODERN
SonarSource__sonarqube,40,9,0.6064381552333322,0.5553900101046412,CORRECTED_MODERN
SonarSource__sonarqube,40,10,0.6384726256123356,0.5661076513794087,CORRECTED_MODERN
SonarSource__sonarqube,40,11,0.6333750749023728,0.568508438626955,CORRECTED_MODERN
SonarSource__sonarqube,40,12,0.6637484645362073,0.6220415202896622,CORRECTED_MODERN
SonarSource__sonarqube,40,13,0.6376181305644187,0.5998636297259415,CORRECTED_MODERN
SonarSource__sonarqube,40,14,0.6131136349601428,0.5788550273086327,CORRECTED_MODERN
SonarSource__sonarqube,40,15,0.6357311711580402,0.5824519963273308,CORRECTED_MODERN
SonarSource__sonarqube,40,16,0.6558973217253914,0.618956639349729,CORRECTED_MODERN
SonarSource__sonarqube,40,17,0.6012207818258374,0.5659265733640453,CORRECTED_MODERN
SonarSource__sonarqube,40,18,0.6114938982526639,0.5659025487971509,CORRECTED_MODERN
SonarSource__sonarqube,40,19,0.6410484465437258,0.6041248600065564,CORRECTED_MODERN
SonarSource__sonarqube,40,20,0.6433844054811817,0.5728880538314837,CORRECTED_MODERN
SonarSource__sonarqube,40,21,0.6171173507652211,0.5972626445865551,CORRECTED_MODERN
SonarSource__sonarqube,40,22,0.5803171230125569,0.537269529116025,CORRECTED_MODERN
SonarSource__sonarqube,40,23,0.6578126907691906,0.5977582281174917,CORRECTED_MODERN
SonarSource__sonarqube,40,24,0.591461858476748,0.5254442452888517,CORRECTED_MODERN
SonarSource__sonarqube,40,25,0.6429096132756151,0.5880154085236929,CORRECTED_MODERN
SonarSource__sonarqube,40,26,0.6686858417503077,0.6175196835510501,CORRECTED_MODERN
SonarSource__sonarqube,40,27,0.5786265076103083,0.5490154468151335,CORRECTED_MODERN
SonarSource__sonarqube,40,28,0.5841528754091192,0.5213790912688269,CORRECTED_MODERN
SonarSource__sonarqube,40,29,0.6550690246792509,0.6035286874656912,CORRECTED_MODERN
SonarSource__sonarqube,40,30,0.630421344976414,0.5999975895519364,CORRECTED_MODERN
SonarSource__sonarqube,50,1,0.6391603496481483,0.5899295398018899,CORRECTED_MODERN
SonarSource__sonarqube,50,2,0.6036097651653309,0.5812915230933632,CORRECTED_MODERN
SonarSource__sonarqube,50,3,0.6180875566969982,0.5859503335326588,CORRECTED_MODERN
SonarSource__sonarqube,50,4,0.6606944748342471,0.6086536202931389,CORRECTED_MODERN
SonarSource__sonarqube,50,5,0.6389524915372173,0.5637930867376465,CORRECTED_MODERN
SonarSource__sonarqube,50,6,0.5752238447082845,0.5286568420196697,CORRECTED_MODERN
SonarSource__sonarqube,50,7,0.6099466023120642,0.5593368697426367,CORRECTED_MODERN
SonarSource__sonarqube,50,8,0.583343230177376,0.5304769589393158,CORRECTED_MODERN
SonarSource__sonarqube,50,9,0.6258286096792847,0.5561515071659735,CORRECTED_MODERN
SonarSource__sonarqube,50,10,0.6317916387114889,0.5609782297820701,CORRECTED_MODERN
SonarSource__sonarqube,50,11,0.6361794584730913,0.5719847062808953,CORRECTED_MODERN
SonarSource__sonarqube,50,12,0.6511905618666782,0.6041406911336091,CORRECTED_MODERN
SonarSource__sonarqube,50,13,0.6236585187984661,0.5778948567765084,CORRECTED_MODERN
SonarSource__sonarqube,50,14,0.6315606483426432,0.6073432739301147,CORRECTED_MODERN
SonarSource__sonarqube,50,15,0.6351871134928774,0.5868595765095923,CORRECTED_MODERN
SonarSource__sonarqube,50,16,0.647181215919312,0.6117320599172544,CORRECTED_MODERN
SonarSource__sonarqube,50,17,0.6343970591337983,0.5633969328138912,CORRECTED_MODERN
SonarSource__sonarqube,50,18,0.6667689858221696,0.6052347360936021,CORRECTED_MODERN
SonarSource__sonarqube,50,19,0.6312187218779501,0.5872381506954379,CORRECTED_MODERN
SonarSource__sonarqube,50,20,0.6398796240617728,0.5750911327604318,CORRECTED_MODERN
SonarSource__sonarqube,50,21,0.6647801611857527,0.6063374007667047,CORRECTED_MODERN
SonarSource__sonarqube,50,22,0.5708915411112534,0.5394846754244083,CORRECTED_MODERN
SonarSource__sonarqube,50,23,0.646183853907932,0.5913110576179864,CORRECTED_MODERN
SonarSource__sonarqube,50,24,0.5849694526623036,0.5167000517331173,CORRECTED_MODERN
SonarSource__sonarqube,50,25,0.6265366632638351,0.5629596130431174,CORRECTED_MODERN
SonarSource__sonarqube,50,26,0.6589881075401857,0.6000857911481863,CORRECTED_MODERN
SonarSource__sonarqube,50,27,0.5994276545823054,0.5508799741339281,CORRECTED_MODERN
SonarSource__sonarqube,50,28,0.5948835336115853,0.5347132110947628,CORRECTED_MODERN
SonarSource__sonarqube,50,29,0.6397241185724674,0.5867545886396153,CORRECTED_MODERN
SonarSource__sonarqube,50,30,0.6128353361123016,0.5806161680133443,CORRECTED_MODERN
apache__curator,0,1,0.8573883161512028,0.6726306863073092,CORRECTED_MODERN
apache__curator,0,2,0.8573883161512028,0.6726306863073092,CORRECTED_MODERN
apache__curator,0,3,0.8573883161512028,0.6726306863073092,CORRECTED_MODERN
apache__curator,0,4,0.8573883161512028,0.6726306863073092,CORRECTED_MODERN
apache__curator,0,5,0.8573883161512028,0.6726306863073092,CORRECTED_MODERN
apache__curator,0,6,0.8573883161512028,0.6726306863073092,CORRECTED_MODERN
apache__curator,0,7,0.8573883161512028,0.6726306863073092,CORRECTED_MODERN
apache__curator,0,8,0.8573883161512028,0.6726306863073092,CORRECTED_MODERN
apache__curator,0,9,0.8573883161512028,0.6726306863073092,CORRECTED_MODERN
apache__curator,0,10,0.8573883161512028,0.6726306863073092,CORRECTED_MODERN
apache__curator,0,11,0.8573883161512028,0.6726306863073092,CORRECTED_MODERN
apache__curator,0,12,0.8573883161512028,0.6726306863073092,CORRECTED_MODERN
apache__curator,0,13,0.8573883161512028,0.6726306863073092,CORRECTED_MODERN
apache__curator,0,14,0.8573883161512028,0.6726306863073092,CORRECTED_MODERN
apache__curator,0,15,0.8573883161512028,0.6726306863073092,CORRECTED_MODERN
apache__curator,0,16,0.8573883161512028,0.6726306863073092,CORRECTED_MODERN
apache__curator,0,17,0.8573883161512028,0.6726306863073092,CORRECTED_MODERN
apache__curator,0,18,0.8573883161512028,0.6726306863073092,CORRECTED_MODERN
apache__curator,0,19,0.8573883161512028,0.6726306863073092,CORRECTED_MODERN
apache__curator,0,20,0.8573883161512028,0.6726306863073092,CORRECTED_MODERN
apache__curator,0,21,0.8573883161512028,0.6726306863073092,CORRECTED_MODERN
apache__curator,0,22,0.8573883161512028,0.6726306863073092,CORRECTED_MODERN
apache__curator,0,23,0.8573883161512028,0.6726306863073092,CORRECTED_MODERN
apache__curator,0,24,0.8573883161512028,0.6726306863073092,CORRECTED_MODERN
apache__curator,0,25,0.8573883161512028,0.6726306863073092,CORRECTED_MODERN
apache__curator,0,26,0.8573883161512028,0.6726306863073092,CORRECTED_MODERN
apache__curator,0,27,0.8573883161512028,0.6726306863073092,CORRECTED_MODERN
apache__curator,0,28,0.8573883161512028,0.6726306863073092,CORRECTED_MODERN
apache__curator,0,29,0.8573883161512028,0.6726306863073092,CORRECTED_MODERN
apache__curator,0,30,0.8573883161512028,0.6726306863073092,CORRECTED_MODERN
apache__curator,5,1,0.5555555555555556,0.431104139919863,CORRECTED_MODERN
apache__curator,5,2,0.7193585337915236,0.7533617984505006,CORRECTED_MODERN
apache__curator,5,3,0.4948453608247423,0.44311965658729,CORRECTED_MODERN
apache__curator,5,4,0.8470790378006874,0.7944016733322369,CORRECTED_MODERN
apache__curator,5,5,0.4289805269186713,0.5200530069767633,CORRECTED_MODERN
apache__curator,5,6,0.5967926689576174,0.4836134437827992,CORRECTED_MODERN
apache__curator,5,7,0.7285223367697595,0.588884569762461,CORRECTED_MODERN
apache__curator,5,8,0.1580756013745705,0.1878635599958495,CORRECTED_MODERN
apache__curator,5,9,0.6305841924398625,0.4735332249471506,CORRECTED_MODERN
apache__curator,5,10,0.5166093928980526,0.6738453773900747,CORRECTED_MODERN
apache__curator,5,11,0.4788087056128293,0.4861782310468,CORRECTED_MODERN
apache__curator,5,12,0.7119129438717067,0.6158080763013376,CORRECTED_MODERN
apache__curator,5,13,0.5400916380297824,0.4061000751092442,CORRECTED_MODERN
apache__curator,5,14,0.5194730813287515,0.5386280785132112,CORRECTED_MODERN
apache__curator,5,15,0.513745704467354,0.4969506893072656,CORRECTED_MODERN
apache__curator,5,16,0.5040091638029782,0.5293692213504528,CORRECTED_MODERN
apache__curator,5,17,0.6208476517754868,0.6389132131352339,CORRECTED_MODERN
apache__curator,5,18,0.7422680412371134,0.6600031597119919,CORRECTED_MODERN
apache__curator,5,19,0.6305841924398625,0.5776387052725149,CORRECTED_MODERN
apache__curator,5,20,0.347651775486827,0.4642029311279781,CORRECTED_MODERN
apache__curator,5,21,0.493127147766323,0.5442251631626382,CORRECTED_MODERN
apache__curator,5,22,0.4639175257731959,0.3929089574080959,CORRECTED_MODERN
apache__curator,5,23,0.4484536082474227,0.3628014552887821,CORRECTED_MODERN
apache__curator,5,24,0.5698739977090492,0.5142986437398782,CORRECTED_MODERN
apache__curator,5,25,0.640893470790378,0.6769762158550181,CORRECTED_MODERN
apache__curator,5,26,0.640893470790378,0.5308361273736294,CORRECTED_MODERN
apache__curator,5,27,0.513745704467354,0.4911821533762144,CORRECTED_MODERN
apache__curator,5,28,0.5177548682703321,0.4982628475014221,CORRECTED_MODERN
apache__curator,5,29,0.5240549828178694,0.5132457621099434,CORRECTED_MODERN
apache__curator,5,30,0.493127147766323,0.6356857315030274,CORRECTED_MODERN
apache__curator,10,1,0.6815578465063001,0.667947417992961,CORRECTED_MODERN
apache__curator,10,2,0.6443298969072164,0.6130235227752632,CORRECTED_MODERN
apache__curator,10,3,0.4186712485681558,0.3762754441153752,CORRECTED_MODERN
apache__curator,10,4,0.7852233676975946,0.7540699212652897,CORRECTED_MODERN
apache__curator,10,5,0.5429553264604812,0.5327597790479732,CORRECTED_MODERN
apache__curator,10,6,0.368270332187858,0.3678684568343139,CORRECTED_MODERN
apache__curator,10,7,0.7256586483390608,0.5950667583910076,CORRECTED_MODERN
apache__curator,10,8,0.3951890034364261,0.3867215914363652,CORRECTED_MODERN
apache__curator,10,9,0.6443298969072164,0.5416290377456215,CORRECTED_MODERN
apache__curator,10,10,0.3734249713631157,0.4004935140198575,CORRECTED_MODERN
apache__curator,10,11,0.570446735395189,0.5988686322879434,CORRECTED_MODERN
apache__curator,10,12,0.604810996563574,0.586734803005683,CORRECTED_MODERN
apache__curator,10,13,0.4163802978235968,0.3201860585650672,CORRECTED_MODERN
apache__curator,10,14,0.6351660939289805,0.7179620897748017,CORRECTED_MODERN
apache__curator,10,15,0.4828178694158076,0.4690808155061681,CORRECTED_MODERN
apache__curator,10,16,0.4627720504009164,0.4852593705610594,CORRECTED_MODERN
apache__curator,10,17,0.7164948453608248,0.6478597554755534,CORRECTED_MODERN
apache__curator,10,18,0.5652920962199313,0.5592217888766116,CORRECTED_MODERN
apache__curator,10,19,0.5882016036655212,0.5199160868423491,CORRECTED_MODERN
apache__curator,10,20,0.1076746849942726,0.176972216530336,CORRECTED_MODERN
apache__curator,10,21,0.7462772050400917,0.7743421501127468,CORRECTED_MODERN
apache__curator,10,22,0.2691867124856816,0.2302734233071092,CORRECTED_MODERN
apache__curator,10,23,0.2405498281786942,0.2287610142538667,CORRECTED_MODERN
apache__curator,10,24,0.3608247422680412,0.2811263427839225,CORRECTED_MODERN
apache__curator,10,25,0.4873997709049256,0.4883850076670301,CORRECTED_MODERN
apache__curator,10,26,0.5893470790378007,0.4726040901111794,CORRECTED_MODERN
apache__curator,10,27,0.3911798396334479,0.4253453380688525,CORRECTED_MODERN
apache__curator,10,28,0.6471935853379153,0.5968997096304851,CORRECTED_MODERN
apache__curator,10,29,0.7554410080183276,0.6605773753841279,CORRECTED_MODERN
apache__curator,10,30,0.7697594501718212,0.6610386985327414,CORRECTED_MODERN
apache__curator,15,1,0.6815578465063001,0.667947417992961,CORRECTED_MODERN
apache__curator,15,2,0.731958762886598,0.6522687543606327,CORRECTED_MODERN
apache__curator,15,3,0.3619702176403208,0.4053778835269517,CORRECTED_MODERN
apache__curator,15,4,0.7439862542955327,0.7375863693451323,CORRECTED_MODERN
apache__curator,15,5,0.4306987399770905,0.5054222727424763,CORRECTED_MODERN
apache__curator,15,6,0.2560137457044674,0.3529422420025787,CORRECTED_MODERN
apache__curator,15,7,0.8768613974799542,0.6763440787400967,CORRECTED_MODERN
apache__curator,15,8,0.4392898052691867,0.4005885099251619,CORRECTED_MODERN
apache__curator,15,9,0.5979381443298969,0.4771018891373954,CORRECTED_MODERN
apache__curator,15,10,0.6053837342497137,0.5753934290158611,CORRECTED_MODERN
apache__curator,15,11,0.504581901489118,0.5311123239268876,CORRECTED_MODERN
apache__curator,15,12,0.5274914089347079,0.4722455557747624,CORRECTED_MODERN
apache__curator,15,13,0.7101947308132875,0.5649795100326009,CORRECTED_MODERN
apache__curator,15,14,0.6042382588774342,0.6996535532151289,CORRECTED_MODERN
apache__curator,15,15,0.4518900343642612,0.4301068915677613,CORRECTED_MODERN
apache__curator,15,16,0.3608247422680412,0.4310712214800208,CORRECTED_MODERN
apache__curator,15,17,0.4788087056128293,0.5733851510686594,CORRECTED_MODERN
apache__curator,15,18,0.6156930126002291,0.5694929084423723,CORRECTED_MODERN
apache__curator,15,19,0.5366552119129439,0.4471056706925357,CORRECTED_MODERN
apache__curator,15,20,0.1128293241695303,0.196493468174413,CORRECTED_MODERN
apache__curator,15,21,0.8367697594501718,0.7856324897013371,CORRECTED_MODERN
apache__curator,15,22,0.6105383734249714,0.5506538559456335,CORRECTED_MODERN
apache__curator,15,23,0.1580756013745705,0.2058426125009871,CORRECTED_MODERN
apache__curator,15,24,0.731958762886598,0.6730117503451936,CORRECTED_MODERN
apache__curator,15,25,0.3144329896907216,0.2906512469297458,CORRECTED_MODERN
apache__curator,15,26,0.563573883161512,0.4538937516559647,CORRECTED_MODERN
apache__curator,15,27,0.3447880870561283,0.3868265316333146,CORRECTED_MODERN
apache__curator,15,28,0.6265750286368843,0.6224561590346187,CORRECTED_MODERN
apache__curator,15,29,0.6483390607101948,0.6413397994794654,CORRECTED_MODERN
apache__curator,15,30,0.6071019473081329,0.6016663656880619,CORRECTED_MODERN
apache__curator,20,1,0.5652920962199313,0.5809502636675736,CORRECTED_MODERN
apache__curator,20,2,0.731958762886598,0.6522687543606327,CORRECTED_MODERN
apache__curator,20,3,0.95418098510882,0.8747516619393169,CORRECTED_MODERN
apache__curator,20,4,0.6821305841924399,0.6805601677338831,CORRECTED_MODERN
apache__curator,20,5,0.3287514318442153,0.3726230528525725,CORRECTED_MODERN
apache__curator,20,6,0.4404352806414662,0.5230349228331854,CORRECTED_MODERN
apache__curator,20,7,0.8562428407789232,0.6739128440495228,CORRECTED_MODERN
apache__curator,20,8,0.4186712485681558,0.3950284230207219,CORRECTED_MODERN
apache__curator,20,9,0.424971363115693,0.3240008676394402,CORRECTED_MODERN
apache__curator,20,10,0.5395189003436426,0.529641128781297,CORRECTED_MODERN
apache__curator,20,11,0.504581901489118,0.5311123239268876,CORRECTED_MODERN
apache__curator,20,12,0.5372279495990837,0.6364289822875275,CORRECTED_MODERN
apache__curator,20,13,0.6288659793814433,0.541833531226493,CORRECTED_MODERN
apache__curator,20,14,0.56815578465063,0.6741622434441409,CORRECTED_MODERN
apache__curator,20,15,0.7336769759450172,0.5028077930154875,CORRECTED_MODERN
apache__curator,20,16,0.3350515463917525,0.4022921875846235,CORRECTED_MODERN
apache__curator,20,17,0.797823596792669,0.7244363347947138,CORRECTED_MODERN
apache__curator,20,18,0.5549828178694158,0.5433462068658135,CORRECTED_MODERN
apache__curator,20,19,0.5263459335624284,0.4392160357195611,CORRECTED_MODERN
apache__curator,20,20,0.1271477663230241,0.1711053210608815,CORRECTED_MODERN
apache__curator,20,21,0.861397479954181,0.8053775226746509,CORRECTED_MODERN
apache__curator,20,22,0.6105383734249714,0.5506538559456335,CORRECTED_MODERN
apache__curator,20,23,0.1076746849942726,0.1753190027386203,CORRECTED_MODERN
apache__curator,20,24,0.6712485681557847,0.601255246145944,CORRECTED_MODERN
apache__curator,20,25,0.2835051546391752,0.236563853190116,CORRECTED_MODERN
apache__curator,20,26,0.563573883161512,0.5299781330637805,CORRECTED_MODERN
apache__curator,20,27,0.2983963344788087,0.3317323758408104,CORRECTED_MODERN
apache__curator,20,28,0.670675830469645,0.6018174589882981,CORRECTED_MODERN
apache__curator,20,29,0.8665521191294387,0.7549467626649681,CORRECTED_MODERN
apache__curator,20,30,0.5463917525773196,0.5943593381114888,CORRECTED_MODERN
apache__curator,25,1,0.504581901489118,0.5720744040611054,CORRECTED_MODERN
apache__curator,25,2,0.6712485681557847,0.6446026000865422,CORRECTED_MODERN
apache__curator,25,3,0.9438717067583048,0.8371297616076852,CORRECTED_MODERN
apache__curator,25,4,0.5040091638029782,0.4601651418975701,CORRECTED_MODERN
apache__curator,25,5,0.3184421534936999,0.3332137897817569,CORRECTED_MODERN
apache__curator,25,6,0.4146620847651776,0.465750742476805,CORRECTED_MODERN
apache__curator,25,7,0.8253150057273768,0.6572871888372558,CORRECTED_MODERN
apache__curator,25,8,0.3373424971363116,0.3745653628152245,CORRECTED_MODERN
apache__curator,25,9,0.3991981672394043,0.2855938519934593,CORRECTED_MODERN
apache__curator,25,10,0.5395189003436426,0.529641128781297,CORRECTED_MODERN
apache__curator,25,11,0.8883161512027491,0.658668446656234,CORRECTED_MODERN
apache__curator,25,12,0.4662084765177549,0.4607820004631699,CORRECTED_MODERN
apache__curator,25,13,0.7749140893470791,0.5215705871488788,CORRECTED_MODERN
apache__curator,25,14,0.5475372279495991,0.6545906859447632,CORRECTED_MODERN
apache__curator,25,15,0.6821305841924399,0.4644547379236965,CORRECTED_MODERN
apache__curator,25,16,0.2989690721649484,0.3932809900171911,CORRECTED_MODERN
apache__curator,25,17,0.6867124856815578,0.6479365505910021,CORRECTED_MODERN
apache__curator,25,18,0.5549828178694158,0.5433462068658135,CORRECTED_MODERN
apache__curator,25,19,0.5005727376861397,0.4306999423604929,CORRECTED_MODERN
apache__curator,25,20,0.5057273768613975,0.4641804239036186,CORRECTED_MODERN
apache__curator,25,21,0.8459335624284078,0.7989044059947341,CORRECTED_MODERN
apache__curator,25,22,0.5549828178694158,0.5437843407679612,CORRECTED_MODERN
apache__curator,25,23,0.0767468499427262,0.1189820343414465,CORRECTED_MODERN
apache__curator,25,24,0.7823596792668958,0.6535139139635242,CORRECTED_MODERN
apache__curator,25,25,0.5005727376861397,0.4624726046108501,CORRECTED_MODERN
apache__curator,25,26,0.5274914089347079,0.4654365806422846,CORRECTED_MODERN
apache__curator,25,27,0.5349369988545247,0.3935433896545588,CORRECTED_MODERN
apache__curator,25,28,0.5933562428407789,0.5335162963210902,CORRECTED_MODERN
apache__curator,25,29,0.8407789232531501,0.7393824750066282,CORRECTED_MODERN
apache__curator,25,30,0.3888888888888889,0.3162917999501875,CORRECTED_MODERN
apache__curator,30,1,0.504581901489118,0.5720744040611054,CORRECTED_MODERN
apache__curator,30,2,0.6609392898052693,0.6328361895211088,CORRECTED_MODERN
apache__curator,30,3,0.938717067583047,0.8368808121186335,CORRECTED_MODERN
apache__curator,30,4,0.4175257731958763,0.3945793196249259,CORRECTED_MODERN
apache__curator,30,5,0.2651775486827033,0.2505933425776038,CORRECTED_MODERN
apache__curator,30,6,0.3230240549828179,0.4475622373850981,CORRECTED_MODERN
apache__curator,30,7,0.7995418098510882,0.6450301886914978,CORRECTED_MODERN
apache__curator,30,8,0.5927835051546392,0.5494692195320385,CORRECTED_MODERN
apache__curator,30,9,0.4558991981672394,0.3692064831487784,CORRECTED_MODERN
apache__curator,30,10,0.7061855670103092,0.5592411863269738,CORRECTED_MODERN
apache__curator,30,11,0.8883161512027491,0.658668446656234,CORRECTED_MODERN
apache__curator,30,12,0.4558991981672394,0.4604573772088799,CORRECTED_MODERN
apache__curator,30,13,0.7491408934707904,0.4840282302636626,CORRECTED_MODERN
apache__curator,30,14,0.709049255441008,0.7124267826409059,CORRECTED_MODERN
apache__curator,30,15,0.6512027491408935,0.4565868161617705,CORRECTED_MODERN
apache__curator,30,16,0.95418098510882,0.8628730306197513,CORRECTED_MODERN
apache__curator,30,17,0.5756013745704467,0.5972244228395994,CORRECTED_MODERN
apache__curator,30,18,0.4994272623138602,0.5357393877031031,CORRECTED_MODERN
apache__curator,30,19,0.5985108820160366,0.5497470290710189,CORRECTED_MODERN
apache__curator,30,20,0.4799541809851088,0.4086545836775948,CORRECTED_MODERN
apache__curator,30,21,0.8253150057273768,0.7701202125244342,CORRECTED_MODERN
apache__curator,30,22,0.4994272623138602,0.5361775216052509,CORRECTED_MODERN
apache__curator,30,23,0.0509736540664375,0.1110085562763043,CORRECTED_MODERN
apache__curator,30,24,0.777205040091638,0.6260086501222122,CORRECTED_MODERN
apache__curator,30,25,0.474799541809851,0.408290188700097,CORRECTED_MODERN
apache__curator,30,26,0.4358533791523483,0.2883586767115994,CORRECTED_MODERN
apache__curator,30,27,0.4484536082474227,0.3517722053791296,CORRECTED_MODERN
apache__curator,30,28,0.6088201603665522,0.5532873573833692,CORRECTED_MODERN
apache__curator,30,29,0.8201603665521191,0.6985674427571353,CORRECTED_MODERN
apache__curator,30,30,0.368270332187858,0.3008384431522541,CORRECTED_MODERN
apache__curator,40,1,0.8883161512027491,0.7166657232606146,CORRECTED_MODERN
apache__curator,40,2,0.7720504009163803,0.6267219613524999,CORRECTED_MODERN
apache__curator,40,3,0.9284077892325316,0.8355408275199647,CORRECTED_MODERN
apache__curator,40,4,0.5675830469644902,0.491770820730824,CORRECTED_MODERN
apache__curator,40,5,0.3951890034364261,0.3640189715514915,CORRECTED_MODERN
apache__curator,40,6,0.7336769759450172,0.5909273128482485,CORRECTED_MODERN
apache__curator,40,7,0.7531500572737686,0.5638896388613983,CORRECTED_MODERN
apache__curator,40,8,0.738831615120275,0.5547524582945151,CORRECTED_MODERN
apache__curator,40,9,0.3230240549828179,0.2903966276501316,CORRECTED_MODERN
apache__curator,40,10,0.7514318442153494,0.5958270785866673,CORRECTED_MODERN
apache__curator,40,11,0.8831615120274914,0.6481710765345583,CORRECTED_MODERN
apache__curator,40,12,0.4198167239404353,0.4237637703951453,CORRECTED_MODERN
apache__curator,40,13,0.697594501718213,0.4664828808250029,CORRECTED_MODERN
apache__curator,40,14,0.6225658648339061,0.5232481706875546,CORRECTED_MODERN
apache__curator,40,15,0.5790378006872852,0.3983513391827188,CORRECTED_MODERN
apache__curator,40,16,0.95418098510882,0.8628730306197513,CORRECTED_MODERN
apache__curator,40,17,0.5097365406643757,0.5519957033452574,CORRECTED_MODERN
apache__curator,40,18,0.8831615120274914,0.6887590874883358,CORRECTED_MODERN
apache__curator,40,19,0.5315005727376861,0.4481038334539058,CORRECTED_MODERN
apache__curator,40,20,0.474799541809851,0.408290188700097,CORRECTED_MODERN
apache__curator,40,21,0.7531500572737686,0.6741682430072027,CORRECTED_MODERN
apache__curator,40,22,0.8224513172966781,0.6519445348360272,CORRECTED_MODERN
apache__curator,40,23,0.2434135166093929,0.2009297931917781,CORRECTED_MODERN
apache__curator,40,24,0.777205040091638,0.6260086501222122,CORRECTED_MODERN
apache__curator,40,25,0.4799541809851088,0.4085049560054187,CORRECTED_MODERN
apache__curator,40,26,0.3997709049255441,0.2530837380137987,CORRECTED_MODERN
apache__curator,40,27,0.4072164948453608,0.3154199904381186,CORRECTED_MODERN
apache__curator,40,28,0.5521191294387171,0.498244367375316,CORRECTED_MODERN
apache__curator,40,29,0.6872852233676976,0.4716271919852063,CORRECTED_MODERN
apache__curator,40,30,0.9335624284077892,0.7839704464036649,CORRECTED_MODERN
apache__curator,50,1,0.8883161512027491,0.7166657232606146,CORRECTED_MODERN
apache__curator,50,2,0.7617411225658648,0.6264295854413512,CORRECTED_MODERN
apache__curator,50,3,0.9129438717067584,0.7780831564574835,CORRECTED_MODERN
apache__curator,50,4,0.5366552119129439,0.4724897043020066,CORRECTED_MODERN
apache__curator,50,5,0.2829324169530355,0.3237872754376326,CORRECTED_MODERN
apache__curator,50,6,0.7027491408934707,0.5267520902448388,CORRECTED_MODERN
apache__curator,50,7,0.938717067583047,0.7891706529586469,CORRECTED_MODERN
apache__curator,50,8,0.6924398625429553,0.5368222905610347,CORRECTED_MODERN
apache__curator,50,9,0.3928980526918672,0.2671382194015035,CORRECTED_MODERN
apache__curator,50,10,0.6855670103092784,0.5358806289320129,CORRECTED_MODERN
apache__curator,50,11,0.8831615120274914,0.6481710765345583,CORRECTED_MODERN
apache__curator,50,12,0.3734249713631157,0.31961845931227,CORRECTED_MODERN
apache__curator,50,13,0.6666666666666667,0.4406774819318176,CORRECTED_MODERN
apache__curator,50,14,0.4948453608247423,0.4256028748801744,CORRECTED_MODERN
apache__curator,50,15,0.5274914089347079,0.3848758194307911,CORRECTED_MODERN
apache__curator,50,16,0.8934707903780068,0.7150727045094295,CORRECTED_MODERN
apache__curator,50,17,0.8934707903780068,0.700926869984736,CORRECTED_MODERN
apache__curator,50,18,0.8780068728522337,0.6874900470445781,CORRECTED_MODERN
apache__curator,50,19,0.5057273768613975,0.4381499385553065,CORRECTED_MODERN
apache__curator,50,20,0.516036655211913,0.4871764342623251,CORRECTED_MODERN
apache__curator,50,21,0.7170675830469645,0.6560402915691217,CORRECTED_MODERN
apache__curator,50,22,0.6557846506300115,0.6244484911013128,CORRECTED_MODERN
apache__curator,50,23,0.268041237113402,0.1838911975364893,CORRECTED_MODERN
apache__curator,50,24,0.8780068728522337,0.6975295048936458,CORRECTED_MODERN
apache__curator,50,25,0.474799541809851,0.408290188700097,CORRECTED_MODERN
apache__curator,50,26,0.5154639175257731,0.406557517488902,CORRECTED_MODERN
apache__curator,50,27,0.5068728522336771,0.3346716507522486,CORRECTED_MODERN
apache__curator,50,28,0.6305841924398625,0.4956119058846282,CORRECTED_MODERN
apache__curator,50,29,0.640893470790378,0.4511013281111309,CORRECTED_MODERN
apache__curator,50,30,0.9232531500572738,0.7779447078642632,CORRECTED_MODERN
apache__logging-log4j2,0,1,0.9155418401795618,0.9140579902386404,CORRECTED_MODERN
apache__logging-log4j2,0,2,0.9155418401795618,0.9140579902386404,CORRECTED_MODERN
apache__logging-log4j2,0,3,0.9155418401795618,0.9140579902386404,CORRECTED_MODERN
apache__logging-log4j2,0,4,0.9155418401795618,0.9140579902386404,CORRECTED_MODERN
apache__logging-log4j2,0,5,0.9155418401795618,0.9140579902386404,CORRECTED_MODERN
apache__logging-log4j2,0,6,0.9155418401795618,0.9140579902386404,CORRECTED_MODERN
apache__logging-log4j2,0,7,0.9155418401795618,0.9140579902386404,CORRECTED_MODERN
apache__logging-log4j2,0,8,0.9155418401795618,0.9140579902386404,CORRECTED_MODERN
apache__logging-log4j2,0,9,0.9155418401795618,0.9140579902386404,CORRECTED_MODERN
apache__logging-log4j2,0,10,0.9155418401795618,0.9140579902386404,CORRECTED_MODERN
apache__logging-log4j2,0,11,0.9155418401795618,0.9140579902386404,CORRECTED_MODERN
apache__logging-log4j2,0,12,0.9155418401795618,0.9140579902386404,CORRECTED_MODERN
apache__logging-log4j2,0,13,0.9155418401795618,0.9140579902386404,CORRECTED_MODERN
apache__logging-log4j2,0,14,0.9155418401795618,0.9140579902386404,CORRECTED_MODERN
apache__logging-log4j2,0,15,0.9155418401795618,0.9140579902386404,CORRECTED_MODERN
apache__logging-log4j2,0,16,0.9155418401795618,0.9140579902386404,CORRECTED_MODERN
apache__logging-log4j2,0,17,0.9155418401795618,0.9140579902386404,CORRECTED_MODERN
apache__logging-log4j2,0,18,0.9155418401795618,0.9140579902386404,CORRECTED_MODERN
apache__logging-log4j2,0,19,0.9155418401795618,0.9140579902386404,CORRECTED_MODERN
apache__logging-log4j2,0,20,0.9155418401795618,0.9140579902386404,CORRECTED_MODERN
apache__logging-log4j2,0,21,0.9155418401795618,0.9140579902386404,CORRECTED_MODERN
apache__logging-log4j2,0,22,0.9155418401795618,0.9140579902386404,CORRECTED_MODERN
apache__logging-log4j2,0,23,0.9155418401795618,0.9140579902386404,CORRECTED_MODERN
apache__logging-log4j2,0,24,0.9155418401795618,0.9140579902386404,CORRECTED_MODERN
apache__logging-log4j2,0,25,0.9155418401795618,0.9140579902386404,CORRECTED_MODERN
apache__logging-log4j2,0,26,0.9155418401795618,0.9140579902386404,CORRECTED_MODERN
apache__logging-log4j2,0,27,0.9155418401795618,0.9140579902386404,CORRECTED_MODERN
apache__logging-log4j2,0,28,0.9155418401795618,0.9140579902386404,CORRECTED_MODERN
apache__logging-log4j2,0,29,0.9155418401795618,0.9140579902386404,CORRECTED_MODERN
apache__logging-log4j2,0,30,0.9155418401795618,0.9140579902386404,CORRECTED_MODERN
apache__logging-log4j2,5,1,0.9317021517973988,0.9329910519399688,CORRECTED_MODERN
apache__logging-log4j2,5,2,0.909994639969307,0.9030566719401452,CORRECTED_MODERN
apache__logging-log4j2,5,3,0.9098666511648292,0.9122010374838038,CORRECTED_MODERN
apache__logging-log4j2,5,4,0.91744795545622,0.9161896409219776,CORRECTED_MODERN
apache__logging-log4j2,5,5,0.898554821843048,0.8956569674619357,CORRECTED_MODERN
apache__logging-log4j2,5,6,0.9006060787558869,0.8982496661868558,CORRECTED_MODERN
apache__logging-log4j2,5,7,0.9273369038635716,0.923882150859643,CORRECTED_MODERN
apache__logging-log4j2,5,8,0.9026846935149307,0.9003471935038976,CORRECTED_MODERN
apache__logging-log4j2,5,9,0.9309607083210129,0.9209715233462996,CORRECTED_MODERN
apache__logging-log4j2,5,10,0.9019778574961794,0.9042275714592248,CORRECTED_MODERN
apache__logging-log4j2,5,11,0.9052610814387684,0.9018982789202414,CORRECTED_MODERN
apache__logging-log4j2,5,12,0.9011322248642764,0.8946580098490847,CORRECTED_MODERN
apache__logging-log4j2,5,13,0.922091090291082,0.9219448097489884,CORRECTED_MODERN
apache__logging-log4j2,5,14,0.9106941652656908,0.914594938861367,CORRECTED_MODERN
apache__logging-log4j2,5,15,0.9182880450821364,0.91221911533123,CORRECTED_MODERN
apache__logging-log4j2,5,16,0.8994152278322931,0.897438875850151,CORRECTED_MODERN
apache__logging-log4j2,5,17,0.92918589918918,0.9248980724502972,CORRECTED_MODERN
apache__logging-log4j2,5,18,0.912049165881874,0.9085026538152792,CORRECTED_MODERN
apache__logging-log4j2,5,19,0.909408581336168,0.9032429600759678,CORRECTED_MODERN
apache__logging-log4j2,5,20,0.944296696106576,0.947909708806856,CORRECTED_MODERN
apache__logging-log4j2,5,21,0.9228909855032104,0.9213389470539248,CORRECTED_MODERN
apache__logging-log4j2,5,22,0.9019992152394376,0.9026383421631144,CORRECTED_MODERN
apache__logging-log4j2,5,23,0.9130797284319876,0.900295159626669,CORRECTED_MODERN
apache__logging-log4j2,5,24,0.939480241922238,0.941994409947058,CORRECTED_MODERN
apache__logging-log4j2,5,25,0.9291347653106808,0.9273288732473282,CORRECTED_MODERN
apache__logging-log4j2,5,26,0.9151442531663452,0.9109484527468564,CORRECTED_MODERN
apache__logging-log4j2,5,27,0.9189958435850564,0.9178131305461824,CORRECTED_MODERN
apache__logging-log4j2,5,28,0.9212101137894518,0.9134243554334324,CORRECTED_MODERN
apache__logging-log4j2,5,29,0.9071716731597186,0.9010610302687864,CORRECTED_MODERN
apache__logging-log4j2,5,30,0.902522362702298,0.8988980874087221,CORRECTED_MODERN
apache__logging-log4j2,10,1,0.9160302746038376,0.9170608497919016,CORRECTED_MODERN
apache__logging-log4j2,10,2,0.907145633006528,0.9004878295847337,CORRECTED_MODERN
apache__logging-log4j2,10,3,0.9163000639219768,0.9081804727527548,CORRECTED_MODERN
apache__logging-log4j2,10,4,0.8987560021478072,0.8952779048385684,CORRECTED_MODERN
apache__logging-log4j2,10,5,0.8930251562232738,0.8884419783182309,CORRECTED_MODERN
apache__logging-log4j2,10,6,0.900991237995028,0.8989446816863225,CORRECTED_MODERN
apache__logging-log4j2,10,7,0.908642860787281,0.9105586958236211,CORRECTED_MODERN
apache__logging-log4j2,10,8,0.8874840052773353,0.8846313416219758,CORRECTED_MODERN
apache__logging-log4j2,10,9,0.9117170617787124,0.9056874309964996,CORRECTED_MODERN
apache__logging-log4j2,10,10,0.9044807746482016,0.9010830574264008,CORRECTED_MODERN
apache__logging-log4j2,10,11,0.9250834973335508,0.924087378348251,CORRECTED_MODERN
apache__logging-log4j2,10,12,0.9240945067497086,0.9215201295187262,CORRECTED_MODERN
apache__logging-log4j2,10,13,0.9054741257144548,0.9036493887618378,CORRECTED_MODERN
apache__logging-log4j2,10,14,0.899399965032929,0.9022730814578084,CORRECTED_MODERN
apache__logging-log4j2,10,15,0.90656218411993,0.9043230665816976,CORRECTED_MODERN
apache__logging-log4j2,10,16,0.9276301120502344,0.9263487159823084,CORRECTED_MODERN
apache__logging-log4j2,10,17,0.911079995692102,0.9031148196425138,CORRECTED_MODERN
apache__logging-log4j2,10,18,0.9023130159994672,0.8997706658384959,CORRECTED_MODERN
apache__logging-log4j2,10,19,0.8997652678082116,0.8971368417431512,CORRECTED_MODERN
apache__logging-log4j2,10,20,0.9349138647347772,0.9400842831038052,CORRECTED_MODERN
apache__logging-log4j2,10,21,0.9218776673310076,0.9198264079816812,CORRECTED_MODERN
apache__logging-log4j2,10,22,0.9212830095205023,0.9220505472059468,CORRECTED_MODERN
apache__logging-log4j2,10,23,0.9062698646436524,0.8972820983253275,CORRECTED_MODERN
apache__logging-log4j2,10,24,0.9278095176840068,0.9300903019004612,CORRECTED_MODERN
apache__logging-log4j2,10,25,0.9240902311392488,0.9156434449408252,CORRECTED_MODERN
apache__logging-log4j2,10,26,0.8973607464449762,0.8948455962440099,CORRECTED_MODERN
apache__logging-log4j2,10,27,0.9231913981315264,0.918373507538588,CORRECTED_MODERN
apache__logging-log4j2,10,28,0.9277928155814376,0.9208911265116356,CORRECTED_MODERN
apache__logging-log4j2,10,29,0.917849020628686,0.9151089472126486,CORRECTED_MODERN
apache__logging-log4j2,10,30,0.910249021444674,0.9110519052932752,CORRECTED_MODERN
apache__logging-log4j2,15,1,0.9052454303796642,0.9074190324070662,CORRECTED_MODERN
apache__logging-log4j2,15,2,0.8926519225555751,0.8914325116165955,CORRECTED_MODERN
apache__logging-log4j2,15,3,0.919463267434046,0.9141807934471856,CORRECTED_MODERN
apache__logging-log4j2,15,4,0.9058478798442224,0.9014858332434326,CORRECTED_MODERN
apache__logging-log4j2,15,5,0.9152350767154938,0.9141679123525694,CORRECTED_MODERN
apache__logging-log4j2,15,6,0.916126910481204,0.914639173711777,CORRECTED_MODERN
apache__logging-log4j2,15,7,0.906549629482924,0.9068595823245256,CORRECTED_MODERN
apache__logging-log4j2,15,8,0.9015167947694588,0.9012421484871098,CORRECTED_MODERN
apache__logging-log4j2,15,9,0.9164450557143012,0.9096468155009904,CORRECTED_MODERN
apache__logging-log4j2,15,10,0.9139533101707662,0.9060147350707392,CORRECTED_MODERN
apache__logging-log4j2,15,11,0.9167049915446488,0.9163552745768344,CORRECTED_MODERN
apache__logging-log4j2,15,12,0.9122653789153436,0.911971222968952,CORRECTED_MODERN
apache__logging-log4j2,15,13,0.908347110198552,0.9086261492203688,CORRECTED_MODERN
apache__logging-log4j2,15,14,0.9124894934585708,0.907916769365282,CORRECTED_MODERN
apache__logging-log4j2,15,15,0.917042828154465,0.9138167611132711,CORRECTED_MODERN
apache__logging-log4j2,15,16,0.9164269039452992,0.9171191824336082,CORRECTED_MODERN
apache__logging-log4j2,15,17,0.8990476163521928,0.8923984805464386,CORRECTED_MODERN
apache__logging-log4j2,15,18,0.903501083163022,0.906364790946053,CORRECTED_MODERN
apache__logging-log4j2,15,19,0.9116422841257182,0.9068821624950848,CORRECTED_MODERN
apache__logging-log4j2,15,20,0.9274779595415422,0.9294700084979024,CORRECTED_MODERN
apache__logging-log4j2,15,21,0.9198722536514798,0.9164342305470868,CORRECTED_MODERN
apache__logging-log4j2,15,22,0.9211187747655812,0.91802737388109,CORRECTED_MODERN
apache__logging-log4j2,15,23,0.9211799575810116,0.9118942919485766,CORRECTED_MODERN
apache__logging-log4j2,15,24,0.9182311944581354,0.9232624611022064,CORRECTED_MODERN
apache__logging-log4j2,15,25,0.9296218824842932,0.9221675628394236,CORRECTED_MODERN
apache__logging-log4j2,15,26,0.8849468871515921,0.8846917618227664,CORRECTED_MODERN
apache__logging-log4j2,15,27,0.9102090145750976,0.9066412603640822,CORRECTED_MODERN
apache__logging-log4j2,15,28,0.92775470538563,0.924763200118697,CORRECTED_MODERN
apache__logging-log4j2,15,29,0.9253045111941384,0.9212623638771356,CORRECTED_MODERN
apache__logging-log4j2,15,30,0.9103573714262,0.9132765808625428,CORRECTED_MODERN
apache__logging-log4j2,20,1,0.9041208745057816,0.8997821049221113,CORRECTED_MODERN
apache__logging-log4j2,20,2,0.8855099856213227,0.8832822496188691,CORRECTED_MODERN
apache__logging-log4j2,20,3,0.9110362516562692,0.9053154716135524,CORRECTED_MODERN
apache__logging-log4j2,20,4,0.8930026056164078,0.8910922392530599,CORRECTED_MODERN
apache__logging-log4j2,20,5,0.9090058774476936,0.9106477928239024,CORRECTED_MODERN
apache__logging-log4j2,20,6,0.9073716285904704,0.9096071155641408,CORRECTED_MODERN
apache__logging-log4j2,20,7,0.911885132587858,0.9116017249042077,CORRECTED_MODERN
apache__logging-log4j2,20,8,0.8953234967777939,0.8978298609199175,CORRECTED_MODERN
apache__logging-log4j2,20,9,0.9119922599225426,0.9097632141352816,CORRECTED_MODERN
apache__logging-log4j2,20,10,0.9020185437220224,0.8961333700550163,CORRECTED_MODERN
apache__logging-log4j2,20,11,0.9270359072052106,0.9273801711633844,CORRECTED_MODERN
apache__logging-log4j2,20,12,0.9035424436870386,0.9062989841099242,CORRECTED_MODERN
apache__logging-log4j2,20,13,0.902271202154899,0.905189626236602,CORRECTED_MODERN
apache__logging-log4j2,20,14,0.9178236849780051,0.914099916021938,CORRECTED_MODERN
apache__logging-log4j2,20,15,0.914250714705418,0.9096731107662358,CORRECTED_MODERN
apache__logging-log4j2,20,16,0.9079332046181616,0.9079266244134168,CORRECTED_MODERN
apache__logging-log4j2,20,17,0.8906189697416408,0.8862933602777073,CORRECTED_MODERN
apache__logging-log4j2,20,18,0.9137465465684288,0.9138320770015652,CORRECTED_MODERN
apache__logging-log4j2,20,19,0.9121518057096852,0.9071083111491904,CORRECTED_MODERN
apache__logging-log4j2,20,20,0.9198596933839384,0.925213838992999,CORRECTED_MODERN
apache__logging-log4j2,20,21,0.9230290292905624,0.9218203224247076,CORRECTED_MODERN
apache__logging-log4j2,20,22,0.9195425394019764,0.9193833167618236,CORRECTED_MODERN
apache__logging-log4j2,20,23,0.914253946544784,0.9074710673742904,CORRECTED_MODERN
apache__logging-log4j2,20,24,0.9134334724682416,0.9200183321814398,CORRECTED_MODERN
apache__logging-log4j2,20,25,0.9260898198545908,0.921342507968798,CORRECTED_MODERN
apache__logging-log4j2,20,26,0.8758550707792091,0.8733325391016089,CORRECTED_MODERN
apache__logging-log4j2,20,27,0.9014130946217084,0.8951223699777696,CORRECTED_MODERN
apache__logging-log4j2,20,28,0.9246499435286188,0.9215387546886316,CORRECTED_MODERN
apache__logging-log4j2,20,29,0.9194479681909612,0.919425191606548,CORRECTED_MODERN
apache__logging-log4j2,20,30,0.9130097644821475,0.9158740787775926,CORRECTED_MODERN
apache__logging-log4j2,25,1,0.8969838917020678,0.8911303438455993,CORRECTED_MODERN
apache__logging-log4j2,25,2,0.91087873539485,0.9045410389866224,CORRECTED_MODERN
apache__logging-log4j2,25,3,0.9035822453613338,0.8986330538433779,CORRECTED_MODERN
apache__logging-log4j2,25,4,0.9047944871104178,0.8990952463256338,CORRECTED_MODERN
apache__logging-log4j2,25,5,0.9019955307214677,0.904139163161788,CORRECTED_MODERN
apache__logging-log4j2,25,6,0.9176404521879,0.9205880348840269,CORRECTED_MODERN
apache__logging-log4j2,25,7,0.9061130454145784,0.9077339852457116,CORRECTED_MODERN
apache__logging-log4j2,25,8,0.9178937883019752,0.9175448429202178,CORRECTED_MODERN
apache__logging-log4j2,25,9,0.9038053659263507,0.9030355220832256,CORRECTED_MODERN
apache__logging-log4j2,25,10,0.9014659037776024,0.8962902888201305,CORRECTED_MODERN
apache__logging-log4j2,25,11,0.9269191476243984,0.9287829086041958,CORRECTED_MODERN
apache__logging-log4j2,25,12,0.9106072322491416,0.9111086137499026,CORRECTED_MODERN
apache__logging-log4j2,25,13,0.8965995856103454,0.8970305879516877,CORRECTED_MODERN
apache__logging-log4j2,25,14,0.9104983529816272,0.9063309476418876,CORRECTED_MODERN
apache__logging-log4j2,25,15,0.9076269367362264,0.9059257877113764,CORRECTED_MODERN
apache__logging-log4j2,25,16,0.9010551732135836,0.8982178516666922,CORRECTED_MODERN
apache__logging-log4j2,25,17,0.8944854756733872,0.8870854519029661,CORRECTED_MODERN
apache__logging-log4j2,25,18,0.9082871488378372,0.9105660401282109,CORRECTED_MODERN
apache__logging-log4j2,25,19,0.9072365704792288,0.9005244685925488,CORRECTED_MODERN
apache__logging-log4j2,25,20,0.9091885864575088,0.9166334120811188,CORRECTED_MODERN
apache__logging-log4j2,25,21,0.9216984734204124,0.9221242888630444,CORRECTED_MODERN
apache__logging-log4j2,25,22,0.9294417000065278,0.9282783379251583,CORRECTED_MODERN
apache__logging-log4j2,25,23,0.9064045976255668,0.89960890751873,CORRECTED_MODERN
apache__logging-log4j2,25,24,0.9069344844136435,0.913988241635347,CORRECTED_MODERN
apache__logging-log4j2,25,25,0.9203644677185946,0.9161011505499232,CORRECTED_MODERN
apache__logging-log4j2,25,26,0.8884566705116987,0.8855697974438959,CORRECTED_MODERN
apache__logging-log4j2,25,27,0.8945082871690848,0.8905069009729908,CORRECTED_MODERN
apache__logging-log4j2,25,28,0.925314581842309,0.9201333505855476,CORRECTED_MODERN
apache__logging-log4j2,25,29,0.9135877378280272,0.9137588170030928,CORRECTED_MODERN
apache__logging-log4j2,25,30,0.9073374822229306,0.909242577640744,CORRECTED_MODERN
apache__logging-log4j2,30,1,0.8919277042772882,0.8864813324869261,CORRECTED_MODERN
apache__logging-log4j2,30,2,0.903085413033773,0.9011808369901662,CORRECTED_MODERN
apache__logging-log4j2,30,3,0.8977468424551552,0.8918752999424938,CORRECTED_MODERN
apache__logging-log4j2,30,4,0.8987208438082893,0.8938052545932078,CORRECTED_MODERN
apache__logging-log4j2,30,5,0.9002814309157942,0.9005252750261682,CORRECTED_MODERN
apache__logging-log4j2,30,6,0.917841524166466,0.924359271261128,CORRECTED_MODERN
apache__logging-log4j2,30,7,0.9253705350193012,0.9249033502745212,CORRECTED_MODERN
apache__logging-log4j2,30,8,0.9126247935380658,0.9145998679424228,CORRECTED_MODERN
apache__logging-log4j2,30,9,0.8955924865585531,0.8908473777214903,CORRECTED_MODERN
apache__logging-log4j2,30,10,0.8937724865286947,0.8880207955580127,CORRECTED_MODERN
apache__logging-log4j2,30,11,0.9214963358592154,0.9236316763121678,CORRECTED_MODERN
apache__logging-log4j2,30,12,0.9065952028127472,0.9058623705367574,CORRECTED_MODERN
apache__logging-log4j2,30,13,0.8924463992135029,0.8973970153902641,CORRECTED_MODERN
apache__logging-log4j2,30,14,0.9061136434613573,0.9036364198616018,CORRECTED_MODERN
apache__logging-log4j2,30,15,0.9048996379740556,0.9033350768627946,CORRECTED_MODERN
apache__logging-log4j2,30,16,0.901531510430896,0.8988295851847378,CORRECTED_MODERN
apache__logging-log4j2,30,17,0.8854408371535795,0.8789837325991013,CORRECTED_MODERN
apache__logging-log4j2,30,18,0.9035084125882528,0.9006984498550182,CORRECTED_MODERN
apache__logging-log4j2,30,19,0.9010559732762612,0.8964894420345134,CORRECTED_MODERN
apache__logging-log4j2,30,20,0.907055874889178,0.9171590027718516,CORRECTED_MODERN
apache__logging-log4j2,30,21,0.9167940984809642,0.916847310504232,CORRECTED_MODERN
apache__logging-log4j2,30,22,0.924607803673944,0.9227766772856713,CORRECTED_MODERN
apache__logging-log4j2,30,23,0.9209618548028392,0.9163697626764934,CORRECTED_MODERN
apache__logging-log4j2,30,24,0.9180456349199932,0.9202050205529176,CORRECTED_MODERN
apache__logging-log4j2,30,25,0.9146386385697276,0.9107465064238218,CORRECTED_MODERN
apache__logging-log4j2,30,26,0.8977215002042735,0.8920328924394421,CORRECTED_MODERN
apache__logging-log4j2,30,27,0.8881467364974426,0.88409408768308,CORRECTED_MODERN
apache__logging-log4j2,30,28,0.9204299028487744,0.9146807551054248,CORRECTED_MODERN
apache__logging-log4j2,30,29,0.9077242740418524,0.9053667270558388,CORRECTED_MODERN
apache__logging-log4j2,30,30,0.9035546547197446,0.9048217112953524,CORRECTED_MODERN
apache__logging-log4j2,40,1,0.8805535357809827,0.8762739500933293,CORRECTED_MODERN
apache__logging-log4j2,40,2,0.909294604627114,0.9092865276479464,CORRECTED_MODERN
apache__logging-log4j2,40,3,0.9013318419164876,0.8963135995018612,CORRECTED_MODERN
apache__logging-log4j2,40,4,0.9002516171986948,0.8965493360441209,CORRECTED_MODERN
apache__logging-log4j2,40,5,0.9102775854154804,0.909630880138974,CORRECTED_MODERN
apache__logging-log4j2,40,6,0.914384901597079,0.9207681722496764,CORRECTED_MODERN
apache__logging-log4j2,40,7,0.92158261028622,0.92187234038441,CORRECTED_MODERN
apache__logging-log4j2,40,8,0.912215416421265,0.9096924843331526,CORRECTED_MODERN
apache__logging-log4j2,40,9,0.8936819647684823,0.8859665995922461,CORRECTED_MODERN
apache__logging-log4j2,40,10,0.8890849422446729,0.8856657166266176,CORRECTED_MODERN
apache__logging-log4j2,40,11,0.9229597039276688,0.9207866505363684,CORRECTED_MODERN
apache__logging-log4j2,40,12,0.9174647780736352,0.9182497215876628,CORRECTED_MODERN
apache__logging-log4j2,40,13,0.8913255326101088,0.897738146696056,CORRECTED_MODERN
apache__logging-log4j2,40,14,0.8956598643220169,0.8930455000841553,CORRECTED_MODERN
apache__logging-log4j2,40,15,0.8939221784977232,0.8922617131722144,CORRECTED_MODERN
apache__logging-log4j2,40,16,0.8982314037590376,0.8943508603871089,CORRECTED_MODERN
apache__logging-log4j2,40,17,0.8722475759477795,0.864814800399989,CORRECTED_MODERN
apache__logging-log4j2,40,18,0.8937512397385393,0.8941270902226635,CORRECTED_MODERN
apache__logging-log4j2,40,19,0.9042147527760904,0.904209173080706,CORRECTED_MODERN
apache__logging-log4j2,40,20,0.8955666232847929,0.9011672626150746,CORRECTED_MODERN
apache__logging-log4j2,40,21,0.9072491462810156,0.9081760833282316,CORRECTED_MODERN
apache__logging-log4j2,40,22,0.918177955951939,0.9166691836892285,CORRECTED_MODERN
apache__logging-log4j2,40,23,0.915176880159672,0.9118504785710256,CORRECTED_MODERN
apache__logging-log4j2,40,24,0.9156038769867232,0.9199435348980536,CORRECTED_MODERN
apache__logging-log4j2,40,25,0.9092453056320076,0.9069082691500306,CORRECTED_MODERN
apache__logging-log4j2,40,26,0.8903910244799588,0.8872581901161964,CORRECTED_MODERN
apache__logging-log4j2,40,27,0.885765791015297,0.8850623107726425,CORRECTED_MODERN
apache__logging-log4j2,40,28,0.9234351498729834,0.9200743288156874,CORRECTED_MODERN
apache__logging-log4j2,40,29,0.8992262610720722,0.8982240937754707,CORRECTED_MODERN
apache__logging-log4j2,40,30,0.8985348867233639,0.8954224355114323,CORRECTED_MODERN
apache__logging-log4j2,50,1,0.8784892861715574,0.8761686668417152,CORRECTED_MODERN
apache__logging-log4j2,50,2,0.916230150648511,0.9106888687906136,CORRECTED_MODERN
apache__logging-log4j2,50,3,0.8947751333904875,0.8923049362800427,CORRECTED_MODERN
apache__logging-log4j2,50,4,0.8930802196306703,0.8892893774907117,CORRECTED_MODERN
apache__logging-log4j2,50,5,0.905127918249114,0.9028377594273536,CORRECTED_MODERN
apache__logging-log4j2,50,6,0.9069929119127496,0.9085039885317492,CORRECTED_MODERN
apache__logging-log4j2,50,7,0.915667225544882,0.9135579688482172,CORRECTED_MODERN
apache__logging-log4j2,50,8,0.9252320025140144,0.9240390955517606,CORRECTED_MODERN
apache__logging-log4j2,50,9,0.8840344688503393,0.8770277002941256,CORRECTED_MODERN
apache__logging-log4j2,50,10,0.8814423565750479,0.8804562288732427,CORRECTED_MODERN
apache__logging-log4j2,50,11,0.9140088418287868,0.9117436486554826,CORRECTED_MODERN
apache__logging-log4j2,50,12,0.9118955127889128,0.914684258447248,CORRECTED_MODERN
apache__logging-log4j2,50,13,0.8838639563683662,0.886380491378799,CORRECTED_MODERN
apache__logging-log4j2,50,14,0.8962244609466026,0.8942887812419164,CORRECTED_MODERN
apache__logging-log4j2,50,15,0.8870751595430614,0.881996811761903,CORRECTED_MODERN
apache__logging-log4j2,50,16,0.9060310646369192,0.9063523589723828,CORRECTED_MODERN
apache__logging-log4j2,50,17,0.8760517701719734,0.8743861703928084,CORRECTED_MODERN
apache__logging-log4j2,50,18,0.8989678019206809,0.9026193726267534,CORRECTED_MODERN
apache__logging-log4j2,50,19,0.8960434226442516,0.898195570136406,CORRECTED_MODERN
apache__logging-log4j2,50,20,0.8840913386618561,0.8871016166084931,CORRECTED_MODERN
apache__logging-log4j2,50,21,0.9191927161941864,0.9199519009348026,CORRECTED_MODERN
apache__logging-log4j2,50,22,0.913692695791372,0.9112395108854184,CORRECTED_MODERN
apache__logging-log4j2,50,23,0.917695201419818,0.9187055830385504,CORRECTED_MODERN
apache__logging-log4j2,50,24,0.923969074791856,0.9249142419663264,CORRECTED_MODERN
apache__logging-log4j2,50,25,0.9070561199805892,0.9019157527776548,CORRECTED_MODERN
apache__logging-log4j2,50,26,0.8878780236771905,0.8865515325630111,CORRECTED_MODERN
apache__logging-log4j2,50,27,0.8761370264187761,0.873798092397035,CORRECTED_MODERN
apache__logging-log4j2,50,28,0.9148354962434626,0.913643611183839,CORRECTED_MODERN
apache__logging-log4j2,50,29,0.9070309852847206,0.9045300243195524,CORRECTED_MODERN
apache__logging-log4j2,50,30,0.902029614349519,0.8997324218003531,CORRECTED_MODERN
apache__rocketmq,0,1,0.9763977304023151,0.8949537196084185,CORRECTED_MODERN
apache__rocketmq,0,2,0.9763977304023151,0.8949537196084185,CORRECTED_MODERN
apache__rocketmq,0,3,0.9763977304023151,0.8949537196084185,CORRECTED_MODERN
apache__rocketmq,0,4,0.9763977304023151,0.8949537196084185,CORRECTED_MODERN
apache__rocketmq,0,5,0.9763977304023151,0.8949537196084185,CORRECTED_MODERN
apache__rocketmq,0,6,0.9763977304023151,0.8949537196084185,CORRECTED_MODERN
apache__rocketmq,0,7,0.9763977304023151,0.8949537196084185,CORRECTED_MODERN
apache__rocketmq,0,8,0.9763977304023151,0.8949537196084185,CORRECTED_MODERN
apache__rocketmq,0,9,0.9763977304023151,0.8949537196084185,CORRECTED_MODERN
apache__rocketmq,0,10,0.9763977304023151,0.8949537196084185,CORRECTED_MODERN
apache__rocketmq,0,11,0.9763977304023151,0.8949537196084185,CORRECTED_MODERN
apache__rocketmq,0,12,0.9763977304023151,0.8949537196084185,CORRECTED_MODERN
apache__rocketmq,0,13,0.9763977304023151,0.8949537196084185,CORRECTED_MODERN
apache__rocketmq,0,14,0.9763977304023151,0.8949537196084185,CORRECTED_MODERN
apache__rocketmq,0,15,0.9763977304023151,0.8949537196084185,CORRECTED_MODERN
apache__rocketmq,0,16,0.9763977304023151,0.8949537196084185,CORRECTED_MODERN
apache__rocketmq,0,17,0.9763977304023151,0.8949537196084185,CORRECTED_MODERN
apache__rocketmq,0,18,0.9763977304023151,0.8949537196084185,CORRECTED_MODERN
apache__rocketmq,0,19,0.9763977304023151,0.8949537196084185,CORRECTED_MODERN
apache__rocketmq,0,20,0.9763977304023151,0.8949537196084185,CORRECTED_MODERN
apache__rocketmq,0,21,0.9763977304023151,0.8949537196084185,CORRECTED_MODERN
apache__rocketmq,0,22,0.9763977304023151,0.8949537196084185,CORRECTED_MODERN
apache__rocketmq,0,23,0.9763977304023151,0.8949537196084185,CORRECTED_MODERN
apache__rocketmq,0,24,0.9763977304023151,0.8949537196084185,CORRECTED_MODERN
apache__rocketmq,0,25,0.9763977304023151,0.8949537196084185,CORRECTED_MODERN
apache__rocketmq,0,26,0.9763977304023151,0.8949537196084185,CORRECTED_MODERN
apache__rocketmq,0,27,0.9763977304023151,0.8949537196084185,CORRECTED_MODERN
apache__rocketmq,0,28,0.9763977304023151,0.8949537196084185,CORRECTED_MODERN
apache__rocketmq,0,29,0.9763977304023151,0.8949537196084185,CORRECTED_MODERN
apache__rocketmq,0,30,0.9763977304023151,0.8949537196084185,CORRECTED_MODERN
apache__rocketmq,5,1,0.8082875502837561,0.7604648849595532,CORRECTED_MODERN
apache__rocketmq,5,2,0.9277414946522012,0.8918409073184024,CORRECTED_MODERN
apache__rocketmq,5,3,0.8328315539317269,0.8009311830313315,CORRECTED_MODERN
apache__rocketmq,5,4,0.7751722402062369,0.7301796209764655,CORRECTED_MODERN
apache__rocketmq,5,5,0.7598578877210567,0.7314515150594465,CORRECTED_MODERN
apache__rocketmq,5,6,0.7990735739955664,0.7755132043812969,CORRECTED_MODERN
apache__rocketmq,5,7,0.8431726962025887,0.7710523171983715,CORRECTED_MODERN
apache__rocketmq,5,8,0.9078301289431268,0.8805500633659602,CORRECTED_MODERN
apache__rocketmq,5,9,0.8493599967041847,0.8385193550146443,CORRECTED_MODERN
apache__rocketmq,5,10,0.974159073311572,0.9560793821310578,CORRECTED_MODERN
apache__rocketmq,5,11,0.8689835147160406,0.8464925957173567,CORRECTED_MODERN
apache__rocketmq,5,12,0.8510158334574908,0.7925668790143494,CORRECTED_MODERN
apache__rocketmq,5,13,0.8966938430334142,0.8736066176963021,CORRECTED_MODERN
apache__rocketmq,5,14,0.9752178398414396,0.9524451452465166,CORRECTED_MODERN
apache__rocketmq,5,15,0.9459941736307692,0.9262876889000696,CORRECTED_MODERN
apache__rocketmq,5,16,0.8334271991665652,0.7926333871399285,CORRECTED_MODERN
apache__rocketmq,5,17,0.8197188088336878,0.8151354623222218,CORRECTED_MODERN
apache__rocketmq,5,18,0.8357157308583115,0.7906092565794953,CORRECTED_MODERN
apache__rocketmq,5,19,0.8943611366950649,0.8446008612834255,CORRECTED_MODERN
apache__rocketmq,5,20,0.8511882570781018,0.830623020528632,CORRECTED_MODERN
apache__rocketmq,5,21,0.9341852931018136,0.8730666602190242,CORRECTED_MODERN
apache__rocketmq,5,22,0.847691335053478,0.7900208641648578,CORRECTED_MODERN
apache__rocketmq,5,23,0.8255156624588587,0.8092033360450173,CORRECTED_MODERN
apache__rocketmq,5,24,0.8936828421214215,0.865099322890773,CORRECTED_MODERN
apache__rocketmq,5,25,0.8786492123904592,0.8681218187418578,CORRECTED_MODERN
apache__rocketmq,5,26,0.8687099169048231,0.7859943134044185,CORRECTED_MODERN
apache__rocketmq,5,27,0.7770247253863554,0.7735459673028913,CORRECTED_MODERN
apache__rocketmq,5,28,0.8166493833890913,0.7963336767747085,CORRECTED_MODERN
apache__rocketmq,5,29,0.7743058471373814,0.7542389029774705,CORRECTED_MODERN
apache__rocketmq,5,30,0.7978751585828897,0.7540241269670913,CORRECTED_MODERN
apache__rocketmq,10,1,0.7673248279855346,0.7402173092815548,CORRECTED_MODERN
apache__rocketmq,10,2,0.9440690140320462,0.9269228076242544,CORRECTED_MODERN
apache__rocketmq,10,3,0.8220116154912345,0.806294862665383,CORRECTED_MODERN
apache__rocketmq,10,4,0.727988017680017,0.6962862162782567,CORRECTED_MODERN
apache__rocketmq,10,5,0.9183892944698028,0.898633975718077,CORRECTED_MODERN
apache__rocketmq,10,6,0.7557496455869938,0.7261576684911835,CORRECTED_MODERN
apache__rocketmq,10,7,0.8066730381998528,0.7704876961198837,CORRECTED_MODERN
apache__rocketmq,10,8,0.8515103045017224,0.8499840677632727,CORRECTED_MODERN
apache__rocketmq,10,9,0.8667291827506964,0.8382882349010491,CORRECTED_MODERN
apache__rocketmq,10,10,0.9547706784187312,0.9405401962331486,CORRECTED_MODERN
apache__rocketmq,10,11,0.8995024955641939,0.9061237918119162,CORRECTED_MODERN
apache__rocketmq,10,12,0.8533456898186399,0.8648936102997066,CORRECTED_MODERN
apache__rocketmq,10,13,0.8843135420758218,0.8523001917001314,CORRECTED_MODERN
apache__rocketmq,10,14,0.9593947664260272,0.9416889787816332,CORRECTED_MODERN
apache__rocketmq,10,15,0.9180102475021784,0.8988132105632256,CORRECTED_MODERN
apache__rocketmq,10,16,0.850988758674089,0.8054016189068489,CORRECTED_MODERN
apache__rocketmq,10,17,0.8550300263439476,0.8421534522407051,CORRECTED_MODERN
apache__rocketmq,10,18,0.8198826825226982,0.8007411814443861,CORRECTED_MODERN
apache__rocketmq,10,19,0.8452759793763234,0.8252435304952119,CORRECTED_MODERN
apache__rocketmq,10,20,0.8945592101104776,0.8494336891388168,CORRECTED_MODERN
apache__rocketmq,10,21,0.8928221490069663,0.8456267117137839,CORRECTED_MODERN
apache__rocketmq,10,22,0.8572002839818866,0.8286608380269436,CORRECTED_MODERN
apache__rocketmq,10,23,0.8814037153544356,0.8771663835388206,CORRECTED_MODERN
apache__rocketmq,10,24,0.957221658810888,0.9209622205922304,CORRECTED_MODERN
apache__rocketmq,10,25,0.8456521763667475,0.8219050573819309,CORRECTED_MODERN
apache__rocketmq,10,26,0.9369383710771898,0.9085691422825094,CORRECTED_MODERN
apache__rocketmq,10,27,0.8126551403430358,0.7879417113948075,CORRECTED_MODERN
apache__rocketmq,10,28,0.8581493263895473,0.8080225002700641,CORRECTED_MODERN
apache__rocketmq,10,29,0.7119839707123927,0.7005821805020899,CORRECTED_MODERN
apache__rocketmq,10,30,0.7786093127096568,0.747721236158904,CORRECTED_MODERN
apache__rocketmq,15,1,0.744643284437883,0.728042950325037,CORRECTED_MODERN
apache__rocketmq,15,2,0.9295270053681156,0.9159346001554992,CORRECTED_MODERN
apache__rocketmq,15,3,0.7866505233799714,0.7478090119586802,CORRECTED_MODERN
apache__rocketmq,15,4,0.9195378352814764,0.9032325322028972,CORRECTED_MODERN
apache__rocketmq,15,5,0.912975762778056,0.8903065091480913,CORRECTED_MODERN
apache__rocketmq,15,6,0.7198869574884985,0.7018237449685547,CORRECTED_MODERN
apache__rocketmq,15,7,0.7769135762755481,0.7413241031231712,CORRECTED_MODERN
apache__rocketmq,15,8,0.8202503295815218,0.8615035766330704,CORRECTED_MODERN
apache__rocketmq,15,9,0.8606786811547091,0.8393950497958333,CORRECTED_MODERN
apache__rocketmq,15,10,0.9399778717611844,0.9245979413700964,CORRECTED_MODERN
apache__rocketmq,15,11,0.8655720920074224,0.8426729819528727,CORRECTED_MODERN
apache__rocketmq,15,12,0.8946076597228807,0.8990191849179774,CORRECTED_MODERN
apache__rocketmq,15,13,0.8881225366038656,0.867996887813347,CORRECTED_MODERN
apache__rocketmq,15,14,0.94381536606123,0.9086713631607964,CORRECTED_MODERN
apache__rocketmq,15,15,0.8963347459061912,0.8730698146664903,CORRECTED_MODERN
apache__rocketmq,15,16,0.8141827281223335,0.7837129652625241,CORRECTED_MODERN
apache__rocketmq,15,17,0.818129946544586,0.8223973354146423,CORRECTED_MODERN
apache__rocketmq,15,18,0.9282487905938336,0.9049645157344602,CORRECTED_MODERN
apache__rocketmq,15,19,0.9224847117064648,0.9194514348375492,CORRECTED_MODERN
apache__rocketmq,15,20,0.9191217386102496,0.9098498771162862,CORRECTED_MODERN
apache__rocketmq,15,21,0.9283357148984392,0.9031949101494878,CORRECTED_MODERN
apache__rocketmq,15,22,0.8328301289431268,0.8158213976484593,CORRECTED_MODERN
apache__rocketmq,15,23,0.8564835147160408,0.8658402510468238,CORRECTED_MODERN
apache__rocketmq,15,24,0.9622490185920096,0.9300982224686238,CORRECTED_MODERN
apache__rocketmq,15,25,0.844409586307468,0.8237439742083426,CORRECTED_MODERN
apache__rocketmq,15,26,0.9704583779171352,0.9363456237590044,CORRECTED_MODERN
apache__rocketmq,15,27,0.8434177942418045,0.811606856806671,CORRECTED_MODERN
apache__rocketmq,15,28,0.8464857946978008,0.8141275083822774,CORRECTED_MODERN
apache__rocketmq,15,29,0.9630427372422604,0.9292215516940402,CORRECTED_MODERN
apache__rocketmq,15,30,0.7487486765947458,0.7237981285542281,CORRECTED_MODERN
apache__rocketmq,20,1,0.8036862620940617,0.8024033546242157,CORRECTED_MODERN
apache__rocketmq,20,2,0.9163601107032728,0.8599591449220401,CORRECTED_MODERN
apache__rocketmq,20,3,0.8144563259335509,0.7784299154099509,CORRECTED_MODERN
apache__rocketmq,20,4,0.91803732228558,0.9010742308909804,CORRECTED_MODERN
apache__rocketmq,20,5,0.9476998849850786,0.9361034862196728,CORRECTED_MODERN
apache__rocketmq,20,6,0.7352953592212846,0.7158434458600429,CORRECTED_MODERN
apache__rocketmq,20,7,0.8016798781451333,0.7993070964793186,CORRECTED_MODERN
apache__rocketmq,20,8,0.8199582069185031,0.7915128497981561,CORRECTED_MODERN
apache__rocketmq,20,9,0.9351357604980745,0.9031057679620856,CORRECTED_MODERN
apache__rocketmq,20,10,0.93663199852817,0.9207813270311604,CORRECTED_MODERN
apache__rocketmq,20,11,0.8924217272103407,0.8826623402493778,CORRECTED_MODERN
apache__rocketmq,20,12,0.901880801537746,0.9070272480307446,CORRECTED_MODERN
apache__rocketmq,20,13,0.9350830359198712,0.9248649033820796,CORRECTED_MODERN
apache__rocketmq,20,14,0.9234907536581292,0.8991228444139898,CORRECTED_MODERN
apache__rocketmq,20,15,0.8857128808811114,0.8630210335021115,CORRECTED_MODERN
apache__rocketmq,20,16,0.7975274613644674,0.7619584325938923,CORRECTED_MODERN
apache__rocketmq,20,17,0.8440918138496476,0.8440200283803461,CORRECTED_MODERN
apache__rocketmq,20,18,0.921909016312028,0.898993198227811,CORRECTED_MODERN
apache__rocketmq,20,19,0.9432581955185944,0.9343095429026328,CORRECTED_MODERN
apache__rocketmq,20,20,0.9035736879946544,0.8920973457139593,CORRECTED_MODERN
apache__rocketmq,20,21,0.9682895452677962,0.9555060475076448,CORRECTED_MODERN
apache__rocketmq,20,22,0.8450323063257078,0.8203557571929199,CORRECTED_MODERN
apache__rocketmq,20,23,0.8424602019025432,0.8445562717291113,CORRECTED_MODERN
apache__rocketmq,20,24,0.9480062575340982,0.9221959327611828,CORRECTED_MODERN
apache__rocketmq,20,25,0.8395532251583572,0.815799580373957,CORRECTED_MODERN
apache__rocketmq,20,26,0.9614239501925568,0.9288929283016912,CORRECTED_MODERN
apache__rocketmq,20,27,0.893128521555986,0.8585452216211436,CORRECTED_MODERN
apache__rocketmq,20,28,0.8171752041825251,0.7912239737897492,CORRECTED_MODERN
apache__rocketmq,20,29,0.9554774727643762,0.9234627905988816,CORRECTED_MODERN
apache__rocketmq,20,30,0.7924659018569435,0.8024861220288546,CORRECTED_MODERN
apache__rocketmq,25,1,0.8621977190024064,0.8583864638183124,CORRECTED_MODERN
apache__rocketmq,25,2,0.915660441300628,0.8645578625572052,CORRECTED_MODERN
apache__rocketmq,25,3,0.921300546179789,0.8741624501808036,CORRECTED_MODERN
apache__rocketmq,25,4,0.9114225252039568,0.88776277296994,CORRECTED_MODERN
apache__rocketmq,25,5,0.9408100651036376,0.9154302765370048,CORRECTED_MODERN
apache__rocketmq,25,6,0.7518223770051424,0.7363403855077597,CORRECTED_MODERN
apache__rocketmq,25,7,0.7757151608628715,0.7766497521390383,CORRECTED_MODERN
apache__rocketmq,25,8,0.7931926460429901,0.7819081170057854,CORRECTED_MODERN
apache__rocketmq,25,9,0.9193055621396612,0.8868443625107786,CORRECTED_MODERN
apache__rocketmq,25,10,0.9329868776891368,0.9192214272639024,CORRECTED_MODERN
apache__rocketmq,25,11,0.8779424180448141,0.8707453871175468,CORRECTED_MODERN
apache__rocketmq,25,12,0.8889333551173175,0.8851985449005109,CORRECTED_MODERN
apache__rocketmq,25,13,0.9275491211911888,0.9176567027724696,CORRECTED_MODERN
apache__rocketmq,25,14,0.9102369346886808,0.8886919596347376,CORRECTED_MODERN
apache__rocketmq,25,15,0.8897655484597707,0.8746963551829515,CORRECTED_MODERN
apache__rocketmq,25,16,0.8593904914602268,0.8493138468703181,CORRECTED_MODERN
apache__rocketmq,25,17,0.8213090961113896,0.8170594291629438,CORRECTED_MODERN
apache__rocketmq,25,18,0.9293560067361044,0.9140869374220052,CORRECTED_MODERN
apache__rocketmq,25,19,0.9261155826594972,0.9188470016525824,CORRECTED_MODERN
apache__rocketmq,25,20,0.8844432160384301,0.8827103104202307,CORRECTED_MODERN
apache__rocketmq,25,21,0.9732157308583116,0.956123493265386,CORRECTED_MODERN
apache__rocketmq,25,22,0.8651973200055985,0.8834080030047751,CORRECTED_MODERN
apache__rocketmq,25,23,0.8782559155368341,0.8680358165807862,CORRECTED_MODERN
apache__rocketmq,25,24,0.9465613190936056,0.9204360216471766,CORRECTED_MODERN
apache__rocketmq,25,25,0.833645222422379,0.8147970432686205,CORRECTED_MODERN
apache__rocketmq,25,26,0.955940594059406,0.9226708686810304,CORRECTED_MODERN
apache__rocketmq,25,27,0.9074240071921008,0.8869039742636304,CORRECTED_MODERN
apache__rocketmq,25,28,0.7982185808355117,0.7758487879088874,CORRECTED_MODERN
apache__rocketmq,25,29,0.9484622538861274,0.9217157097749148,CORRECTED_MODERN
apache__rocketmq,25,30,0.8269278261615491,0.8724552475502694,CORRECTED_MODERN
apache__rocketmq,30,1,0.8466981179992145,0.8522501561326592,CORRECTED_MODERN
apache__rocketmq,30,2,0.9052508995769618,0.8514912417509926,CORRECTED_MODERN
apache__rocketmq,30,3,0.9142297527461364,0.8730032677144491,CORRECTED_MODERN
apache__rocketmq,30,4,0.9102283847570805,0.8877136268526719,CORRECTED_MODERN
apache__rocketmq,30,5,0.9333388498733596,0.9088672382457286,CORRECTED_MODERN
apache__rocketmq,30,6,0.7780279173608196,0.7510104019067021,CORRECTED_MODERN
apache__rocketmq,30,7,0.8617887472741803,0.8648007819440122,CORRECTED_MODERN
apache__rocketmq,30,8,0.7897142488701674,0.7968688513319041,CORRECTED_MODERN
apache__rocketmq,30,9,0.9088960204159952,0.8804240210595586,CORRECTED_MODERN
apache__rocketmq,30,10,0.9256966360110704,0.9123072595573264,CORRECTED_MODERN
apache__rocketmq,30,11,0.8721911640548461,0.8685152985164012,CORRECTED_MODERN
apache__rocketmq,30,12,0.8929959976161774,0.8747681255009981,CORRECTED_MODERN
apache__rocketmq,30,13,0.919158788313852,0.9137604230598556,CORRECTED_MODERN
apache__rocketmq,30,14,0.8975645110680699,0.8834645589801111,CORRECTED_MODERN
apache__rocketmq,30,15,0.8734793537493284,0.8342904263870399,CORRECTED_MODERN
apache__rocketmq,30,16,0.8495936948345998,0.8340495623332405,CORRECTED_MODERN
apache__rocketmq,30,17,0.8293716816107055,0.8479827139682545,CORRECTED_MODERN
apache__rocketmq,30,18,0.9280435922354204,0.9150779158976317,CORRECTED_MODERN
apache__rocketmq,30,19,0.9152186948345996,0.91491364939666,CORRECTED_MODERN
apache__rocketmq,30,20,0.8694765607716722,0.8555281235320075,CORRECTED_MODERN
apache__rocketmq,30,21,0.9719902406622332,0.9544146027728126,CORRECTED_MODERN
apache__rocketmq,30,22,0.8503802885418501,0.8712306345131433,CORRECTED_MODERN
apache__rocketmq,30,23,0.9627748393854434,0.9398675118242508,CORRECTED_MODERN
apache__rocketmq,30,24,0.9466867180904136,0.9270562077057344,CORRECTED_MODERN
apache__rocketmq,30,25,0.8717978672012208,0.8376527353015039,CORRECTED_MODERN
apache__rocketmq,30,26,0.9519577509221512,0.919492785804448,CORRECTED_MODERN
apache__rocketmq,30,27,0.8951206556189135,0.8822855578535554,CORRECTED_MODERN
apache__rocketmq,30,28,0.9346555393398436,0.9206504944416646,CORRECTED_MODERN
apache__rocketmq,30,29,0.943285270301996,0.9176127831300218,CORRECTED_MODERN
apache__rocketmq,30,30,0.9121791941506052,0.9119581114310552,CORRECTED_MODERN
apache__rocketmq,40,1,0.9374955416198254,0.927435989727512,CORRECTED_MODERN
apache__rocketmq,40,2,0.8975431362390685,0.8463232496231722,CORRECTED_MODERN
apache__rocketmq,40,3,0.8938110910954297,0.8612929877032225,CORRECTED_MODERN
apache__rocketmq,40,4,0.94194150605211,0.9245991544602314,CORRECTED_MODERN
apache__rocketmq,40,5,0.9631681362390684,0.9422622102934072,CORRECTED_MODERN
apache__rocketmq,40,6,0.7643736765947458,0.7447480111229386,CORRECTED_MODERN
apache__rocketmq,40,7,0.9193711116152656,0.9147576497588418,CORRECTED_MODERN
apache__rocketmq,40,8,0.7808194700283981,0.7862562399857392,CORRECTED_MODERN
apache__rocketmq,40,9,0.8840385192760043,0.8360935212777418,CORRECTED_MODERN
apache__rocketmq,40,10,0.916568159038886,0.8878428357074448,CORRECTED_MODERN
apache__rocketmq,40,11,0.8547421786467293,0.8211047489041878,CORRECTED_MODERN
apache__rocketmq,40,12,0.8690576141232454,0.860653929466331,CORRECTED_MODERN
apache__rocketmq,40,13,0.9184904686604092,0.8931188852310746,CORRECTED_MODERN
apache__rocketmq,40,14,0.9400305963393878,0.9169188660028628,CORRECTED_MODERN
apache__rocketmq,40,15,0.8515915288519276,0.8223841665713961,CORRECTED_MODERN
apache__rocketmq,40,16,0.8585483231975728,0.8433701477189857,CORRECTED_MODERN
apache__rocketmq,40,17,0.8171623792851241,0.8504761479121004,CORRECTED_MODERN
apache__rocketmq,40,18,0.9282316907306326,0.9148354567921352,CORRECTED_MODERN
apache__rocketmq,40,19,0.8911862620940617,0.8798696124878203,CORRECTED_MODERN
apache__rocketmq,40,20,0.9003147390662458,0.875776477260411,CORRECTED_MODERN
apache__rocketmq,40,21,0.9653754435806098,0.9510627383734032,CORRECTED_MODERN
apache__rocketmq,40,22,0.8320121854866745,0.817808093974056,CORRECTED_MODERN
apache__rocketmq,40,23,0.9536463624132592,0.93572331159261,CORRECTED_MODERN
apache__rocketmq,40,24,0.9367018229695748,0.922694290678118,CORRECTED_MODERN
apache__rocketmq,40,25,0.8530051175432181,0.8295426958002335,CORRECTED_MODERN
apache__rocketmq,40,26,0.9428292739499669,0.9140518218770048,CORRECTED_MODERN
apache__rocketmq,40,27,0.9594047413462276,0.9354623903026944,CORRECTED_MODERN
apache__rocketmq,40,28,0.9155250673836192,0.914973969910557,CORRECTED_MODERN
apache__rocketmq,40,29,0.9427352247023608,0.9135852621719324,CORRECTED_MODERN
apache__rocketmq,40,30,0.8849647618660635,0.8939834611333646,CORRECTED_MODERN
apache__rocketmq,50,1,0.930818045039798,0.9232795873787328,CORRECTED_MODERN
apache__rocketmq,50,2,0.8810132684780105,0.8248852812799345,CORRECTED_MODERN
apache__rocketmq,50,3,0.8932125958833913,0.8783495494578928,CORRECTED_MODERN
apache__rocketmq,50,4,0.9334884736763692,0.9190412567864804,CORRECTED_MODERN
apache__rocketmq,50,5,0.954502780561914,0.9326049346099424,CORRECTED_MODERN
apache__rocketmq,50,6,0.7663088111136696,0.753902454578919,CORRECTED_MODERN
apache__rocketmq,50,7,0.9107057559381108,0.892927221147476,CORRECTED_MODERN
apache__rocketmq,50,8,0.8354307331382933,0.8070863703413794,CORRECTED_MODERN
apache__rocketmq,50,9,0.8713105210999896,0.8218963755702331,CORRECTED_MODERN
apache__rocketmq,50,10,0.9252719894082432,0.9029732295259214,CORRECTED_MODERN
apache__rocketmq,50,11,0.8567856122992601,0.8189708915750908,CORRECTED_MODERN
apache__rocketmq,50,12,0.8944067363302678,0.8827353256575774,CORRECTED_MODERN
apache__rocketmq,50,13,0.9386241325910976,0.9241537829730084,CORRECTED_MODERN
apache__rocketmq,50,14,0.9340598941050056,0.9128519598188696,CORRECTED_MODERN
apache__rocketmq,50,15,0.9066986879946544,0.8801045653787918,CORRECTED_MODERN
apache__rocketmq,50,16,0.9408556647388404,0.931032739606568,CORRECTED_MODERN
apache__rocketmq,50,17,0.9207604755003544,0.9130223724437996,CORRECTED_MODERN
apache__rocketmq,50,18,0.919566335053478,0.9097230483274784,CORRECTED_MODERN
apache__rocketmq,50,19,0.9328344039089272,0.9176176494266116,CORRECTED_MODERN
apache__rocketmq,50,20,0.8861731521989409,0.8714905825400237,CORRECTED_MODERN
apache__rocketmq,50,21,0.9569537609540708,0.9392942959416304,CORRECTED_MODERN
apache__rocketmq,50,22,0.8613812005345541,0.8382078832167525,CORRECTED_MODERN
apache__rocketmq,50,23,0.9485007285783298,0.9349877505792714,CORRECTED_MODERN
apache__rocketmq,50,24,0.9299929766403452,0.9154644666754984,CORRECTED_MODERN
apache__rocketmq,50,25,0.9239909246567612,0.8970496583676546,CORRECTED_MODERN
apache__rocketmq,50,26,0.9331507513781474,0.9022880514334974,CORRECTED_MODERN
apache__rocketmq,50,27,0.9551782251583572,0.9346016879720808,CORRECTED_MODERN
apache__rocketmq,50,28,0.8972510135760499,0.9043623725690904,CORRECTED_MODERN
apache__rocketmq,50,29,0.9391214536125296,0.9104006001812952,CORRECTED_MODERN
apache__rocketmq,50,30,0.9364168252495564,0.9263061750960744,CORRECTED_MODERN
apache__shardingsphere,0,1,0.9846078213423294,0.9722092195635664,CORRECTED_MODERN
apache__shardingsphere,0,2,0.9846078213423294,0.9722092195635664,CORRECTED_MODERN
apache__shardingsphere,0,3,0.9846078213423294,0.9722092195635664,CORRECTED_MODERN
apache__shardingsphere,0,4,0.9846078213423294,0.9722092195635664,CORRECTED_MODERN
apache__shardingsphere,0,5,0.9846078213423294,0.9722092195635664,CORRECTED_MODERN
apache__shardingsphere,0,6,0.9846078213423294,0.9722092195635664,CORRECTED_MODERN
apache__shardingsphere,0,7,0.9846078213423294,0.9722092195635664,CORRECTED_MODERN
apache__shardingsphere,0,8,0.9846078213423294,0.9722092195635664,CORRECTED_MODERN
apache__shardingsphere,0,9,0.9846078213423294,0.9722092195635664,CORRECTED_MODERN
apache__shardingsphere,0,10,0.9846078213423294,0.9722092195635664,CORRECTED_MODERN
apache__shardingsphere,0,11,0.9846078213423294,0.9722092195635664,CORRECTED_MODERN
apache__shardingsphere,0,12,0.9846078213423294,0.9722092195635664,CORRECTED_MODERN
apache__shardingsphere,0,13,0.9846078213423294,0.9722092195635664,CORRECTED_MODERN
apache__shardingsphere,0,14,0.9846078213423294,0.9722092195635664,CORRECTED_MODERN
apache__shardingsphere,0,15,0.9846078213423294,0.9722092195635664,CORRECTED_MODERN
apache__shardingsphere,0,16,0.9846078213423294,0.9722092195635664,CORRECTED_MODERN
apache__shardingsphere,0,17,0.9846078213423294,0.9722092195635664,CORRECTED_MODERN
apache__shardingsphere,0,18,0.9846078213423294,0.9722092195635664,CORRECTED_MODERN
apache__shardingsphere,0,19,0.9846078213423294,0.9722092195635664,CORRECTED_MODERN
apache__shardingsphere,0,20,0.9846078213423294,0.9722092195635664,CORRECTED_MODERN
apache__shardingsphere,0,21,0.9846078213423294,0.9722092195635664,CORRECTED_MODERN
apache__shardingsphere,0,22,0.9846078213423294,0.9722092195635664,CORRECTED_MODERN
apache__shardingsphere,0,23,0.9846078213423294,0.9722092195635664,CORRECTED_MODERN
apache__shardingsphere,0,24,0.9846078213423294,0.9722092195635664,CORRECTED_MODERN
apache__shardingsphere,0,25,0.9846078213423294,0.9722092195635664,CORRECTED_MODERN
apache__shardingsphere,0,26,0.9846078213423294,0.9722092195635664,CORRECTED_MODERN
apache__shardingsphere,0,27,0.9846078213423294,0.9722092195635664,CORRECTED_MODERN
apache__shardingsphere,0,28,0.9846078213423294,0.9722092195635664,CORRECTED_MODERN
apache__shardingsphere,0,29,0.9846078213423294,0.9722092195635664,CORRECTED_MODERN
apache__shardingsphere,0,30,0.9846078213423294,0.9722092195635664,CORRECTED_MODERN
apache__shardingsphere,5,1,0.9689034546282232,0.9558182844957298,CORRECTED_MODERN
apache__shardingsphere,5,2,0.9548469819822444,0.9457062665712418,CORRECTED_MODERN
apache__shardingsphere,5,3,0.9611234320749672,0.9523066127392268,CORRECTED_MODERN
apache__shardingsphere,5,4,0.9556411300571828,0.947342322046621,CORRECTED_MODERN
apache__shardingsphere,5,5,0.9598168884602696,0.9503093138068062,CORRECTED_MODERN
apache__shardingsphere,5,6,0.9611955390962216,0.951359914922116,CORRECTED_MODERN
apache__shardingsphere,5,7,0.955788357800332,0.9453519364595044,CORRECTED_MODERN
apache__shardingsphere,5,8,0.9512050077495584,0.9402709440004816,CORRECTED_MODERN
apache__shardingsphere,5,9,0.963404389373668,0.9514421383592918,CORRECTED_MODERN
apache__shardingsphere,5,10,0.9573697662303232,0.9479448370876192,CORRECTED_MODERN
apache__shardingsphere,5,11,0.9583985570703808,0.9492211966843868,CORRECTED_MODERN
apache__shardingsphere,5,12,0.958773473307698,0.9470966191503694,CORRECTED_MODERN
apache__shardingsphere,5,13,0.9570118829493476,0.9434735266333892,CORRECTED_MODERN
apache__shardingsphere,5,14,0.954537535318166,0.9387412404390092,CORRECTED_MODERN
apache__shardingsphere,5,15,0.9634816296680552,0.9508423931023812,CORRECTED_MODERN
apache__shardingsphere,5,16,0.9581574931295772,0.9455061921007668,CORRECTED_MODERN
apache__shardingsphere,5,17,0.9616146141633028,0.9470045371150602,CORRECTED_MODERN
apache__shardingsphere,5,18,0.9669249082869462,0.9538478372538416,CORRECTED_MODERN
apache__shardingsphere,5,19,0.9511220560048128,0.9403931433393088,CORRECTED_MODERN
apache__shardingsphere,5,20,0.9566476917829922,0.9442619907957002,CORRECTED_MODERN
apache__shardingsphere,5,21,0.9581242712631504,0.9461688203464048,CORRECTED_MODERN
apache__shardingsphere,5,22,0.9553001835323484,0.9445035609493152,CORRECTED_MODERN
apache__shardingsphere,5,23,0.9700465499389276,0.9560648721871264,CORRECTED_MODERN
apache__shardingsphere,5,24,0.9631877458038248,0.9486440096738176,CORRECTED_MODERN
apache__shardingsphere,5,25,0.9547136503520404,0.9419047395327094,CORRECTED_MODERN
apache__shardingsphere,5,26,0.95378089252337,0.9400121955311028,CORRECTED_MODERN
apache__shardingsphere,5,27,0.9519081332801264,0.9446009676178356,CORRECTED_MODERN
apache__shardingsphere,5,28,0.9642757095960544,0.9488947650957044,CORRECTED_MODERN
apache__shardingsphere,5,29,0.961151824048954,0.9491868880429358,CORRECTED_MODERN
apache__shardingsphere,5,30,0.9520091594605042,0.9444214114832238,CORRECTED_MODERN
apache__shardingsphere,10,1,0.9597233127475662,0.9467655005082828,CORRECTED_MODERN
apache__shardingsphere,10,2,0.954531764154149,0.945031152755894,CORRECTED_MODERN
apache__shardingsphere,10,3,0.9610181473546776,0.9517023236459156,CORRECTED_MODERN
apache__shardingsphere,10,4,0.9617993299907808,0.9516332048827704,CORRECTED_MODERN
apache__shardingsphere,10,5,0.9639862823339896,0.9523480740626726,CORRECTED_MODERN
apache__shardingsphere,10,6,0.9570567272282616,0.9462589410324772,CORRECTED_MODERN
apache__shardingsphere,10,7,0.9638890198233974,0.9530798724923472,CORRECTED_MODERN
apache__shardingsphere,10,8,0.9498674363314744,0.9395313127617648,CORRECTED_MODERN
apache__shardingsphere,10,9,0.9565767223658928,0.9450458255402546,CORRECTED_MODERN
apache__shardingsphere,10,10,0.9593999615776972,0.945268707258133,CORRECTED_MODERN
apache__shardingsphere,10,11,0.9506636322442134,0.9403077477299484,CORRECTED_MODERN
apache__shardingsphere,10,12,0.96095492199318,0.9468770039737148,CORRECTED_MODERN
apache__shardingsphere,10,13,0.9679898644569306,0.956383035075359,CORRECTED_MODERN
apache__shardingsphere,10,14,0.9494713137463456,0.9377335216577766,CORRECTED_MODERN
apache__shardingsphere,10,15,0.9628060228929638,0.9521184197568732,CORRECTED_MODERN
apache__shardingsphere,10,16,0.960584246684569,0.9497072276214404,CORRECTED_MODERN
apache__shardingsphere,10,17,0.9630949270145052,0.9505165177251632,CORRECTED_MODERN
apache__shardingsphere,10,18,0.9614902780723678,0.9494255179693768,CORRECTED_MODERN
apache__shardingsphere,10,19,0.9514531257321868,0.9414891824318358,CORRECTED_MODERN
apache__shardingsphere,10,20,0.9675464320629138,0.955153190956639,CORRECTED_MODERN
apache__shardingsphere,10,21,0.9625438233017112,0.9502008544501672,CORRECTED_MODERN
apache__shardingsphere,10,22,0.9472824270576572,0.9372692618741324,CORRECTED_MODERN
apache__shardingsphere,10,23,0.968099979214797,0.9529968312428392,CORRECTED_MODERN
apache__shardingsphere,10,24,0.9627954957921848,0.9462965582469992,CORRECTED_MODERN
apache__shardingsphere,10,25,0.9561812705639235,0.9438369733849086,CORRECTED_MODERN
apache__shardingsphere,10,26,0.950154398768622,0.938644691380896,CORRECTED_MODERN
apache__shardingsphere,10,27,0.9555268782293644,0.9458214353561992,CORRECTED_MODERN
apache__shardingsphere,10,28,0.9605508181875072,0.947084274658904,CORRECTED_MODERN
apache__shardingsphere,10,29,0.9668193856524352,0.9530592242078604,CORRECTED_MODERN
apache__shardingsphere,10,30,0.9504343006900282,0.9424819090882768,CORRECTED_MODERN
apache__shardingsphere,15,1,0.961447785269254,0.9509434153864704,CORRECTED_MODERN
apache__shardingsphere,15,2,0.955306844613023,0.9467767162494868,CORRECTED_MODERN
apache__shardingsphere,15,3,0.9575563084579968,0.9481596674240412,CORRECTED_MODERN
apache__shardingsphere,15,4,0.9610063239450226,0.9496415415932344,CORRECTED_MODERN
apache__shardingsphere,15,5,0.9628888030912068,0.9524143373696234,CORRECTED_MODERN
apache__shardingsphere,15,6,0.9606323318054212,0.948687012454974,CORRECTED_MODERN
apache__shardingsphere,15,7,0.9593073454005092,0.950602990828488,CORRECTED_MODERN
apache__shardingsphere,15,8,0.953818081821,0.9440792566219304,CORRECTED_MODERN
apache__shardingsphere,15,9,0.9538970338057888,0.9425720946910184,CORRECTED_MODERN
apache__shardingsphere,15,10,0.9547557008616036,0.9421153375498796,CORRECTED_MODERN
apache__shardingsphere,15,11,0.9545734395834936,0.9438917007977596,CORRECTED_MODERN
apache__shardingsphere,15,12,0.9550138981197026,0.9431379258726272,CORRECTED_MODERN
apache__shardingsphere,15,13,0.9641153906308318,0.9543051524678248,CORRECTED_MODERN
apache__shardingsphere,15,14,0.9496345616884272,0.9382119401816204,CORRECTED_MODERN
apache__shardingsphere,15,15,0.9603479651389756,0.950534118018491,CORRECTED_MODERN
apache__shardingsphere,15,16,0.9571737807288458,0.9472352521005746,CORRECTED_MODERN
apache__shardingsphere,15,17,0.959383689743678,0.9461887823647476,CORRECTED_MODERN
apache__shardingsphere,15,18,0.9601986545931324,0.950017212286828,CORRECTED_MODERN
apache__shardingsphere,15,19,0.9531510888179576,0.9424087894957154,CORRECTED_MODERN
apache__shardingsphere,15,20,0.961376860384838,0.9505982661827796,CORRECTED_MODERN
apache__shardingsphere,15,21,0.9626274563293978,0.9492356098698492,CORRECTED_MODERN
apache__shardingsphere,15,22,0.9525988726286236,0.9413316551190352,CORRECTED_MODERN
apache__shardingsphere,15,23,0.9660907141352936,0.951624671099364,CORRECTED_MODERN
apache__shardingsphere,15,24,0.95967497339857,0.9457077871373992,CORRECTED_MODERN
apache__shardingsphere,15,25,0.9523414268246964,0.9400064341865718,CORRECTED_MODERN
apache__shardingsphere,15,26,0.9533319391839804,0.9419960661502068,CORRECTED_MODERN
apache__shardingsphere,15,27,0.953685213991162,0.9459402677081508,CORRECTED_MODERN
apache__shardingsphere,15,28,0.9580790548268834,0.9443336388836692,CORRECTED_MODERN
apache__shardingsphere,15,29,0.9647458765538772,0.9508996958277232,CORRECTED_MODERN
apache__shardingsphere,15,30,0.948005783812575,0.940766778274442,CORRECTED_MODERN
apache__shardingsphere,20,1,0.9637012758864094,0.954497556231966,CORRECTED_MODERN
apache__shardingsphere,20,2,0.9523723083718628,0.9448354065898068,CORRECTED_MODERN
apache__shardingsphere,20,3,0.9576036112586808,0.9475860824907072,CORRECTED_MODERN
apache__shardingsphere,20,4,0.9573349912160783,0.946442527382524,CORRECTED_MODERN
apache__shardingsphere,20,5,0.9620476701112792,0.9512213769868678,CORRECTED_MODERN
apache__shardingsphere,20,6,0.9606536522139209,0.9488216580337636,CORRECTED_MODERN
apache__shardingsphere,20,7,0.9576738182142308,0.9473309247628092,CORRECTED_MODERN
apache__shardingsphere,20,8,0.9560037787349112,0.9460854606458278,CORRECTED_MODERN
apache__shardingsphere,20,9,0.9515856949007088,0.9402318478939696,CORRECTED_MODERN
apache__shardingsphere,20,10,0.9507047175243132,0.9395756495051292,CORRECTED_MODERN
apache__shardingsphere,20,11,0.9549953364038092,0.943766301859102,CORRECTED_MODERN
apache__shardingsphere,20,12,0.955177952996252,0.9425691608214604,CORRECTED_MODERN
apache__shardingsphere,20,13,0.9636824064696858,0.9551878344427608,CORRECTED_MODERN
apache__shardingsphere,20,14,0.949549055913397,0.9393454985655608,CORRECTED_MODERN
apache__shardingsphere,20,15,0.9568617201052504,0.9441543811755704,CORRECTED_MODERN
apache__shardingsphere,20,16,0.9592602092264706,0.94930724542981,CORRECTED_MODERN
apache__shardingsphere,20,17,0.9541999396561384,0.943299904362699,CORRECTED_MODERN
apache__shardingsphere,20,18,0.960187955929804,0.9529115089085792,CORRECTED_MODERN
apache__shardingsphere,20,19,0.9547068729832566,0.9417812425125328,CORRECTED_MODERN
apache__shardingsphere,20,20,0.9613372360283596,0.9513284036156702,CORRECTED_MODERN
apache__shardingsphere,20,21,0.961913697407053,0.9483108630676148,CORRECTED_MODERN
apache__shardingsphere,20,22,0.9609458873607812,0.9475257019821942,CORRECTED_MODERN
apache__shardingsphere,20,23,0.9616057294733036,0.9469867153315586,CORRECTED_MODERN
apache__shardingsphere,20,24,0.9591961165093796,0.9458058709624502,CORRECTED_MODERN
apache__shardingsphere,20,25,0.9539920421888493,0.941240231029294,CORRECTED_MODERN
apache__shardingsphere,20,26,0.9590045652188192,0.949055737328986,CORRECTED_MODERN
apache__shardingsphere,20,27,0.9562246100329096,0.9491689548111216,CORRECTED_MODERN
apache__shardingsphere,20,28,0.9591832761744914,0.9455593440741228,CORRECTED_MODERN
apache__shardingsphere,20,29,0.9648421912672864,0.9502219568822404,CORRECTED_MODERN
apache__shardingsphere,20,30,0.9496898006546266,0.9403391755149326,CORRECTED_MODERN
apache__shardingsphere,25,1,0.9610847989982636,0.9491471247289902,CORRECTED_MODERN
apache__shardingsphere,25,2,0.9567510315679614,0.9481734282051736,CORRECTED_MODERN
apache__shardingsphere,25,3,0.9544550403928032,0.9448754968955916,CORRECTED_MODERN
apache__shardingsphere,25,4,0.954967744864714,0.9442169081596322,CORRECTED_MODERN
apache__shardingsphere,25,5,0.9583378453944864,0.9484234271593228,CORRECTED_MODERN
apache__shardingsphere,25,6,0.9569395416247414,0.9452833776941146,CORRECTED_MODERN
apache__shardingsphere,25,7,0.9605667669684226,0.9486196997351486,CORRECTED_MODERN
apache__shardingsphere,25,8,0.954103544149352,0.9418994640728712,CORRECTED_MODERN
apache__shardingsphere,25,9,0.9507620810779784,0.9385412440561868,CORRECTED_MODERN
apache__shardingsphere,25,10,0.9531764390356072,0.9416746488693464,CORRECTED_MODERN
apache__shardingsphere,25,11,0.9570773037560898,0.9469289452013572,CORRECTED_MODERN
apache__shardingsphere,25,12,0.9541814425698942,0.93996442586317,CORRECTED_MODERN
apache__shardingsphere,25,13,0.9598473195224466,0.9511039174578012,CORRECTED_MODERN
apache__shardingsphere,25,14,0.9555875612052231,0.9452716161445092,CORRECTED_MODERN
apache__shardingsphere,25,15,0.9611386940640888,0.9477669732344338,CORRECTED_MODERN
apache__shardingsphere,25,16,0.957505085142711,0.9446949331156652,CORRECTED_MODERN
apache__shardingsphere,25,17,0.9514010799716236,0.9430292791990276,CORRECTED_MODERN
apache__shardingsphere,25,18,0.957485710073405,0.9489478302804336,CORRECTED_MODERN
apache__shardingsphere,25,19,0.9524954258843272,0.9394506154281648,CORRECTED_MODERN
apache__shardingsphere,25,20,0.957792409940448,0.9480506962975576,CORRECTED_MODERN
apache__shardingsphere,25,21,0.959525378896301,0.9467609334945783,CORRECTED_MODERN
apache__shardingsphere,25,22,0.9577002363382408,0.9431406037504542,CORRECTED_MODERN
apache__shardingsphere,25,23,0.9582587714949792,0.942223006548852,CORRECTED_MODERN
apache__shardingsphere,25,24,0.9616229959313932,0.9494576772411624,CORRECTED_MODERN
apache__shardingsphere,25,25,0.9515656463458774,0.939363081169868,CORRECTED_MODERN
apache__shardingsphere,25,26,0.9551656276530022,0.9465069675542582,CORRECTED_MODERN
apache__shardingsphere,25,27,0.9543679655382978,0.9478548381013286,CORRECTED_MODERN
apache__shardingsphere,25,28,0.9588568334141138,0.9456775942718928,CORRECTED_MODERN
apache__shardingsphere,25,29,0.9644774508938372,0.95013074797891,CORRECTED_MODERN
apache__shardingsphere,25,30,0.9526944286312206,0.941907270182814,CORRECTED_MODERN
apache__shardingsphere,30,1,0.9594222592987094,0.9473812366605048,CORRECTED_MODERN
apache__shardingsphere,30,2,0.953870510450777,0.9467255242661896,CORRECTED_MODERN
apache__shardingsphere,30,3,0.9531604123081296,0.9435911993538224,CORRECTED_MODERN
apache__shardingsphere,30,4,0.951861993666378,0.9406294084873292,CORRECTED_MODERN
apache__shardingsphere,30,5,0.9551915342125517,0.9456970567449224,CORRECTED_MODERN
apache__shardingsphere,30,6,0.9537818400266248,0.9410878309429012,CORRECTED_MODERN
apache__shardingsphere,30,7,0.9623649355404176,0.9494345311196132,CORRECTED_MODERN
apache__shardingsphere,30,8,0.952632490193282,0.9401435031204316,CORRECTED_MODERN
apache__shardingsphere,30,9,0.952839078472868,0.9395256931245072,CORRECTED_MODERN
apache__shardingsphere,30,10,0.9507565687172193,0.9379914354153346,CORRECTED_MODERN
apache__shardingsphere,30,11,0.9541638170449072,0.9437510905706256,CORRECTED_MODERN
apache__shardingsphere,30,12,0.9547935093365224,0.939792642182924,CORRECTED_MODERN
apache__shardingsphere,30,13,0.9563893578077856,0.9463104282935664,CORRECTED_MODERN
apache__shardingsphere,30,14,0.9541319068816276,0.9433887774539386,CORRECTED_MODERN
apache__shardingsphere,30,15,0.9581807689427004,0.9459398137528442,CORRECTED_MODERN
apache__shardingsphere,30,16,0.9560327291470364,0.9446395251568404,CORRECTED_MODERN
apache__shardingsphere,30,17,0.9496357224961848,0.9397077477456116,CORRECTED_MODERN
apache__shardingsphere,30,18,0.9551141718708874,0.9443245606316508,CORRECTED_MODERN
apache__shardingsphere,30,19,0.9553678803003868,0.943921713020259,CORRECTED_MODERN
apache__shardingsphere,30,20,0.960107933621372,0.9509145270414316,CORRECTED_MODERN
apache__shardingsphere,30,21,0.956777063373496,0.9449439703254932,CORRECTED_MODERN
apache__shardingsphere,30,22,0.9559647905492276,0.94234457621295,CORRECTED_MODERN
apache__shardingsphere,30,23,0.9551793221365428,0.9392392891176962,CORRECTED_MODERN
apache__shardingsphere,30,24,0.959253560943965,0.947414727664441,CORRECTED_MODERN
apache__shardingsphere,30,25,0.9528735529518584,0.9413884597231212,CORRECTED_MODERN
apache__shardingsphere,30,26,0.9528337609562972,0.945438919513764,CORRECTED_MODERN
apache__shardingsphere,30,27,0.9585133204066548,0.9527666562327992,CORRECTED_MODERN
apache__shardingsphere,30,28,0.9601852751260332,0.948478724690511,CORRECTED_MODERN
apache__shardingsphere,30,29,0.9607110151408566,0.946371987153202,CORRECTED_MODERN
apache__shardingsphere,30,30,0.9538577140033334,0.9442387757661168,CORRECTED_MODERN
apache__shardingsphere,40,1,0.9577618291811296,0.9465700031331304,CORRECTED_MODERN
apache__shardingsphere,40,2,0.9541000301415736,0.9453231093909,CORRECTED_MODERN
apache__shardingsphere,40,3,0.9526524941994357,0.9413844387271866,CORRECTED_MODERN
apache__shardingsphere,40,4,0.953806962606608,0.9408761677842212,CORRECTED_MODERN
apache__shardingsphere,40,5,0.9542576903564154,0.9449025807549052,CORRECTED_MODERN
apache__shardingsphere,40,6,0.9512152175436914,0.9419346644496764,CORRECTED_MODERN
apache__shardingsphere,40,7,0.9582526415207888,0.9451074993463994,CORRECTED_MODERN
apache__shardingsphere,40,8,0.9545276152652328,0.9441526239431496,CORRECTED_MODERN
apache__shardingsphere,40,9,0.9505352250843498,0.936172668408248,CORRECTED_MODERN
apache__shardingsphere,40,10,0.948381565515129,0.936517570752362,CORRECTED_MODERN
apache__shardingsphere,40,11,0.950603891745938,0.942650524947158,CORRECTED_MODERN
apache__shardingsphere,40,12,0.951155233334425,0.936853192767758,CORRECTED_MODERN
apache__shardingsphere,40,13,0.9535264601718592,0.942769127540954,CORRECTED_MODERN
apache__shardingsphere,40,14,0.9582662445830068,0.9492119537366644,CORRECTED_MODERN
apache__shardingsphere,40,15,0.9528989539592374,0.9424293955087916,CORRECTED_MODERN
apache__shardingsphere,40,16,0.9541654479368744,0.9454704262119188,CORRECTED_MODERN
apache__shardingsphere,40,17,0.9487839299038492,0.9382660193988854,CORRECTED_MODERN
apache__shardingsphere,40,18,0.952860072700284,0.9423425774329456,CORRECTED_MODERN
apache__shardingsphere,40,19,0.9549892810093776,0.9446914545093966,CORRECTED_MODERN
apache__shardingsphere,40,20,0.9574979731304616,0.946981303144399,CORRECTED_MODERN
apache__shardingsphere,40,21,0.954250673912764,0.9432609042994696,CORRECTED_MODERN
apache__shardingsphere,40,22,0.9581159542338336,0.945245498166034,CORRECTED_MODERN
apache__shardingsphere,40,23,0.9535874171854396,0.9391688348710828,CORRECTED_MODERN
apache__shardingsphere,40,24,0.9549423431906204,0.942248804849242,CORRECTED_MODERN
apache__shardingsphere,40,25,0.9518075736870586,0.939726701269742,CORRECTED_MODERN
apache__shardingsphere,40,26,0.9513207891338188,0.944502302773706,CORRECTED_MODERN
apache__shardingsphere,40,27,0.9573920767547212,0.9487978184623492,CORRECTED_MODERN
apache__shardingsphere,40,28,0.9587933232610364,0.946352245087767,CORRECTED_MODERN
apache__shardingsphere,40,29,0.9547527739249252,0.9406107574260532,CORRECTED_MODERN
apache__shardingsphere,40,30,0.956906608372154,0.9458231057883776,CORRECTED_MODERN
apache__shardingsphere,50,1,0.9533589890339794,0.9424864524909324,CORRECTED_MODERN
apache__shardingsphere,50,2,0.9565601462553616,0.9461358502015256,CORRECTED_MODERN
apache__shardingsphere,50,3,0.9551346887363223,0.9430744707735936,CORRECTED_MODERN
apache__shardingsphere,50,4,0.9555636347386618,0.944845416236172,CORRECTED_MODERN
apache__shardingsphere,50,5,0.953218319426365,0.94551931731871,CORRECTED_MODERN
apache__shardingsphere,50,6,0.9510848083654811,0.9409310397230866,CORRECTED_MODERN
apache__shardingsphere,50,7,0.9564743345267064,0.9452332899099596,CORRECTED_MODERN
apache__shardingsphere,50,8,0.9520502276560068,0.9412067018855468,CORRECTED_MODERN
apache__shardingsphere,50,9,0.9549608480302174,0.9427547787843288,CORRECTED_MODERN
apache__shardingsphere,50,10,0.9480147056466944,0.9372056265333932,CORRECTED_MODERN
apache__shardingsphere,50,11,0.9517072833480154,0.9443692594516876,CORRECTED_MODERN
apache__shardingsphere,50,12,0.9545192298407008,0.9424986337473982,CORRECTED_MODERN
apache__shardingsphere,50,13,0.9531149269562524,0.9410989820223804,CORRECTED_MODERN
apache__shardingsphere,50,14,0.9564330021557574,0.9466106339486844,CORRECTED_MODERN
apache__shardingsphere,50,15,0.950092998926276,0.9396940911215532,CORRECTED_MODERN
apache__shardingsphere,50,16,0.9500867228552752,0.9406156275126456,CORRECTED_MODERN
apache__shardingsphere,50,17,0.9485473232012608,0.9367284915448838,CORRECTED_MODERN
apache__shardingsphere,50,18,0.9497182702886882,0.9393289354526004,CORRECTED_MODERN
apache__shardingsphere,50,19,0.9521327320689256,0.9417185706109196,CORRECTED_MODERN
apache__shardingsphere,50,20,0.9549472103096924,0.943778091013763,CORRECTED_MODERN
apache__shardingsphere,50,21,0.9543341871090752,0.9431598328836855,CORRECTED_MODERN
apache__shardingsphere,50,22,0.9543427345018064,0.9422224845049268,CORRECTED_MODERN
apache__shardingsphere,50,23,0.9482692917913572,0.9341272428916596,CORRECTED_MODERN
apache__shardingsphere,50,24,0.9533663758851304,0.9432282145123528,CORRECTED_MODERN
apache__shardingsphere,50,25,0.951646335662952,0.9381665388860592,CORRECTED_MODERN
apache__shardingsphere,50,26,0.952537333723516,0.943832160604892,CORRECTED_MODERN
apache__shardingsphere,50,27,0.955009869180104,0.9452956962023752,CORRECTED_MODERN
apache__shardingsphere,50,28,0.9560246519145124,0.9438835872019048,CORRECTED_MODERN
apache__shardingsphere,50,29,0.9501574055842426,0.9372256115736534,CORRECTED_MODERN
apache__shardingsphere,50,30,0.9521849793199268,0.9401151292291272,CORRECTED_MODERN
apache__sling,0,1,0.9628436839084608,0.9097434144105736,CORRECTED_MODERN
apache__sling,0,2,0.9628436839084608,0.9097434144105736,CORRECTED_MODERN
apache__sling,0,3,0.9628436839084608,0.9097434144105736,CORRECTED_MODERN
apache__sling,0,4,0.9628436839084608,0.9097434144105736,CORRECTED_MODERN
apache__sling,0,5,0.9628436839084608,0.9097434144105736,CORRECTED_MODERN
apache__sling,0,6,0.9628436839084608,0.9097434144105736,CORRECTED_MODERN
apache__sling,0,7,0.9628436839084608,0.9097434144105736,CORRECTED_MODERN
apache__sling,0,8,0.9628436839084608,0.9097434144105736,CORRECTED_MODERN
apache__sling,0,9,0.9628436839084608,0.9097434144105736,CORRECTED_MODERN
apache__sling,0,10,0.9628436839084608,0.9097434144105736,CORRECTED_MODERN
apache__sling,0,11,0.9628436839084608,0.9097434144105736,CORRECTED_MODERN
apache__sling,0,12,0.9628436839084608,0.9097434144105736,CORRECTED_MODERN
apache__sling,0,13,0.9628436839084608,0.9097434144105736,CORRECTED_MODERN
apache__sling,0,14,0.9628436839084608,0.9097434144105736,CORRECTED_MODERN
apache__sling,0,15,0.9628436839084608,0.9097434144105736,CORRECTED_MODERN
apache__sling,0,16,0.9628436839084608,0.9097434144105736,CORRECTED_MODERN
apache__sling,0,17,0.9628436839084608,0.9097434144105736,CORRECTED_MODERN
apache__sling,0,18,0.9628436839084608,0.9097434144105736,CORRECTED_MODERN
apache__sling,0,19,0.9628436839084608,0.9097434144105736,CORRECTED_MODERN
apache__sling,0,20,0.9628436839084608,0.9097434144105736,CORRECTED_MODERN
apache__sling,0,21,0.9628436839084608,0.9097434144105736,CORRECTED_MODERN
apache__sling,0,22,0.9628436839084608,0.9097434144105736,CORRECTED_MODERN
apache__sling,0,23,0.9628436839084608,0.9097434144105736,CORRECTED_MODERN
apache__sling,0,24,0.9628436839084608,0.9097434144105736,CORRECTED_MODERN
apache__sling,0,25,0.9628436839084608,0.9097434144105736,CORRECTED_MODERN
apache__sling,0,26,0.9628436839084608,0.9097434144105736,CORRECTED_MODERN
apache__sling,0,27,0.9628436839084608,0.9097434144105736,CORRECTED_MODERN
apache__sling,0,28,0.9628436839084608,0.9097434144105736,CORRECTED_MODERN
apache__sling,0,29,0.9628436839084608,0.9097434144105736,CORRECTED_MODERN
apache__sling,0,30,0.9628436839084608,0.9097434144105736,CORRECTED_MODERN
apache__sling,5,1,0.9270283280665044,0.881740920635354,CORRECTED_MODERN
apache__sling,5,2,0.9265080475140004,0.85884474297933,CORRECTED_MODERN
apache__sling,5,3,0.9469882482880304,0.8954231625733801,CORRECTED_MODERN
apache__sling,5,4,0.9543970540924608,0.9032797909596524,CORRECTED_MODERN
apache__sling,5,5,0.9486061261155586,0.8876042909767206,CORRECTED_MODERN
apache__sling,5,6,0.9375132022999731,0.8723345648247248,CORRECTED_MODERN
apache__sling,5,7,0.9224161000207302,0.8579000491024833,CORRECTED_MODERN
apache__sling,5,8,0.9428619202947284,0.8946009325504573,CORRECTED_MODERN
apache__sling,5,9,0.953966318208514,0.8970130967792499,CORRECTED_MODERN
apache__sling,5,10,0.9301112641847474,0.8746237867117207,CORRECTED_MODERN
apache__sling,5,11,0.9324486389206048,0.8785755496877906,CORRECTED_MODERN
apache__sling,5,12,0.9406434800763128,0.8979879206871372,CORRECTED_MODERN
apache__sling,5,13,0.9147436027890736,0.8783279655162411,CORRECTED_MODERN
apache__sling,5,14,0.9238498679142956,0.8796527672679378,CORRECTED_MODERN
apache__sling,5,15,0.9292830539237534,0.8660177537554219,CORRECTED_MODERN
apache__sling,5,16,0.9511475630695752,0.9031679039724956,CORRECTED_MODERN
apache__sling,5,17,0.9447765509084308,0.8894549567494425,CORRECTED_MODERN
apache__sling,5,18,0.9327141260925446,0.8894426889689776,CORRECTED_MODERN
apache__sling,5,19,0.9188255794309498,0.8680461849842378,CORRECTED_MODERN
apache__sling,5,20,0.9347399218559964,0.8833562986300425,CORRECTED_MODERN
apache__sling,5,21,0.935556916337475,0.8808672084929974,CORRECTED_MODERN
apache__sling,5,22,0.9244736708022072,0.8601845677385086,CORRECTED_MODERN
apache__sling,5,23,0.9433796636339654,0.8993147047926521,CORRECTED_MODERN
apache__sling,5,24,0.9230952267589632,0.8512365129359466,CORRECTED_MODERN
apache__sling,5,25,0.9252002863628712,0.8672043524993059,CORRECTED_MODERN
apache__sling,5,26,0.9282980545512828,0.8781117751791676,CORRECTED_MODERN
apache__sling,5,27,0.9352941177024562,0.8954063604780197,CORRECTED_MODERN
apache__sling,5,28,0.959538607172069,0.9019746212830952,CORRECTED_MODERN
apache__sling,5,29,0.9544484533322992,0.8967016682507243,CORRECTED_MODERN
apache__sling,5,30,0.9165151996702312,0.8617498125511114,CORRECTED_MODERN
apache__sling,10,1,0.9403907918578344,0.8986215840170342,CORRECTED_MODERN
apache__sling,10,2,0.9255474926987284,0.8791436268390834,CORRECTED_MODERN
apache__sling,10,3,0.9458071385894784,0.8928719919292861,CORRECTED_MODERN
apache__sling,10,4,0.945820323212426,0.8972843209734895,CORRECTED_MODERN
apache__sling,10,5,0.9326728461460356,0.8760910762922881,CORRECTED_MODERN
apache__sling,10,6,0.9494977418764088,0.8888105568222661,CORRECTED_MODERN
apache__sling,10,7,0.9131881837589316,0.8676313118616227,CORRECTED_MODERN
apache__sling,10,8,0.9537487922028977,0.909602065995576,CORRECTED_MODERN
apache__sling,10,9,0.953306655262398,0.9063435348464703,CORRECTED_MODERN
apache__sling,10,10,0.921011016235565,0.8661108022677224,CORRECTED_MODERN
apache__sling,10,11,0.9323211925754452,0.8759823143538373,CORRECTED_MODERN
apache__sling,10,12,0.9452427621547884,0.8971609650988429,CORRECTED_MODERN
apache__sling,10,13,0.9016215816469176,0.858492606413416,CORRECTED_MODERN
apache__sling,10,14,0.931722859806424,0.8796581082741962,CORRECTED_MODERN
apache__sling,10,15,0.9273462645810676,0.8737832261896642,CORRECTED_MODERN
apache__sling,10,16,0.9386854471549994,0.8963330312525685,CORRECTED_MODERN
apache__sling,10,17,0.9528638586421042,0.9043661361776796,CORRECTED_MODERN
apache__sling,10,18,0.9470774980218368,0.8926320446856048,CORRECTED_MODERN
apache__sling,10,19,0.9324933133253652,0.8768733510152922,CORRECTED_MODERN
apache__sling,10,20,0.9263157515468348,0.8820222611948557,CORRECTED_MODERN
apache__sling,10,21,0.91536066299285,0.8571048973476049,CORRECTED_MODERN
apache__sling,10,22,0.9427160031360944,0.8711630317311844,CORRECTED_MODERN
apache__sling,10,23,0.929627378850556,0.875715069122306,CORRECTED_MODERN
apache__sling,10,24,0.9339981530237744,0.8803163969179096,CORRECTED_MODERN
apache__sling,10,25,0.9209864028884264,0.8698707408779862,CORRECTED_MODERN
apache__sling,10,26,0.9257453154796956,0.8681548162313392,CORRECTED_MODERN
apache__sling,10,27,0.9234519621899334,0.8737029955388746,CORRECTED_MODERN
apache__sling,10,28,0.9440092778971102,0.8959321177249753,CORRECTED_MODERN
apache__sling,10,29,0.953036945381562,0.8880156184825555,CORRECTED_MODERN
apache__sling,10,30,0.9044141868893883,0.8571360574096261,CORRECTED_MODERN
apache__sling,15,1,0.936698149691968,0.8838377101370757,CORRECTED_MODERN
apache__sling,15,2,0.9386755712324814,0.896217366237507,CORRECTED_MODERN
apache__sling,15,3,0.9526657947017028,0.9117325967895026,CORRECTED_MODERN
apache__sling,15,4,0.9528186607407708,0.9078934229376188,CORRECTED_MODERN
apache__sling,15,5,0.9351072510155186,0.8861047462130794,CORRECTED_MODERN
apache__sling,15,6,0.952188246530353,0.897160020232355,CORRECTED_MODERN
apache__sling,15,7,0.9088283095536144,0.8630006671970553,CORRECTED_MODERN
apache__sling,15,8,0.9584453641145492,0.9062588968410212,CORRECTED_MODERN
apache__sling,15,9,0.963128861279212,0.907807648260444,CORRECTED_MODERN
apache__sling,15,10,0.9213977234738734,0.8582516176851378,CORRECTED_MODERN
apache__sling,15,11,0.9296902496926333,0.8697555580987962,CORRECTED_MODERN
apache__sling,15,12,0.932193452499082,0.8800245691170105,CORRECTED_MODERN
apache__sling,15,13,0.908999072886472,0.8575883630295703,CORRECTED_MODERN
apache__sling,15,14,0.9217246839652372,0.8680913942411367,CORRECTED_MODERN
apache__sling,15,15,0.9363469009026268,0.8758271926856769,CORRECTED_MODERN
apache__sling,15,16,0.940966040501463,0.8927394123429315,CORRECTED_MODERN
apache__sling,15,17,0.9517860803524528,0.9077286950674632,CORRECTED_MODERN
apache__sling,15,18,0.961520990470754,0.9114305830761512,CORRECTED_MODERN
apache__sling,15,19,0.9235207706540284,0.8676990015007897,CORRECTED_MODERN
apache__sling,15,20,0.9217679764622034,0.8718026587538467,CORRECTED_MODERN
apache__sling,15,21,0.9358491791584106,0.8832403734686851,CORRECTED_MODERN
apache__sling,15,22,0.9361017324274776,0.8656080147273874,CORRECTED_MODERN
apache__sling,15,23,0.9306371294440088,0.8768553809809694,CORRECTED_MODERN
apache__sling,15,24,0.934235600847984,0.8807314057431141,CORRECTED_MODERN
apache__sling,15,25,0.9576746358939902,0.9172777025488308,CORRECTED_MODERN
apache__sling,15,26,0.922729732276636,0.8668415478763087,CORRECTED_MODERN
apache__sling,15,27,0.9221369848409824,0.8706288305955532,CORRECTED_MODERN
apache__sling,15,28,0.9333806379549736,0.8817987213761614,CORRECTED_MODERN
apache__sling,15,29,0.9480629538174478,0.8917017875641537,CORRECTED_MODERN
apache__sling,15,30,0.9247877244728848,0.8638564078906793,CORRECTED_MODERN
apache__sling,20,1,0.9461585908462552,0.8908479309575371,CORRECTED_MODERN
apache__sling,20,2,0.9362252313624472,0.8870265728587139,CORRECTED_MODERN
apache__sling,20,3,0.9509991294954552,0.9106019660296116,CORRECTED_MODERN
apache__sling,20,4,0.9433260383089128,0.8838525200705104,CORRECTED_MODERN
apache__sling,20,5,0.9436277232783185,0.8902196388189596,CORRECTED_MODERN
apache__sling,20,6,0.9445964355457857,0.8823413873783532,CORRECTED_MODERN
apache__sling,20,7,0.9286574313736226,0.8618572121540525,CORRECTED_MODERN
apache__sling,20,8,0.9553395850276256,0.8978104109740667,CORRECTED_MODERN
apache__sling,20,9,0.9619244923933764,0.9099477095255392,CORRECTED_MODERN
apache__sling,20,10,0.9271196875635488,0.8663402926510696,CORRECTED_MODERN
apache__sling,20,11,0.9497803669945314,0.8902521539052851,CORRECTED_MODERN
apache__sling,20,12,0.93385035086724,0.8787120487598828,CORRECTED_MODERN
apache__sling,20,13,0.9235050316700324,0.8699445978951603,CORRECTED_MODERN
apache__sling,20,14,0.9482346709963884,0.9009577661835356,CORRECTED_MODERN
apache__sling,20,15,0.931755792074504,0.876620140764035,CORRECTED_MODERN
apache__sling,20,16,0.9498799070280132,0.9070037795914476,CORRECTED_MODERN
apache__sling,20,17,0.945740700307544,0.9045019179704754,CORRECTED_MODERN
apache__sling,20,18,0.9536868758179994,0.8918990487308248,CORRECTED_MODERN
apache__sling,20,19,0.9309920011295943,0.8687007225857669,CORRECTED_MODERN
apache__sling,20,20,0.9205710845091618,0.8805224224658809,CORRECTED_MODERN
apache__sling,20,21,0.9379259410794086,0.8948896863334621,CORRECTED_MODERN
apache__sling,20,22,0.9465962376645116,0.8864204308144285,CORRECTED_MODERN
apache__sling,20,23,0.9348753644524336,0.8808959033517562,CORRECTED_MODERN
apache__sling,20,24,0.932585990276992,0.881795768675031,CORRECTED_MODERN
apache__sling,20,25,0.9515639725510462,0.9095843108432456,CORRECTED_MODERN
apache__sling,20,26,0.9206702482128928,0.8698970595978816,CORRECTED_MODERN
apache__sling,20,27,0.924695084364158,0.8694639495330353,CORRECTED_MODERN
apache__sling,20,28,0.9426773255213552,0.9057730279002189,CORRECTED_MODERN
apache__sling,20,29,0.942407376749575,0.8906969704671255,CORRECTED_MODERN
apache__sling,20,30,0.9347384133573134,0.8720653378102997,CORRECTED_MODERN
apache__sling,25,1,0.9380088599833916,0.8910027640862678,CORRECTED_MODERN
apache__sling,25,2,0.9470764483994092,0.8962936017675309,CORRECTED_MODERN
apache__sling,25,3,0.9571740977490606,0.9172419698491228,CORRECTED_MODERN
apache__sling,25,4,0.949658361835867,0.8953432968722953,CORRECTED_MODERN
apache__sling,25,5,0.9368300238232792,0.8887654207989991,CORRECTED_MODERN
apache__sling,25,6,0.950418269362174,0.8903461568340498,CORRECTED_MODERN
apache__sling,25,7,0.9242131507448352,0.8583335969567493,CORRECTED_MODERN
apache__sling,25,8,0.9547480937372868,0.899655039106377,CORRECTED_MODERN
apache__sling,25,9,0.960680664029558,0.915017595732158,CORRECTED_MODERN
apache__sling,25,10,0.9230814563502318,0.8629298445149326,CORRECTED_MODERN
apache__sling,25,11,0.9445514997346386,0.8819420407967753,CORRECTED_MODERN
apache__sling,25,12,0.9335295140249696,0.8774997481231729,CORRECTED_MODERN
apache__sling,25,13,0.9159010088149842,0.8612718205842311,CORRECTED_MODERN
apache__sling,25,14,0.9568683213250906,0.8943599851297513,CORRECTED_MODERN
apache__sling,25,15,0.9361075480308624,0.8795542312315755,CORRECTED_MODERN
apache__sling,25,16,0.9405026005417964,0.8933011327188846,CORRECTED_MODERN
apache__sling,25,17,0.9546471712069292,0.8951571973044906,CORRECTED_MODERN
apache__sling,25,18,0.9551029905224796,0.8942325459016379,CORRECTED_MODERN
apache__sling,25,19,0.9285712663001814,0.8720648865187236,CORRECTED_MODERN
apache__sling,25,20,0.9231665691194978,0.8850222955907974,CORRECTED_MODERN
apache__sling,25,21,0.9383877097361673,0.8934796605693135,CORRECTED_MODERN
apache__sling,25,22,0.9639834570379908,0.9161034631746782,CORRECTED_MODERN
apache__sling,25,23,0.9537136839193378,0.8942528216989202,CORRECTED_MODERN
apache__sling,25,24,0.926317021352082,0.8699851936304076,CORRECTED_MODERN
apache__sling,25,25,0.94839038586252,0.8961420355084518,CORRECTED_MODERN
apache__sling,25,26,0.91303006698441,0.8575464313390029,CORRECTED_MODERN
apache__sling,25,27,0.9282399419654346,0.8797418308691011,CORRECTED_MODERN
apache__sling,25,28,0.9609946013448036,0.9063252230602222,CORRECTED_MODERN
apache__sling,25,29,0.9346973972239552,0.8793435014504686,CORRECTED_MODERN
apache__sling,25,30,0.9326235164712772,0.8748752276266657,CORRECTED_MODERN
apache__sling,30,1,0.9517769574184664,0.8944659789745781,CORRECTED_MODERN
apache__sling,30,2,0.9422393848472724,0.8919246648651158,CORRECTED_MODERN
apache__sling,30,3,0.9545350753913344,0.9040992325479624,CORRECTED_MODERN
apache__sling,30,4,0.9534916288123082,0.8985426934312762,CORRECTED_MODERN
apache__sling,30,5,0.9431647906270618,0.8869432069739961,CORRECTED_MODERN
apache__sling,30,6,0.9486499382006652,0.880530894230296,CORRECTED_MODERN
apache__sling,30,7,0.9450538514782992,0.879617669126763,CORRECTED_MODERN
apache__sling,30,8,0.9490361985809304,0.8774117188225778,CORRECTED_MODERN
apache__sling,30,9,0.9661788394093122,0.8959928702640322,CORRECTED_MODERN
apache__sling,30,10,0.9378459512198986,0.8719226767067442,CORRECTED_MODERN
apache__sling,30,11,0.9499586016983932,0.8842871068972528,CORRECTED_MODERN
apache__sling,30,12,0.930179563647782,0.8758981005062371,CORRECTED_MODERN
apache__sling,30,13,0.9288696106653106,0.8679833407023546,CORRECTED_MODERN
apache__sling,30,14,0.9522703853677688,0.8925436769531686,CORRECTED_MODERN
apache__sling,30,15,0.9392101534720384,0.889704018928283,CORRECTED_MODERN
apache__sling,30,16,0.9343264386667514,0.8920234062115716,CORRECTED_MODERN
apache__sling,30,17,0.951973282150063,0.8883284735467477,CORRECTED_MODERN
apache__sling,30,18,0.951635391482815,0.8891796198757943,CORRECTED_MODERN
apache__sling,30,19,0.9275534140486936,0.8708120634660358,CORRECTED_MODERN
apache__sling,30,20,0.9201643823107436,0.8824727998848584,CORRECTED_MODERN
apache__sling,30,21,0.9402764016987746,0.8964291835262497,CORRECTED_MODERN
apache__sling,30,22,0.9576736024699818,0.9120886308007178,CORRECTED_MODERN
apache__sling,30,23,0.9609949440722824,0.8948900470205082,CORRECTED_MODERN
apache__sling,30,24,0.9444546087734582,0.8883538845404928,CORRECTED_MODERN
apache__sling,30,25,0.945192057033038,0.8916794190580376,CORRECTED_MODERN
apache__sling,30,26,0.924195050136363,0.858825384210587,CORRECTED_MODERN
apache__sling,30,27,0.931287146098669,0.8698371966076687,CORRECTED_MODERN
apache__sling,30,28,0.9582178034039024,0.9076698655628088,CORRECTED_MODERN
apache__sling,30,29,0.931837295506432,0.8737510560174853,CORRECTED_MODERN
apache__sling,30,30,0.9415402153746374,0.8899151655745982,CORRECTED_MODERN
apache__sling,40,1,0.9516143268711864,0.9011405598924602,CORRECTED_MODERN
apache__sling,40,2,0.9408767486758016,0.8894522375004928,CORRECTED_MODERN
apache__sling,40,3,0.946262847660996,0.891743520034896,CORRECTED_MODERN
apache__sling,40,4,0.940635521585851,0.8900817073929964,CORRECTED_MODERN
apache__sling,40,5,0.9375842147452924,0.8752391838031569,CORRECTED_MODERN
apache__sling,40,6,0.9477888682350678,0.8879275768368559,CORRECTED_MODERN
apache__sling,40,7,0.934871793948322,0.8739688578349,CORRECTED_MODERN
apache__sling,40,8,0.9477602983074886,0.8725444168899422,CORRECTED_MODERN
apache__sling,40,9,0.9574523353734892,0.8889075295926006,CORRECTED_MODERN
apache__sling,40,10,0.9480306709487794,0.8865045585911434,CORRECTED_MODERN
apache__sling,40,11,0.9477221731440904,0.888194657045496,CORRECTED_MODERN
apache__sling,40,12,0.9305281253460777,0.8728934390563584,CORRECTED_MODERN
apache__sling,40,13,0.9315353796799548,0.8682025548783145,CORRECTED_MODERN
apache__sling,40,14,0.953006680247221,0.8904035374004341,CORRECTED_MODERN
apache__sling,40,15,0.9360606547322038,0.8889864381570023,CORRECTED_MODERN
apache__sling,40,16,0.9339351028957588,0.8911913427332637,CORRECTED_MODERN
apache__sling,40,17,0.9536111941937956,0.8950935397276178,CORRECTED_MODERN
apache__sling,40,18,0.9486801064634636,0.8839380137986869,CORRECTED_MODERN
apache__sling,40,19,0.932941414185138,0.8763126106770521,CORRECTED_MODERN
apache__sling,40,20,0.9172070763892796,0.8787942249900237,CORRECTED_MODERN
apache__sling,40,21,0.9488157065944846,0.8796083815182789,CORRECTED_MODERN
apache__sling,40,22,0.9513459833341572,0.9104295752881376,CORRECTED_MODERN
apache__sling,40,23,0.9634430559776748,0.8971079630050723,CORRECTED_MODERN
apache__sling,40,24,0.944562007907594,0.8954056929232882,CORRECTED_MODERN
apache__sling,40,25,0.943883127676858,0.8906000302971792,CORRECTED_MODERN
apache__sling,40,26,0.9326179991370248,0.8672889670561045,CORRECTED_MODERN
apache__sling,40,27,0.9274682275211972,0.8696150164022916,CORRECTED_MODERN
apache__sling,40,28,0.9601194149257508,0.903219441042896,CORRECTED_MODERN
apache__sling,40,29,0.943743865694916,0.8801829184143367,CORRECTED_MODERN
apache__sling,40,30,0.9375629523266704,0.8794861968182465,CORRECTED_MODERN
apache__sling,50,1,0.955315057935344,0.8995198323609152,CORRECTED_MODERN
apache__sling,50,2,0.935061168609145,0.8877343907367425,CORRECTED_MODERN
apache__sling,50,3,0.9491916505878284,0.8881786400589812,CORRECTED_MODERN
apache__sling,50,4,0.934467989025979,0.8800388813761882,CORRECTED_MODERN
apache__sling,50,5,0.929860692699236,0.8692572983491477,CORRECTED_MODERN
apache__sling,50,6,0.948857143715018,0.8875385491269165,CORRECTED_MODERN
apache__sling,50,7,0.9447503061159566,0.8915621049659017,CORRECTED_MODERN
apache__sling,50,8,0.9419533560063036,0.8700270444483049,CORRECTED_MODERN
apache__sling,50,9,0.9514983591968558,0.8865969560091701,CORRECTED_MODERN
apache__sling,50,10,0.9481589925626976,0.8809124512432712,CORRECTED_MODERN
apache__sling,50,11,0.9491262686980896,0.88179412856979,CORRECTED_MODERN
apache__sling,50,12,0.9453128882909206,0.8893226994625305,CORRECTED_MODERN
apache__sling,50,13,0.9284552062731334,0.8751485559275384,CORRECTED_MODERN
apache__sling,50,14,0.958617976113382,0.8988728098596345,CORRECTED_MODERN
apache__sling,50,15,0.9353393962727928,0.8868751940739936,CORRECTED_MODERN
apache__sling,50,16,0.9477885964763102,0.8925465432195138,CORRECTED_MODERN
apache__sling,50,17,0.9452990010537664,0.8913425747619618,CORRECTED_MODERN
apache__sling,50,18,0.942390350501056,0.8780345843587005,CORRECTED_MODERN
apache__sling,50,19,0.93627452066872,0.883541941987709,CORRECTED_MODERN
apache__sling,50,20,0.9282586601355868,0.8820323362464716,CORRECTED_MODERN
apache__sling,50,21,0.953780093524248,0.8858704515004012,CORRECTED_MODERN
apache__sling,50,22,0.963131725244626,0.9192777593631178,CORRECTED_MODERN
apache__sling,50,23,0.9580929624055904,0.895256321996381,CORRECTED_MODERN
apache__sling,50,24,0.942382774506473,0.8895241229227921,CORRECTED_MODERN
apache__sling,50,25,0.953523792060826,0.8887214124997432,CORRECTED_MODERN
apache__sling,50,26,0.9331024216119488,0.8679784210482193,CORRECTED_MODERN
apache__sling,50,27,0.9322098220072048,0.8724580148782874,CORRECTED_MODERN
apache__sling,50,28,0.96138229557291,0.9049750603167506,CORRECTED_MODERN
apache__sling,50,29,0.9532682834477316,0.8930830224073997,CORRECTED_MODERN
apache__sling,50,30,0.9394935332019934,0.8880714521214337,CORRECTED_MODERN
cantaloupe-project__cantaloupe,0,1,0.6310878602320383,0.4970352954466159,CORRECTED_MODERN
cantaloupe-project__cantaloupe,0,2,0.6310878602320383,0.4970352954466159,CORRECTED_MODERN
cantaloupe-project__cantaloupe,0,3,0.6310878602320383,0.4970352954466159,CORRECTED_MODERN
cantaloupe-project__cantaloupe,0,4,0.6310878602320383,0.4970352954466159,CORRECTED_MODERN
cantaloupe-project__cantaloupe,0,5,0.6310878602320383,0.4970352954466159,CORRECTED_MODERN
cantaloupe-project__cantaloupe,0,6,0.6310878602320383,0.4970352954466159,CORRECTED_MODERN
cantaloupe-project__cantaloupe,0,7,0.6310878602320383,0.4970352954466159,CORRECTED_MODERN
cantaloupe-project__cantaloupe,0,8,0.6310878602320383,0.4970352954466159,CORRECTED_MODERN
cantaloupe-project__cantaloupe,0,9,0.6310878602320383,0.4970352954466159,CORRECTED_MODERN
cantaloupe-project__cantaloupe,0,10,0.6310878602320383,0.4970352954466159,CORRECTED_MODERN
cantaloupe-project__cantaloupe,0,11,0.6310878602320383,0.4970352954466159,CORRECTED_MODERN
cantaloupe-project__cantaloupe,0,12,0.6310878602320383,0.4970352954466159,CORRECTED_MODERN
cantaloupe-project__cantaloupe,0,13,0.6310878602320383,0.4970352954466159,CORRECTED_MODERN
cantaloupe-project__cantaloupe,0,14,0.6310878602320383,0.4970352954466159,CORRECTED_MODERN
cantaloupe-project__cantaloupe,0,15,0.6310878602320383,0.4970352954466159,CORRECTED_MODERN
cantaloupe-project__cantaloupe,0,16,0.6310878602320383,0.4970352954466159,CORRECTED_MODERN
cantaloupe-project__cantaloupe,0,17,0.6310878602320383,0.4970352954466159,CORRECTED_MODERN
cantaloupe-project__cantaloupe,0,18,0.6310878602320383,0.4970352954466159,CORRECTED_MODERN
cantaloupe-project__cantaloupe,0,19,0.6310878602320383,0.4970352954466159,CORRECTED_MODERN
cantaloupe-project__cantaloupe,0,20,0.6310878602320383,0.4970352954466159,CORRECTED_MODERN
cantaloupe-project__cantaloupe,0,21,0.6310878602320383,0.4970352954466159,CORRECTED_MODERN
cantaloupe-project__cantaloupe,0,22,0.6310878602320383,0.4970352954466159,CORRECTED_MODERN
cantaloupe-project__cantaloupe,0,23,0.6310878602320383,0.4970352954466159,CORRECTED_MODERN
cantaloupe-project__cantaloupe,0,24,0.6310878602320383,0.4970352954466159,CORRECTED_MODERN
cantaloupe-project__cantaloupe,0,25,0.6310878602320383,0.4970352954466159,CORRECTED_MODERN
cantaloupe-project__cantaloupe,0,26,0.6310878602320383,0.4970352954466159,CORRECTED_MODERN
cantaloupe-project__cantaloupe,0,27,0.6310878602320383,0.4970352954466159,CORRECTED_MODERN
cantaloupe-project__cantaloupe,0,28,0.6310878602320383,0.4970352954466159,CORRECTED_MODERN
cantaloupe-project__cantaloupe,0,29,0.6310878602320383,0.4970352954466159,CORRECTED_MODERN
cantaloupe-project__cantaloupe,0,30,0.6310878602320383,0.4970352954466159,CORRECTED_MODERN
cantaloupe-project__cantaloupe,5,1,0.5743229086930032,0.4750608520280736,CORRECTED_MODERN
cantaloupe-project__cantaloupe,5,2,0.5580776490917984,0.5032247920055427,CORRECTED_MODERN
cantaloupe-project__cantaloupe,5,3,0.5237745266950984,0.4444919629290687,CORRECTED_MODERN
cantaloupe-project__cantaloupe,5,4,0.5863268237232109,0.5269884432193606,CORRECTED_MODERN
cantaloupe-project__cantaloupe,5,5,0.5578392907288128,0.4829862756695606,CORRECTED_MODERN
cantaloupe-project__cantaloupe,5,6,0.5383463121343116,0.4612955813882383,CORRECTED_MODERN
cantaloupe-project__cantaloupe,5,7,0.558839045149696,0.4760745384690017,CORRECTED_MODERN
cantaloupe-project__cantaloupe,5,8,0.5865539243980585,0.5540682697008361,CORRECTED_MODERN
cantaloupe-project__cantaloupe,5,9,0.5746019616372171,0.5035645587780933,CORRECTED_MODERN
cantaloupe-project__cantaloupe,5,10,0.5703774707752807,0.5083467563908866,CORRECTED_MODERN
cantaloupe-project__cantaloupe,5,11,0.5739725330214981,0.5116939242876247,CORRECTED_MODERN
cantaloupe-project__cantaloupe,5,12,0.5552372484189133,0.506439935160866,CORRECTED_MODERN
cantaloupe-project__cantaloupe,5,13,0.6182786369524472,0.5167867885087621,CORRECTED_MODERN
cantaloupe-project__cantaloupe,5,14,0.4738785156079788,0.4301014875965032,CORRECTED_MODERN
cantaloupe-project__cantaloupe,5,15,0.6554673082520249,0.5694869413930078,CORRECTED_MODERN
cantaloupe-project__cantaloupe,5,16,0.6179188440167716,0.5404723772866141,CORRECTED_MODERN
cantaloupe-project__cantaloupe,5,17,0.5631017769243094,0.5146470819231282,CORRECTED_MODERN
cantaloupe-project__cantaloupe,5,18,0.5593722653767822,0.4981415227314208,CORRECTED_MODERN
cantaloupe-project__cantaloupe,5,19,0.6328504048520582,0.5264977917238798,CORRECTED_MODERN
cantaloupe-project__cantaloupe,5,20,0.5823431147073723,0.5186161821710117,CORRECTED_MODERN
cantaloupe-project__cantaloupe,5,21,0.5717891487502692,0.5139752193886633,CORRECTED_MODERN
cantaloupe-project__cantaloupe,5,22,0.5261349375600556,0.463042495347705,CORRECTED_MODERN
cantaloupe-project__cantaloupe,5,23,0.6304143520705022,0.5790250653424086,CORRECTED_MODERN
cantaloupe-project__cantaloupe,5,24,0.5805150428019307,0.5284480105076007,CORRECTED_MODERN
cantaloupe-project__cantaloupe,5,25,0.6206089659216822,0.5321740834733569,CORRECTED_MODERN
cantaloupe-project__cantaloupe,5,26,0.6066033206996848,0.5077499565524717,CORRECTED_MODERN
cantaloupe-project__cantaloupe,5,27,0.6596722903124234,0.6114697363504565,CORRECTED_MODERN
cantaloupe-project__cantaloupe,5,28,0.5632602232327273,0.4963151280102587,CORRECTED_MODERN
cantaloupe-project__cantaloupe,5,29,0.5772512526581604,0.4985310904067581,CORRECTED_MODERN
cantaloupe-project__cantaloupe,5,30,0.5998741190086113,0.5400816697843241,CORRECTED_MODERN
cantaloupe-project__cantaloupe,10,1,0.5558720466160421,0.4710240317104863,CORRECTED_MODERN
cantaloupe-project__cantaloupe,10,2,0.5691323383692142,0.5259301451114539,CORRECTED_MODERN
cantaloupe-project__cantaloupe,10,3,0.5809246240071176,0.4870566851938476,CORRECTED_MODERN
cantaloupe-project__cantaloupe,10,4,0.6415726724014849,0.5827932041476652,CORRECTED_MODERN
cantaloupe-project__cantaloupe,10,5,0.5708125874705384,0.504564676908674,CORRECTED_MODERN
cantaloupe-project__cantaloupe,10,6,0.5866862161496483,0.5138960891252337,CORRECTED_MODERN
cantaloupe-project__cantaloupe,10,7,0.5539123994517624,0.4957912469850438,CORRECTED_MODERN
cantaloupe-project__cantaloupe,10,8,0.517685321048745,0.4800624913059929,CORRECTED_MODERN
cantaloupe-project__cantaloupe,10,9,0.4957065846350851,0.4838041930021619,CORRECTED_MODERN
cantaloupe-project__cantaloupe,10,10,0.5628654523648193,0.485208436348982,CORRECTED_MODERN
cantaloupe-project__cantaloupe,10,11,0.5368786574634096,0.4959987277713453,CORRECTED_MODERN
cantaloupe-project__cantaloupe,10,12,0.5481077068738158,0.4777624117050666,CORRECTED_MODERN
cantaloupe-project__cantaloupe,10,13,0.6299893250043679,0.5347505535632736,CORRECTED_MODERN
cantaloupe-project__cantaloupe,10,14,0.4765320552321573,0.419238071348243,CORRECTED_MODERN
cantaloupe-project__cantaloupe,10,15,0.5987991657301436,0.517064918678254,CORRECTED_MODERN
cantaloupe-project__cantaloupe,10,16,0.6333172662298121,0.5549558616353801,CORRECTED_MODERN
cantaloupe-project__cantaloupe,10,17,0.550864201267265,0.5123819053586901,CORRECTED_MODERN
cantaloupe-project__cantaloupe,10,18,0.5576484900743174,0.480952734402522,CORRECTED_MODERN
cantaloupe-project__cantaloupe,10,19,0.6518330622095867,0.5549283781813946,CORRECTED_MODERN
cantaloupe-project__cantaloupe,10,20,0.5618254634768199,0.4983553694404994,CORRECTED_MODERN
cantaloupe-project__cantaloupe,10,21,0.6513597673733981,0.5914042130753222,CORRECTED_MODERN
cantaloupe-project__cantaloupe,10,22,0.5952570835279694,0.5206564532726013,CORRECTED_MODERN
cantaloupe-project__cantaloupe,10,23,0.6411652596351877,0.6045975440415331,CORRECTED_MODERN
cantaloupe-project__cantaloupe,10,24,0.5416840324079967,0.4747707877172977,CORRECTED_MODERN
cantaloupe-project__cantaloupe,10,25,0.6141641342240409,0.5179053157296134,CORRECTED_MODERN
cantaloupe-project__cantaloupe,10,26,0.5570122746204861,0.5018124280224098,CORRECTED_MODERN
cantaloupe-project__cantaloupe,10,27,0.6114742920405986,0.5411204879849277,CORRECTED_MODERN
cantaloupe-project__cantaloupe,10,28,0.5151540160169505,0.4583683464434256,CORRECTED_MODERN
cantaloupe-project__cantaloupe,10,29,0.6327022972811304,0.5288269391541132,CORRECTED_MODERN
cantaloupe-project__cantaloupe,10,30,0.6203380036576425,0.5438539687354748,CORRECTED_MODERN
cantaloupe-project__cantaloupe,15,1,0.5170635450616341,0.4465736792513678,CORRECTED_MODERN
cantaloupe-project__cantaloupe,15,2,0.537607646975966,0.4817633687469229,CORRECTED_MODERN
cantaloupe-project__cantaloupe,15,3,0.5922109357419213,0.5121534750102895,CORRECTED_MODERN
cantaloupe-project__cantaloupe,15,4,0.6199498922031781,0.5583755763892009,CORRECTED_MODERN
cantaloupe-project__cantaloupe,15,5,0.5736727344549951,0.5162387544104524,CORRECTED_MODERN
cantaloupe-project__cantaloupe,15,6,0.6143287427712604,0.5374925368517459,CORRECTED_MODERN
cantaloupe-project__cantaloupe,15,7,0.5272016074500898,0.4953373445275021,CORRECTED_MODERN
cantaloupe-project__cantaloupe,15,8,0.5365745903586142,0.4970939498642863,CORRECTED_MODERN
cantaloupe-project__cantaloupe,15,9,0.4551041168478905,0.4352948209648786,CORRECTED_MODERN
cantaloupe-project__cantaloupe,15,10,0.5168884458211733,0.4530730563848739,CORRECTED_MODERN
cantaloupe-project__cantaloupe,15,11,0.5465689082956567,0.4788319608798886,CORRECTED_MODERN
cantaloupe-project__cantaloupe,15,12,0.5898750280964812,0.5085953215547386,CORRECTED_MODERN
cantaloupe-project__cantaloupe,15,13,0.6260903466373909,0.5261176206724038,CORRECTED_MODERN
cantaloupe-project__cantaloupe,15,14,0.5181598633593693,0.4408417647399485,CORRECTED_MODERN
cantaloupe-project__cantaloupe,15,15,0.5875643324653737,0.5316611595014847,CORRECTED_MODERN
cantaloupe-project__cantaloupe,15,16,0.5866339920408079,0.5248891992659835,CORRECTED_MODERN
cantaloupe-project__cantaloupe,15,17,0.6071752975984895,0.536089437383342,CORRECTED_MODERN
cantaloupe-project__cantaloupe,15,18,0.5811017094911433,0.4925293911644848,CORRECTED_MODERN
cantaloupe-project__cantaloupe,15,19,0.6655354602219917,0.5691192421828927,CORRECTED_MODERN
cantaloupe-project__cantaloupe,15,20,0.5522357944653569,0.4759099136509159,CORRECTED_MODERN
cantaloupe-project__cantaloupe,15,21,0.6356779732623216,0.560445454104191,CORRECTED_MODERN
cantaloupe-project__cantaloupe,15,22,0.5954014469974188,0.5307514496192016,CORRECTED_MODERN
cantaloupe-project__cantaloupe,15,23,0.6102282648170775,0.5696589719912031,CORRECTED_MODERN
cantaloupe-project__cantaloupe,15,24,0.5364341377792684,0.4702700570910138,CORRECTED_MODERN
cantaloupe-project__cantaloupe,15,25,0.5848809294028426,0.4967000567151896,CORRECTED_MODERN
cantaloupe-project__cantaloupe,15,26,0.5473339758470345,0.4920690278635697,CORRECTED_MODERN
cantaloupe-project__cantaloupe,15,27,0.5967589388100368,0.5289748962754587,CORRECTED_MODERN
cantaloupe-project__cantaloupe,15,28,0.5324551552260909,0.47731568464604,CORRECTED_MODERN
cantaloupe-project__cantaloupe,15,29,0.6169031685984845,0.5354477857515194,CORRECTED_MODERN
cantaloupe-project__cantaloupe,15,30,0.595057600253378,0.5340229458844232,CORRECTED_MODERN
cantaloupe-project__cantaloupe,20,1,0.4994673002907777,0.4390645844269301,CORRECTED_MODERN
cantaloupe-project__cantaloupe,20,2,0.5571244465941926,0.4841263643566101,CORRECTED_MODERN
cantaloupe-project__cantaloupe,20,3,0.5850887375031779,0.5133558639008998,CORRECTED_MODERN
cantaloupe-project__cantaloupe,20,4,0.5985206199348673,0.5355077005213634,CORRECTED_MODERN
cantaloupe-project__cantaloupe,20,5,0.5461404983653549,0.4969394149942701,CORRECTED_MODERN
cantaloupe-project__cantaloupe,20,6,0.5728399816002117,0.506462142083515,CORRECTED_MODERN
cantaloupe-project__cantaloupe,20,7,0.5124333212698583,0.4528993632206284,CORRECTED_MODERN
cantaloupe-project__cantaloupe,20,8,0.5199869671735027,0.479190849804617,CORRECTED_MODERN
cantaloupe-project__cantaloupe,20,9,0.538392129697721,0.4848217437651271,CORRECTED_MODERN
cantaloupe-project__cantaloupe,20,10,0.5460511250595678,0.4765372783372621,CORRECTED_MODERN
cantaloupe-project__cantaloupe,20,11,0.5702093515223885,0.5018568182384717,CORRECTED_MODERN
cantaloupe-project__cantaloupe,20,12,0.5940849330684992,0.5126230567972541,CORRECTED_MODERN
cantaloupe-project__cantaloupe,20,13,0.6020529769933036,0.5084556209543419,CORRECTED_MODERN
cantaloupe-project__cantaloupe,20,14,0.5256114317093407,0.4340663750819333,CORRECTED_MODERN
cantaloupe-project__cantaloupe,20,15,0.5756065429864119,0.5150157639814917,CORRECTED_MODERN
cantaloupe-project__cantaloupe,20,16,0.5794362278119137,0.5243934286407371,CORRECTED_MODERN
cantaloupe-project__cantaloupe,20,17,0.608024225758669,0.53075317460043,CORRECTED_MODERN
cantaloupe-project__cantaloupe,20,18,0.5648664044587113,0.4851968397459991,CORRECTED_MODERN
cantaloupe-project__cantaloupe,20,19,0.6284636627194297,0.5462731855491014,CORRECTED_MODERN
cantaloupe-project__cantaloupe,20,20,0.5497984663381794,0.4656917372110282,CORRECTED_MODERN
cantaloupe-project__cantaloupe,20,21,0.6006412764306638,0.539013809441281,CORRECTED_MODERN
cantaloupe-project__cantaloupe,20,22,0.612276937182881,0.5380641857097281,CORRECTED_MODERN
cantaloupe-project__cantaloupe,20,23,0.6468131841983388,0.5790321873709171,CORRECTED_MODERN
cantaloupe-project__cantaloupe,20,24,0.5297530963875847,0.4740735432932774,CORRECTED_MODERN
cantaloupe-project__cantaloupe,20,25,0.5828250875540979,0.4889724621430301,CORRECTED_MODERN
cantaloupe-project__cantaloupe,20,26,0.5401588232538105,0.4846411474618414,CORRECTED_MODERN
cantaloupe-project__cantaloupe,20,27,0.5871591360605986,0.5261987098417586,CORRECTED_MODERN
cantaloupe-project__cantaloupe,20,28,0.6036251020608215,0.504874890008339,CORRECTED_MODERN
cantaloupe-project__cantaloupe,20,29,0.5733034066207178,0.4875699693930784,CORRECTED_MODERN
cantaloupe-project__cantaloupe,20,30,0.5883373608903352,0.522879446020848,CORRECTED_MODERN
cantaloupe-project__cantaloupe,25,1,0.4956728979207318,0.4432215526623784,CORRECTED_MODERN
cantaloupe-project__cantaloupe,25,2,0.605024785852195,0.5173556299615008,CORRECTED_MODERN
cantaloupe-project__cantaloupe,25,3,0.5870961557744417,0.5078335662028922,CORRECTED_MODERN
cantaloupe-project__cantaloupe,25,4,0.5884366283940173,0.5313015800807133,CORRECTED_MODERN
cantaloupe-project__cantaloupe,25,5,0.5428124641691919,0.4851896519419827,CORRECTED_MODERN
cantaloupe-project__cantaloupe,25,6,0.5523791058970127,0.4914501007176807,CORRECTED_MODERN
cantaloupe-project__cantaloupe,25,7,0.5112101020362304,0.4507521695288228,CORRECTED_MODERN
cantaloupe-project__cantaloupe,25,8,0.5103528943690662,0.4745721472733653,CORRECTED_MODERN
cantaloupe-project__cantaloupe,25,9,0.5742582743952875,0.4935297585014631,CORRECTED_MODERN
cantaloupe-project__cantaloupe,25,10,0.6079793242091072,0.5331296669661151,CORRECTED_MODERN
cantaloupe-project__cantaloupe,25,11,0.5535592623810089,0.4923401197664236,CORRECTED_MODERN
cantaloupe-project__cantaloupe,25,12,0.5704673719121195,0.4864774161745981,CORRECTED_MODERN
cantaloupe-project__cantaloupe,25,13,0.5846235834081114,0.4883372124214686,CORRECTED_MODERN
cantaloupe-project__cantaloupe,25,14,0.5447922348872413,0.4453055167111237,CORRECTED_MODERN
cantaloupe-project__cantaloupe,25,15,0.5742108185653605,0.4929183058626429,CORRECTED_MODERN
cantaloupe-project__cantaloupe,25,16,0.5758708962958453,0.519117670819119,CORRECTED_MODERN
cantaloupe-project__cantaloupe,25,17,0.5783573671079553,0.5145822103398136,CORRECTED_MODERN
cantaloupe-project__cantaloupe,25,18,0.5538543342493655,0.4739917571844874,CORRECTED_MODERN
cantaloupe-project__cantaloupe,25,19,0.6454748853255482,0.5606416914294983,CORRECTED_MODERN
cantaloupe-project__cantaloupe,25,20,0.5307827525443254,0.4544214672338606,CORRECTED_MODERN
cantaloupe-project__cantaloupe,25,21,0.6105339965600488,0.5474539384359253,CORRECTED_MODERN
cantaloupe-project__cantaloupe,25,22,0.6119459251185707,0.5161177156339273,CORRECTED_MODERN
cantaloupe-project__cantaloupe,25,23,0.630453494943691,0.5632591013569191,CORRECTED_MODERN
cantaloupe-project__cantaloupe,25,24,0.5055595250196625,0.4552650587174389,CORRECTED_MODERN
cantaloupe-project__cantaloupe,25,25,0.5627659635833558,0.4594322635851913,CORRECTED_MODERN
cantaloupe-project__cantaloupe,25,26,0.5590486347620476,0.491185187145422,CORRECTED_MODERN
cantaloupe-project__cantaloupe,25,27,0.6322265331017244,0.551809303038945,CORRECTED_MODERN
cantaloupe-project__cantaloupe,25,28,0.5891035340754422,0.492312638956858,CORRECTED_MODERN
cantaloupe-project__cantaloupe,25,29,0.5859216253100433,0.4954118990889051,CORRECTED_MODERN
cantaloupe-project__cantaloupe,25,30,0.5851961705037234,0.5134895755225084,CORRECTED_MODERN
cantaloupe-project__cantaloupe,30,1,0.5143569840237704,0.4660596358129114,CORRECTED_MODERN
cantaloupe-project__cantaloupe,30,2,0.5786153251860838,0.4991447085293061,CORRECTED_MODERN
cantaloupe-project__cantaloupe,30,3,0.589549819891967,0.5151748626781184,CORRECTED_MODERN
cantaloupe-project__cantaloupe,30,4,0.6332446886333023,0.565345243817993,CORRECTED_MODERN
cantaloupe-project__cantaloupe,30,5,0.5339688533748098,0.4741473584121579,CORRECTED_MODERN
cantaloupe-project__cantaloupe,30,6,0.5304111721379087,0.4840462169945014,CORRECTED_MODERN
cantaloupe-project__cantaloupe,30,7,0.5167928830902012,0.4608964631187642,CORRECTED_MODERN
cantaloupe-project__cantaloupe,30,8,0.4938667140719926,0.4559516369260428,CORRECTED_MODERN
cantaloupe-project__cantaloupe,30,9,0.5565443518369505,0.4858508051683987,CORRECTED_MODERN
cantaloupe-project__cantaloupe,30,10,0.5967449704927614,0.5211425405313018,CORRECTED_MODERN
cantaloupe-project__cantaloupe,30,11,0.5462711127354897,0.487440679853883,CORRECTED_MODERN
cantaloupe-project__cantaloupe,30,12,0.5783179743766363,0.4943278890692978,CORRECTED_MODERN
cantaloupe-project__cantaloupe,30,13,0.5621361603644994,0.4778363629907322,CORRECTED_MODERN
cantaloupe-project__cantaloupe,30,14,0.5220331030259086,0.4368963837244491,CORRECTED_MODERN
cantaloupe-project__cantaloupe,30,15,0.5797541620970652,0.4898444773168144,CORRECTED_MODERN
cantaloupe-project__cantaloupe,30,16,0.5517587261867499,0.507810626576845,CORRECTED_MODERN
cantaloupe-project__cantaloupe,30,17,0.611415303324009,0.5320675404914162,CORRECTED_MODERN
cantaloupe-project__cantaloupe,30,18,0.5394333115899467,0.4639654790597394,CORRECTED_MODERN
cantaloupe-project__cantaloupe,30,19,0.6261709860170388,0.5342872129738048,CORRECTED_MODERN
cantaloupe-project__cantaloupe,30,20,0.5224093675049072,0.4412153561417664,CORRECTED_MODERN
cantaloupe-project__cantaloupe,30,21,0.600123271740856,0.5340788148269631,CORRECTED_MODERN
cantaloupe-project__cantaloupe,30,22,0.5953232704188248,0.5068185585296335,CORRECTED_MODERN
cantaloupe-project__cantaloupe,30,23,0.6092418203829052,0.5449607801801978,CORRECTED_MODERN
cantaloupe-project__cantaloupe,30,24,0.5020987996994974,0.4552126700598065,CORRECTED_MODERN
cantaloupe-project__cantaloupe,30,25,0.5482053399761887,0.4524376701520232,CORRECTED_MODERN
cantaloupe-project__cantaloupe,30,26,0.5907444515660896,0.5061491436590745,CORRECTED_MODERN
cantaloupe-project__cantaloupe,30,27,0.6204199456829779,0.5300969512237724,CORRECTED_MODERN
cantaloupe-project__cantaloupe,30,28,0.5604333117130488,0.4819334677152802,CORRECTED_MODERN
cantaloupe-project__cantaloupe,30,29,0.5692799115506867,0.477131537232585,CORRECTED_MODERN
cantaloupe-project__cantaloupe,30,30,0.6288642998155772,0.5378867797162046,CORRECTED_MODERN
cantaloupe-project__cantaloupe,40,1,0.5173604314559775,0.4605491444223724,CORRECTED_MODERN
cantaloupe-project__cantaloupe,40,2,0.6022708209021682,0.5333118100964722,CORRECTED_MODERN
cantaloupe-project__cantaloupe,40,3,0.5586056146543502,0.4965057357546213,CORRECTED_MODERN
cantaloupe-project__cantaloupe,40,4,0.639972496987035,0.567859225971478,CORRECTED_MODERN
cantaloupe-project__cantaloupe,40,5,0.6120650188256299,0.532360913498137,CORRECTED_MODERN
cantaloupe-project__cantaloupe,40,6,0.5310851579396253,0.4988305841638072,CORRECTED_MODERN
cantaloupe-project__cantaloupe,40,7,0.5514287037187079,0.493536496161278,CORRECTED_MODERN
cantaloupe-project__cantaloupe,40,8,0.5105992685901234,0.4747395780809154,CORRECTED_MODERN
cantaloupe-project__cantaloupe,40,9,0.5404610161303033,0.4728460637666618,CORRECTED_MODERN
cantaloupe-project__cantaloupe,40,10,0.5742945613854475,0.5122443171052974,CORRECTED_MODERN
cantaloupe-project__cantaloupe,40,11,0.546066868246547,0.4860387017821523,CORRECTED_MODERN
cantaloupe-project__cantaloupe,40,12,0.5990074911188221,0.5111794181219139,CORRECTED_MODERN
cantaloupe-project__cantaloupe,40,13,0.5932191744608856,0.5149690029479391,CORRECTED_MODERN
cantaloupe-project__cantaloupe,40,14,0.5508526735315072,0.458515624709287,CORRECTED_MODERN
cantaloupe-project__cantaloupe,40,15,0.6046500940069555,0.514232848403034,CORRECTED_MODERN
cantaloupe-project__cantaloupe,40,16,0.5706929287500949,0.5082845690363116,CORRECTED_MODERN
cantaloupe-project__cantaloupe,40,17,0.5760369535059408,0.5082710384551963,CORRECTED_MODERN
cantaloupe-project__cantaloupe,40,18,0.5387995449190212,0.4634091627693664,CORRECTED_MODERN
cantaloupe-project__cantaloupe,40,19,0.6079478125407685,0.5130736965419801,CORRECTED_MODERN
cantaloupe-project__cantaloupe,40,20,0.5199102112729165,0.4500891607288915,CORRECTED_MODERN
cantaloupe-project__cantaloupe,40,21,0.5782269981785694,0.5229070796487633,CORRECTED_MODERN
cantaloupe-project__cantaloupe,40,22,0.6168808900501466,0.5117853212637608,CORRECTED_MODERN
cantaloupe-project__cantaloupe,40,23,0.6230967111672461,0.5501135759124602,CORRECTED_MODERN
cantaloupe-project__cantaloupe,40,24,0.5212127206225156,0.4535091127908425,CORRECTED_MODERN
cantaloupe-project__cantaloupe,40,25,0.5670445665001363,0.461308433012942,CORRECTED_MODERN
cantaloupe-project__cantaloupe,40,26,0.5569359825963648,0.4883238184855457,CORRECTED_MODERN
cantaloupe-project__cantaloupe,40,27,0.6146072739285477,0.5296457132241826,CORRECTED_MODERN
cantaloupe-project__cantaloupe,40,28,0.5557265770121184,0.4731601451034983,CORRECTED_MODERN
cantaloupe-project__cantaloupe,40,29,0.5888843992707997,0.4940643222939767,CORRECTED_MODERN
cantaloupe-project__cantaloupe,40,30,0.6092206161081374,0.534687188915428,CORRECTED_MODERN
cantaloupe-project__cantaloupe,50,1,0.4918184815793835,0.4455845585561873,CORRECTED_MODERN
cantaloupe-project__cantaloupe,50,2,0.5816250065935243,0.5188148216110203,CORRECTED_MODERN
cantaloupe-project__cantaloupe,50,3,0.5431578535537308,0.4950572266288383,CORRECTED_MODERN
cantaloupe-project__cantaloupe,50,4,0.6313561136966892,0.5476807556547537,CORRECTED_MODERN
cantaloupe-project__cantaloupe,50,5,0.5650468771539107,0.5027902719969372,CORRECTED_MODERN
cantaloupe-project__cantaloupe,50,6,0.4997747470955747,0.4485861145300351,CORRECTED_MODERN
cantaloupe-project__cantaloupe,50,7,0.5493912671057125,0.4903712160301934,CORRECTED_MODERN
cantaloupe-project__cantaloupe,50,8,0.5360397169752955,0.4882242422374643,CORRECTED_MODERN
cantaloupe-project__cantaloupe,50,9,0.5799249986511811,0.5087902914999203,CORRECTED_MODERN
cantaloupe-project__cantaloupe,50,10,0.5898899160654475,0.5166880326912656,CORRECTED_MODERN
cantaloupe-project__cantaloupe,50,11,0.5437646471692971,0.4637255307510841,CORRECTED_MODERN
cantaloupe-project__cantaloupe,50,12,0.6214154287207968,0.5259783472111527,CORRECTED_MODERN
cantaloupe-project__cantaloupe,50,13,0.5612853445019216,0.494904688272162,CORRECTED_MODERN
cantaloupe-project__cantaloupe,50,14,0.5473797542873866,0.4632203396319037,CORRECTED_MODERN
cantaloupe-project__cantaloupe,50,15,0.5681979726221739,0.4807563901344744,CORRECTED_MODERN
cantaloupe-project__cantaloupe,50,16,0.5611079341563124,0.4908558302526507,CORRECTED_MODERN
cantaloupe-project__cantaloupe,50,17,0.5443946580781568,0.4851442742119518,CORRECTED_MODERN
cantaloupe-project__cantaloupe,50,18,0.5789861924452655,0.4979405334837051,CORRECTED_MODERN
cantaloupe-project__cantaloupe,50,19,0.5614042192698131,0.4957809737638408,CORRECTED_MODERN
cantaloupe-project__cantaloupe,50,20,0.5770392030489259,0.4894247271273393,CORRECTED_MODERN
cantaloupe-project__cantaloupe,50,21,0.5431304369088384,0.5012880238973386,CORRECTED_MODERN
cantaloupe-project__cantaloupe,50,22,0.6254903473548689,0.5268774656836576,CORRECTED_MODERN
cantaloupe-project__cantaloupe,50,23,0.607062496077572,0.5149024275176564,CORRECTED_MODERN
cantaloupe-project__cantaloupe,50,24,0.5194559808881418,0.4535025166308137,CORRECTED_MODERN
cantaloupe-project__cantaloupe,50,25,0.5473167936710274,0.4542406395671084,CORRECTED_MODERN
cantaloupe-project__cantaloupe,50,26,0.5746334967999612,0.4959755165687624,CORRECTED_MODERN
cantaloupe-project__cantaloupe,50,27,0.5986898521729639,0.5255027276416165,CORRECTED_MODERN
cantaloupe-project__cantaloupe,50,28,0.5305967458664259,0.458748373802242,CORRECTED_MODERN
cantaloupe-project__cantaloupe,50,29,0.5803698301179925,0.4908137335734782,CORRECTED_MODERN
cantaloupe-project__cantaloupe,50,30,0.5969156767124749,0.5308711422103499,CORRECTED_MODERN
eclipse__steady,0,1,0.96875,0.9644223477433554,CORRECTED_MODERN
eclipse__steady,0,2,0.96875,0.9644223477433554,CORRECTED_MODERN
eclipse__steady,0,3,0.96875,0.9644223477433554,CORRECTED_MODERN
eclipse__steady,0,4,0.96875,0.9644223477433554,CORRECTED_MODERN
eclipse__steady,0,5,0.96875,0.9644223477433554,CORRECTED_MODERN
eclipse__steady,0,6,0.96875,0.9644223477433554,CORRECTED_MODERN
eclipse__steady,0,7,0.96875,0.9644223477433554,CORRECTED_MODERN
eclipse__steady,0,8,0.96875,0.9644223477433554,CORRECTED_MODERN
eclipse__steady,0,9,0.96875,0.9644223477433554,CORRECTED_MODERN
eclipse__steady,0,10,0.96875,0.9644223477433554,CORRECTED_MODERN
eclipse__steady,0,11,0.96875,0.9644223477433554,CORRECTED_MODERN
eclipse__steady,0,12,0.96875,0.9644223477433554,CORRECTED_MODERN
eclipse__steady,0,13,0.96875,0.9644223477433554,CORRECTED_MODERN
eclipse__steady,0,14,0.96875,0.9644223477433554,CORRECTED_MODERN
eclipse__steady,0,15,0.96875,0.9644223477433554,CORRECTED_MODERN
eclipse__steady,0,16,0.96875,0.9644223477433554,CORRECTED_MODERN
eclipse__steady,0,17,0.96875,0.9644223477433554,CORRECTED_MODERN
eclipse__steady,0,18,0.96875,0.9644223477433554,CORRECTED_MODERN
eclipse__steady,0,19,0.96875,0.9644223477433554,CORRECTED_MODERN
eclipse__steady,0,20,0.96875,0.9644223477433554,CORRECTED_MODERN
eclipse__steady,0,21,0.96875,0.9644223477433554,CORRECTED_MODERN
eclipse__steady,0,22,0.96875,0.9644223477433554,CORRECTED_MODERN
eclipse__steady,0,23,0.96875,0.9644223477433554,CORRECTED_MODERN
eclipse__steady,0,24,0.96875,0.9644223477433554,CORRECTED_MODERN
eclipse__steady,0,25,0.96875,0.9644223477433554,CORRECTED_MODERN
eclipse__steady,0,26,0.96875,0.9644223477433554,CORRECTED_MODERN
eclipse__steady,0,27,0.96875,0.9644223477433554,CORRECTED_MODERN
eclipse__steady,0,28,0.96875,0.9644223477433554,CORRECTED_MODERN
eclipse__steady,0,29,0.96875,0.9644223477433554,CORRECTED_MODERN
eclipse__steady,0,30,0.96875,0.9644223477433554,CORRECTED_MODERN
eclipse__steady,5,1,0.9351325757575756,0.9281532826001844,CORRECTED_MODERN
eclipse__steady,5,2,0.9569128787878788,0.9616574087346572,CORRECTED_MODERN
eclipse__steady,5,3,0.9313446969696968,0.925576893353869,CORRECTED_MODERN
eclipse__steady,5,4,0.9313446969696968,0.9427550805997384,CORRECTED_MODERN
eclipse__steady,5,5,0.944128787878788,0.9440256898264956,CORRECTED_MODERN
eclipse__steady,5,6,0.9517045454545454,0.9409476449794456,CORRECTED_MODERN
eclipse__steady,5,7,0.9398674242424244,0.948982541268498,CORRECTED_MODERN
eclipse__steady,5,8,0.9209280303030304,0.9287608794914296,CORRECTED_MODERN
eclipse__steady,5,9,0.9526515151515152,0.9566897487075496,CORRECTED_MODERN
eclipse__steady,5,10,0.9370265151515152,0.9439853720884064,CORRECTED_MODERN
eclipse__steady,5,11,0.9663825757575756,0.9503270091601378,CORRECTED_MODERN
eclipse__steady,5,12,0.9412878787878788,0.9506938147943274,CORRECTED_MODERN
eclipse__steady,5,13,0.965435606060606,0.9582859022237712,CORRECTED_MODERN
eclipse__steady,5,14,0.9573863636363636,0.9618078711019088,CORRECTED_MODERN
eclipse__steady,5,15,0.9578598484848484,0.9616622983326808,CORRECTED_MODERN
eclipse__steady,5,16,0.9427083333333334,0.9350916221956348,CORRECTED_MODERN
eclipse__steady,5,17,0.9275568181818182,0.9300700908078466,CORRECTED_MODERN
eclipse__steady,5,18,0.9611742424242424,0.9703500846315124,CORRECTED_MODERN
eclipse__steady,5,19,0.9521780303030304,0.9559551938325348,CORRECTED_MODERN
eclipse__steady,5,20,0.965435606060606,0.968023493796506,CORRECTED_MODERN
eclipse__steady,5,21,0.9370265151515152,0.934792842021668,CORRECTED_MODERN
eclipse__steady,5,22,0.9668560606060606,0.9700834728655954,CORRECTED_MODERN
eclipse__steady,5,23,0.9550189393939394,0.9678364023352884,CORRECTED_MODERN
eclipse__steady,5,24,0.984375,0.9904562832692876,CORRECTED_MODERN
eclipse__steady,5,25,0.9517045454545454,0.9679293046977364,CORRECTED_MODERN
eclipse__steady,5,26,0.9266098484848484,0.9400433266923492,CORRECTED_MODERN
eclipse__steady,5,27,0.9668560606060606,0.9616876041470132,CORRECTED_MODERN
eclipse__steady,5,28,0.9867424242424244,0.9978877002233254,CORRECTED_MODERN
eclipse__steady,5,29,0.965435606060606,0.9645504208986044,CORRECTED_MODERN
eclipse__steady,5,30,0.9483901515151516,0.9597386275313012,CORRECTED_MODERN
eclipse__steady,10,1,0.9526515151515152,0.9550442702989852,CORRECTED_MODERN
eclipse__steady,10,2,0.9469696969696968,0.9542553293687608,CORRECTED_MODERN
eclipse__steady,10,3,0.9479166666666666,0.9526141400812694,CORRECTED_MODERN
eclipse__steady,10,4,0.9446022727272728,0.9358803915610162,CORRECTED_MODERN
eclipse__steady,10,5,0.9649621212121212,0.99213324382653,CORRECTED_MODERN
eclipse__steady,10,6,0.946496212121212,0.9475100860040312,CORRECTED_MODERN
eclipse__steady,10,7,0.9545454545454546,0.97554069317201,CORRECTED_MODERN
eclipse__steady,10,8,0.9526515151515152,0.9586437007037066,CORRECTED_MODERN
eclipse__steady,10,9,0.9772727272727272,0.9882651428777764,CORRECTED_MODERN
eclipse__steady,10,10,0.9242424242424244,0.9345246861721648,CORRECTED_MODERN
eclipse__steady,10,11,0.9512310606060606,0.939395583627858,CORRECTED_MODERN
eclipse__steady,10,12,0.9607007575757576,0.964514134934324,CORRECTED_MODERN
eclipse__steady,10,13,0.9635416666666666,0.973835081285998,CORRECTED_MODERN
eclipse__steady,10,14,0.9701704545454546,0.9674743147342796,CORRECTED_MODERN
eclipse__steady,10,15,0.9801136363636364,0.9636243138764554,CORRECTED_MODERN
eclipse__steady,10,16,0.9469696969696968,0.9397909548083956,CORRECTED_MODERN
eclipse__steady,10,17,0.9223484848484848,0.921571454748348,CORRECTED_MODERN
eclipse__steady,10,18,0.9502840909090908,0.9533130952513762,CORRECTED_MODERN
eclipse__steady,10,19,0.9630681818181818,0.968408571086468,CORRECTED_MODERN
eclipse__steady,10,20,0.9526515151515152,0.9418651737594482,CORRECTED_MODERN
eclipse__steady,10,21,0.9592803030303032,0.9730904898676714,CORRECTED_MODERN
eclipse__steady,10,22,0.959753787878788,0.9511796006470904,CORRECTED_MODERN
eclipse__steady,10,23,0.9417613636363636,0.9520332215231004,CORRECTED_MODERN
eclipse__steady,10,24,0.9744318181818182,0.9761125187935038,CORRECTED_MODERN
eclipse__steady,10,25,0.9573863636363636,0.9616486589276676,CORRECTED_MODERN
eclipse__steady,10,26,0.9403409090909092,0.9490467923021764,CORRECTED_MODERN
eclipse__steady,10,27,0.9512310606060606,0.9497046576924006,CORRECTED_MODERN
eclipse__steady,10,28,0.9782196969696968,0.9816367351710836,CORRECTED_MODERN
eclipse__steady,10,29,0.9692234848484848,0.9652081147239858,CORRECTED_MODERN
eclipse__steady,10,30,0.9673295454545454,0.9623093551378,CORRECTED_MODERN
eclipse__steady,15,1,0.9450757575757576,0.9536000374511806,CORRECTED_MODERN
eclipse__steady,15,2,0.9573863636363636,0.9665911847052854,CORRECTED_MODERN
eclipse__steady,15,3,0.9678030303030304,0.9658105646699428,CORRECTED_MODERN
eclipse__steady,15,4,0.9422348484848484,0.931558930514814,CORRECTED_MODERN
eclipse__steady,15,5,0.9578598484848484,0.9908278927190792,CORRECTED_MODERN
eclipse__steady,15,6,0.9649621212121212,0.9680925486457864,CORRECTED_MODERN
eclipse__steady,15,7,0.9393939393939394,0.9660915021002444,CORRECTED_MODERN
eclipse__steady,15,8,0.9488636363636364,0.9550796126566292,CORRECTED_MODERN
eclipse__steady,15,9,0.9791666666666666,0.9788867223037206,CORRECTED_MODERN
eclipse__steady,15,10,0.918560606060606,0.9241555644125956,CORRECTED_MODERN
eclipse__steady,15,11,0.9398674242424244,0.9333864392217296,CORRECTED_MODERN
eclipse__steady,15,12,0.953125,0.9557685312834244,CORRECTED_MODERN
eclipse__steady,15,13,0.9673295454545454,0.9692486383398864,CORRECTED_MODERN
eclipse__steady,15,14,0.959753787878788,0.9544979220566672,CORRECTED_MODERN
eclipse__steady,15,15,0.9782196969696968,0.9636021820117172,CORRECTED_MODERN
eclipse__steady,15,16,0.9398674242424244,0.9396923908061312,CORRECTED_MODERN
eclipse__steady,15,17,0.9161931818181818,0.9200531916708178,CORRECTED_MODERN
eclipse__steady,15,18,0.9427083333333334,0.947244160497486,CORRECTED_MODERN
eclipse__steady,15,19,0.9559659090909092,0.9521608657662424,CORRECTED_MODERN
eclipse__steady,15,20,0.9375,0.9323296855716876,CORRECTED_MODERN
eclipse__steady,15,21,0.9446022727272728,0.9573998555924468,CORRECTED_MODERN
eclipse__steady,15,22,0.9488636363636364,0.9450993426135668,CORRECTED_MODERN
eclipse__steady,15,23,0.9313446969696968,0.9478887296123828,CORRECTED_MODERN
eclipse__steady,15,24,0.9682765151515152,0.9749466499033568,CORRECTED_MODERN
eclipse__steady,15,25,0.9469696969696968,0.9515150099150232,CORRECTED_MODERN
eclipse__steady,15,26,0.9393939393939394,0.9481896543468862,CORRECTED_MODERN
eclipse__steady,15,27,0.949810606060606,0.9522354106904964,CORRECTED_MODERN
eclipse__steady,15,28,0.9744318181818182,0.9812049064614228,CORRECTED_MODERN
eclipse__steady,15,29,0.9611742424242424,0.9568020378972492,CORRECTED_MODERN
eclipse__steady,15,30,0.9607007575757576,0.9576418478034032,CORRECTED_MODERN
eclipse__steady,20,1,0.9389204545454546,0.9435347570284446,CORRECTED_MODERN
eclipse__steady,20,2,0.9535984848484848,0.9530894604786138,CORRECTED_MODERN
eclipse__steady,20,3,0.9616477272727272,0.9643586114042062,CORRECTED_MODERN
eclipse__steady,20,4,0.9327651515151516,0.9251623069109228,CORRECTED_MODERN
eclipse__steady,20,5,0.9479166666666666,0.9673683734437688,CORRECTED_MODERN
eclipse__steady,20,6,0.962121212121212,0.9675578668127875,CORRECTED_MODERN
eclipse__steady,20,7,0.930871212121212,0.9487864426530268,CORRECTED_MODERN
eclipse__steady,20,8,0.96875,0.97049505692379,CORRECTED_MODERN
eclipse__steady,20,9,0.9730113636363636,0.9752349646219048,CORRECTED_MODERN
eclipse__steady,20,10,0.9176136363636364,0.9214601091652848,CORRECTED_MODERN
eclipse__steady,20,11,0.9327651515151516,0.9324465212297244,CORRECTED_MODERN
eclipse__steady,20,12,0.949810606060606,0.9554483912865124,CORRECTED_MODERN
eclipse__steady,20,13,0.9616477272727272,0.9681417019732868,CORRECTED_MODERN
eclipse__steady,20,14,0.9535984848484848,0.9459929380979798,CORRECTED_MODERN
eclipse__steady,20,15,0.9730113636363636,0.9621232072832184,CORRECTED_MODERN
eclipse__steady,20,16,0.9337121212121212,0.9320405988113466,CORRECTED_MODERN
eclipse__steady,20,17,0.9247159090909092,0.9261663901541844,CORRECTED_MODERN
eclipse__steady,20,18,0.9393939393939394,0.9449279493354772,CORRECTED_MODERN
eclipse__steady,20,19,0.9479166666666666,0.95026979228502,CORRECTED_MODERN
eclipse__steady,20,20,0.928503787878788,0.9272111342652212,CORRECTED_MODERN
eclipse__steady,20,21,0.9318181818181818,0.9413996325581512,CORRECTED_MODERN
eclipse__steady,20,22,0.9446022727272728,0.938207668655394,CORRECTED_MODERN
eclipse__steady,20,23,0.9270833333333334,0.9374846086248556,CORRECTED_MODERN
eclipse__steady,20,24,0.9616477272727272,0.9678544166437963,CORRECTED_MODERN
eclipse__steady,20,25,0.9422348484848484,0.9504027550382924,CORRECTED_MODERN
eclipse__steady,20,26,0.9322916666666666,0.928094864771166,CORRECTED_MODERN
eclipse__steady,20,27,0.9460227272727272,0.9511016244259776,CORRECTED_MODERN
eclipse__steady,20,28,0.9696969696969696,0.9808784185653224,CORRECTED_MODERN
eclipse__steady,20,29,0.953125,0.9459455004189092,CORRECTED_MODERN
eclipse__steady,20,30,0.9744318181818182,0.9777186230706152,CORRECTED_MODERN
eclipse__steady,25,1,0.9327651515151516,0.940910672755794,CORRECTED_MODERN
eclipse__steady,25,2,0.9559659090909092,0.9543956694102794,CORRECTED_MODERN
eclipse__steady,25,3,0.965435606060606,0.975407044159366,CORRECTED_MODERN
eclipse__steady,25,4,0.9275568181818182,0.9212550033955592,CORRECTED_MODERN
eclipse__steady,25,5,0.9455492424242424,0.9741444984802264,CORRECTED_MODERN
eclipse__steady,25,6,0.9592803030303032,0.9658713844067623,CORRECTED_MODERN
eclipse__steady,25,7,0.9256628787878788,0.9347719111108302,CORRECTED_MODERN
eclipse__steady,25,8,0.9644886363636364,0.9618721221355868,CORRECTED_MODERN
eclipse__steady,25,9,0.9682765151515152,0.970519504913908,CORRECTED_MODERN
eclipse__steady,25,10,0.9521780303030304,0.962060157203441,CORRECTED_MODERN
eclipse__steady,25,11,0.928503787878788,0.9312701868841587,CORRECTED_MODERN
eclipse__steady,25,12,0.9550189393939394,0.9533868681338368,CORRECTED_MODERN
eclipse__steady,25,13,0.9573863636363636,0.9656659355073508,CORRECTED_MODERN
eclipse__steady,25,14,0.949810606060606,0.943714556983838,CORRECTED_MODERN
eclipse__steady,25,15,0.9706439393939394,0.9587737468546496,CORRECTED_MODERN
eclipse__steady,25,16,0.930871212121212,0.9317158265636756,CORRECTED_MODERN
eclipse__steady,25,17,0.9204545454545454,0.9253475111588684,CORRECTED_MODERN
eclipse__steady,25,18,0.934185606060606,0.9436410414486414,CORRECTED_MODERN
eclipse__steady,25,19,0.9412878787878788,0.948293193729596,CORRECTED_MODERN
eclipse__steady,25,20,0.921875,0.9235298674304212,CORRECTED_MODERN
eclipse__steady,25,21,0.9403409090909092,0.9529794874142942,CORRECTED_MODERN
eclipse__steady,25,22,0.9715909090909092,0.9768323190920268,CORRECTED_MODERN
eclipse__steady,25,23,0.9261363636363636,0.9489700170349644,CORRECTED_MODERN
eclipse__steady,25,24,0.9554924242424244,0.947338950073206,CORRECTED_MODERN
eclipse__steady,25,25,0.9649621212121212,0.9805556193133452,CORRECTED_MODERN
eclipse__steady,25,26,0.9289772727272728,0.9278376890716103,CORRECTED_MODERN
eclipse__steady,25,27,0.9417613636363636,0.9505340879255574,CORRECTED_MODERN
eclipse__steady,25,28,0.9640151515151516,0.9738253878723722,CORRECTED_MODERN
eclipse__steady,25,29,0.9460227272727272,0.943081225366153,CORRECTED_MODERN
eclipse__steady,25,30,0.9706439393939394,0.9754565406165518,CORRECTED_MODERN
eclipse__steady,30,1,0.9242424242424244,0.9392166414966796,CORRECTED_MODERN
eclipse__steady,30,2,0.9512310606060606,0.9506016844736728,CORRECTED_MODERN
eclipse__steady,30,3,0.9616477272727272,0.9751351996657396,CORRECTED_MODERN
eclipse__steady,30,4,0.9256628787878788,0.9196786656186964,CORRECTED_MODERN
eclipse__steady,30,5,0.9616477272727272,0.9888683648655268,CORRECTED_MODERN
eclipse__steady,30,6,0.9535984848484848,0.959647526599704,CORRECTED_MODERN
eclipse__steady,30,7,0.9247159090909092,0.9312226634226664,CORRECTED_MODERN
eclipse__steady,30,8,0.9786931818181818,0.9662471114127844,CORRECTED_MODERN
eclipse__steady,30,9,0.9663825757575756,0.9641498169903574,CORRECTED_MODERN
eclipse__steady,30,10,0.9635416666666666,0.9765192990360966,CORRECTED_MODERN
eclipse__steady,30,11,0.925189393939394,0.9272228864569622,CORRECTED_MODERN
eclipse__steady,30,12,0.9540719696969696,0.9531869950918208,CORRECTED_MODERN
eclipse__steady,30,13,0.9682765151515152,0.9807357623984242,CORRECTED_MODERN
eclipse__steady,30,14,0.9450757575757576,0.9424886403986644,CORRECTED_MODERN
eclipse__steady,30,15,0.9663825757575756,0.9528179591146732,CORRECTED_MODERN
eclipse__steady,30,16,0.9517045454545454,0.9486708937313116,CORRECTED_MODERN
eclipse__steady,30,17,0.9398674242424244,0.9329829187111528,CORRECTED_MODERN
eclipse__steady,30,18,0.9474431818181818,0.9482518466024492,CORRECTED_MODERN
eclipse__steady,30,19,0.9365530303030304,0.9411235847258728,CORRECTED_MODERN
eclipse__steady,30,20,0.9190340909090908,0.9230956368129594,CORRECTED_MODERN
eclipse__steady,30,21,0.9573863636363636,0.9684662168736932,CORRECTED_MODERN
eclipse__steady,30,22,0.9682765151515152,0.9763174529983866,CORRECTED_MODERN
eclipse__steady,30,23,0.9223484848484848,0.9427780702886916,CORRECTED_MODERN
eclipse__steady,30,24,0.9507575757575756,0.9463107619695122,CORRECTED_MODERN
eclipse__steady,30,25,0.9659090909090908,0.9732926790350672,CORRECTED_MODERN
eclipse__steady,30,26,0.9294507575757576,0.9253276954195098,CORRECTED_MODERN
eclipse__steady,30,27,0.9375,0.940166596031996,CORRECTED_MODERN
eclipse__steady,30,28,0.96875,0.9766105715325364,CORRECTED_MODERN
eclipse__steady,30,29,0.9436553030303032,0.9455237940349814,CORRECTED_MODERN
eclipse__steady,30,30,0.9663825757575756,0.9741980267112216,CORRECTED_MODERN
eclipse__steady,40,1,0.9261363636363636,0.9304160513136198,CORRECTED_MODERN
eclipse__steady,40,2,0.9607007575757576,0.958004879011048,CORRECTED_MODERN
eclipse__steady,40,3,0.9554924242424244,0.9735983218027512,CORRECTED_MODERN
eclipse__steady,40,4,0.953125,0.9492177566681588,CORRECTED_MODERN
eclipse__steady,40,5,0.9550189393939394,0.9804137351882402,CORRECTED_MODERN
eclipse__steady,40,6,0.962121212121212,0.972606677010602,CORRECTED_MODERN
eclipse__steady,40,7,0.9393939393939394,0.9497352820168642,CORRECTED_MODERN
eclipse__steady,40,8,0.9767992424242424,0.9655047503374158,CORRECTED_MODERN
eclipse__steady,40,9,0.9578598484848484,0.9623537046496984,CORRECTED_MODERN
eclipse__steady,40,10,0.9559659090909092,0.9687673989554608,CORRECTED_MODERN
eclipse__steady,40,11,0.9228219696969696,0.9239201774480922,CORRECTED_MODERN
eclipse__steady,40,12,0.962121212121212,0.954157708973132,CORRECTED_MODERN
eclipse__steady,40,13,0.9611742424242424,0.979033667591692,CORRECTED_MODERN
eclipse__steady,40,14,0.9403409090909092,0.9343194946200176,CORRECTED_MODERN
eclipse__steady,40,15,0.9744318181818182,0.9704472761150336,CORRECTED_MODERN
eclipse__steady,40,16,0.9427083333333334,0.9328804944999222,CORRECTED_MODERN
eclipse__steady,40,17,0.930871212121212,0.9309352923107548,CORRECTED_MODERN
eclipse__steady,40,18,0.965435606060606,0.9743058552150043,CORRECTED_MODERN
eclipse__steady,40,19,0.9474431818181818,0.9436600851462068,CORRECTED_MODERN
eclipse__steady,40,20,0.9195075757575756,0.9207490586737516,CORRECTED_MODERN
eclipse__steady,40,21,0.9450757575757576,0.9612176022597998,CORRECTED_MODERN
eclipse__steady,40,22,0.9602272727272728,0.9640239741780666,CORRECTED_MODERN
eclipse__steady,40,23,0.9588068181818182,0.9697233582602802,CORRECTED_MODERN
eclipse__steady,40,24,0.9446022727272728,0.9355039782956226,CORRECTED_MODERN
eclipse__steady,40,25,0.9578598484848484,0.9634491461718214,CORRECTED_MODERN
eclipse__steady,40,26,0.9592803030303032,0.952975627205328,CORRECTED_MODERN
eclipse__steady,40,27,0.9630681818181818,0.9621061365813468,CORRECTED_MODERN
eclipse__steady,40,28,0.975378787878788,0.9873752360374862,CORRECTED_MODERN
eclipse__steady,40,29,0.934185606060606,0.9431074747871216,CORRECTED_MODERN
eclipse__steady,40,30,0.9607007575757576,0.9656307647145498,CORRECTED_MODERN
eclipse__steady,50,1,0.9204545454545454,0.9231838211422266,CORRECTED_MODERN
eclipse__steady,50,2,0.9540719696969696,0.9566004492068036,CORRECTED_MODERN
eclipse__steady,50,3,0.9493371212121212,0.9601716571948624,CORRECTED_MODERN
eclipse__steady,50,4,0.9450757575757576,0.942196379688729,CORRECTED_MODERN
eclipse__steady,50,5,0.9469696969696968,0.969544072999416,CORRECTED_MODERN
eclipse__steady,50,6,0.96875,0.98178805536255,CORRECTED_MODERN
eclipse__steady,50,7,0.9303977272727272,0.9345932263269162,CORRECTED_MODERN
eclipse__steady,50,8,0.9706439393939394,0.9641135310260772,CORRECTED_MODERN
eclipse__steady,50,9,0.946496212121212,0.9606842071631232,CORRECTED_MODERN
eclipse__steady,50,10,0.9488636363636364,0.9657550634432542,CORRECTED_MODERN
eclipse__steady,50,11,0.9180871212121212,0.922922442104019,CORRECTED_MODERN
eclipse__steady,50,12,0.9535984848484848,0.9521488562272368,CORRECTED_MODERN
eclipse__steady,50,13,0.9554924242424244,0.9675435411484028,CORRECTED_MODERN
eclipse__steady,50,14,0.9318181818181818,0.9333247616606956,CORRECTED_MODERN
eclipse__steady,50,15,0.9696969696969696,0.9690498804693494,CORRECTED_MODERN
eclipse__steady,50,16,0.934185606060606,0.922528443442225,CORRECTED_MODERN
eclipse__steady,50,17,0.9346590909090908,0.9355950792272196,CORRECTED_MODERN
eclipse__steady,50,18,0.9592803030303032,0.9739964380207756,CORRECTED_MODERN
eclipse__steady,50,19,0.9427083333333334,0.9425898636559946,CORRECTED_MODERN
eclipse__steady,50,20,0.9171401515151516,0.9184433987495833,CORRECTED_MODERN
eclipse__steady,50,21,0.9384469696969696,0.9536819596636807,CORRECTED_MODERN
eclipse__steady,50,22,0.9550189393939394,0.9570411992882968,CORRECTED_MODERN
eclipse__steady,50,23,0.9521780303030304,0.9599638921700716,CORRECTED_MODERN
eclipse__steady,50,24,0.9474431818181818,0.9379090600462702,CORRECTED_MODERN
eclipse__steady,50,25,0.9483901515151516,0.9415272768012928,CORRECTED_MODERN
eclipse__steady,50,26,0.9512310606060606,0.9496272819482382,CORRECTED_MODERN
eclipse__steady,50,27,0.9711174242424244,0.9613648906774572,CORRECTED_MODERN
eclipse__steady,50,28,0.9706439393939394,0.9748611248291552,CORRECTED_MODERN
eclipse__steady,50,29,0.9550189393939394,0.955150554719182,CORRECTED_MODERN
eclipse__steady,50,30,0.9550189393939394,0.9628556175976968,CORRECTED_MODERN
facebook__buck,0,1,0.6173052488502695,0.4590126665345221,CORRECTED_MODERN
facebook__buck,0,2,0.6173052488502695,0.4590126665345221,CORRECTED_MODERN
facebook__buck,0,3,0.6173052488502695,0.4590126665345221,CORRECTED_MODERN
facebook__buck,0,4,0.6173052488502695,0.4590126665345221,CORRECTED_MODERN
facebook__buck,0,5,0.6173052488502695,0.4590126665345221,CORRECTED_MODERN
facebook__buck,0,6,0.6173052488502695,0.4590126665345221,CORRECTED_MODERN
facebook__buck,0,7,0.6173052488502695,0.4590126665345221,CORRECTED_MODERN
facebook__buck,0,8,0.6173052488502695,0.4590126665345221,CORRECTED_MODERN
facebook__buck,0,9,0.6173052488502695,0.4590126665345221,CORRECTED_MODERN
facebook__buck,0,10,0.6173052488502695,0.4590126665345221,CORRECTED_MODERN
facebook__buck,0,11,0.6173052488502695,0.4590126665345221,CORRECTED_MODERN
facebook__buck,0,12,0.6173052488502695,0.4590126665345221,CORRECTED_MODERN
facebook__buck,0,13,0.6173052488502695,0.4590126665345221,CORRECTED_MODERN
facebook__buck,0,14,0.6173052488502695,0.4590126665345221,CORRECTED_MODERN
facebook__buck,0,15,0.6173052488502695,0.4590126665345221,CORRECTED_MODERN
facebook__buck,0,16,0.6173052488502695,0.4590126665345221,CORRECTED_MODERN
facebook__buck,0,17,0.6173052488502695,0.4590126665345221,CORRECTED_MODERN
facebook__buck,0,18,0.6173052488502695,0.4590126665345221,CORRECTED_MODERN
facebook__buck,0,19,0.6173052488502695,0.4590126665345221,CORRECTED_MODERN
facebook__buck,0,20,0.6173052488502695,0.4590126665345221,CORRECTED_MODERN
facebook__buck,0,21,0.6173052488502695,0.4590126665345221,CORRECTED_MODERN
facebook__buck,0,22,0.6173052488502695,0.4590126665345221,CORRECTED_MODERN
facebook__buck,0,23,0.6173052488502695,0.4590126665345221,CORRECTED_MODERN
facebook__buck,0,24,0.6173052488502695,0.4590126665345221,CORRECTED_MODERN
facebook__buck,0,25,0.6173052488502695,0.4590126665345221,CORRECTED_MODERN
facebook__buck,0,26,0.6173052488502695,0.4590126665345221,CORRECTED_MODERN
facebook__buck,0,27,0.6173052488502695,0.4590126665345221,CORRECTED_MODERN
facebook__buck,0,28,0.6173052488502695,0.4590126665345221,CORRECTED_MODERN
facebook__buck,0,29,0.6173052488502695,0.4590126665345221,CORRECTED_MODERN
facebook__buck,0,30,0.6173052488502695,0.4590126665345221,CORRECTED_MODERN
facebook__buck,5,1,0.7181538110346054,0.6510571102491688,CORRECTED_MODERN
facebook__buck,5,2,0.4729677351982279,0.4588502416797263,CORRECTED_MODERN
facebook__buck,5,3,0.5792237266372513,0.5246799179568918,CORRECTED_MODERN
facebook__buck,5,4,0.7176085539566212,0.6872426348703752,CORRECTED_MODERN
facebook__buck,5,5,0.5873779852704172,0.5271208583306773,CORRECTED_MODERN
facebook__buck,5,6,0.752872583607859,0.6432697397530501,CORRECTED_MODERN
facebook__buck,5,7,0.6852992103227912,0.660041378244341,CORRECTED_MODERN
facebook__buck,5,8,0.7047545776733483,0.6409037583939321,CORRECTED_MODERN
facebook__buck,5,9,0.6093327202916019,0.518310508991065,CORRECTED_MODERN
facebook__buck,5,10,0.7622217739955547,0.7087616354870464,CORRECTED_MODERN
facebook__buck,5,11,0.6740975678993032,0.6625745672764294,CORRECTED_MODERN
facebook__buck,5,12,0.7906270815477354,0.7012174704127061,CORRECTED_MODERN
facebook__buck,5,13,0.7100131472021006,0.6494163449227417,CORRECTED_MODERN
facebook__buck,5,14,0.8035030284946533,0.766243158052976,CORRECTED_MODERN
facebook__buck,5,15,0.6210997140988938,0.6221449282771447,CORRECTED_MODERN
facebook__buck,5,16,0.6838391401938216,0.6636465915575913,CORRECTED_MODERN
facebook__buck,5,17,0.8645960313669031,0.7527097329520271,CORRECTED_MODERN
facebook__buck,5,18,0.865322202921526,0.7543317778920576,CORRECTED_MODERN
facebook__buck,5,19,0.5682984893816158,0.5429540688146938,CORRECTED_MODERN
facebook__buck,5,20,0.5661070027386,0.558025171013851,CORRECTED_MODERN
facebook__buck,5,21,0.774526872539556,0.70768442602427,CORRECTED_MODERN
facebook__buck,5,22,0.7298078157459533,0.6885110201958243,CORRECTED_MODERN
facebook__buck,5,23,0.6806365833183949,0.5916326687406084,CORRECTED_MODERN
facebook__buck,5,24,0.7222537087198829,0.5957996391926458,CORRECTED_MODERN
facebook__buck,5,25,0.6253177830117664,0.5719411151572223,CORRECTED_MODERN
facebook__buck,5,26,0.7240466038736473,0.6516259222416324,CORRECTED_MODERN
facebook__buck,5,27,0.6372466763395499,0.6012061591110809,CORRECTED_MODERN
facebook__buck,5,28,0.7708451806747151,0.7055077574683922,CORRECTED_MODERN
facebook__buck,5,29,0.6236012134733874,0.5759126940476987,CORRECTED_MODERN
facebook__buck,5,30,0.5865644998734683,0.5520045992180965,CORRECTED_MODERN
facebook__buck,10,1,0.7146103842995923,0.6809971592942359,CORRECTED_MODERN
facebook__buck,10,2,0.6068922520004697,0.5909318870982807,CORRECTED_MODERN
facebook__buck,10,3,0.5869783705337321,0.5684043408956398,CORRECTED_MODERN
facebook__buck,10,4,0.7573152778042473,0.7036923247784576,CORRECTED_MODERN
facebook__buck,10,5,0.755796040118241,0.6712297803838985,CORRECTED_MODERN
facebook__buck,10,6,0.6617821767895311,0.5607995922720799,CORRECTED_MODERN
facebook__buck,10,7,0.6845391767718352,0.6440118029163704,CORRECTED_MODERN
facebook__buck,10,8,0.6948832718937805,0.6504960780424733,CORRECTED_MODERN
facebook__buck,10,9,0.6924413871307137,0.6150072936759828,CORRECTED_MODERN
facebook__buck,10,10,0.7543857362028928,0.7101387345168495,CORRECTED_MODERN
facebook__buck,10,11,0.7139249795730775,0.661697720402808,CORRECTED_MODERN
facebook__buck,10,12,0.721697042547958,0.6613748389466273,CORRECTED_MODERN
facebook__buck,10,13,0.6588884907079111,0.6152590786685938,CORRECTED_MODERN
facebook__buck,10,14,0.8465994718133735,0.780981047299261,CORRECTED_MODERN
facebook__buck,10,15,0.7331342720538246,0.7333104282003445,CORRECTED_MODERN
facebook__buck,10,16,0.6712463193994322,0.6063443636657008,CORRECTED_MODERN
facebook__buck,10,17,0.8651075833523387,0.7876213575269971,CORRECTED_MODERN
facebook__buck,10,18,0.8841050933909781,0.7786721829854854,CORRECTED_MODERN
facebook__buck,10,19,0.5658247393084205,0.4883963810887666,CORRECTED_MODERN
facebook__buck,10,20,0.5471859292413404,0.5192967061175859,CORRECTED_MODERN
facebook__buck,10,21,0.7457619114717736,0.6735891186573661,CORRECTED_MODERN
facebook__buck,10,22,0.702364367506943,0.6246081694339517,CORRECTED_MODERN
facebook__buck,10,23,0.663119107486847,0.5967947062844701,CORRECTED_MODERN
facebook__buck,10,24,0.7091615550475335,0.6267641832848313,CORRECTED_MODERN
facebook__buck,10,25,0.5716545825639335,0.5227002549576015,CORRECTED_MODERN
facebook__buck,10,26,0.7799409066868297,0.7154121728458759,CORRECTED_MODERN
facebook__buck,10,27,0.7614869396139403,0.6474845702626888,CORRECTED_MODERN
facebook__buck,10,28,0.7477834503587601,0.703485653326697,CORRECTED_MODERN
facebook__buck,10,29,0.6774572076952383,0.6265313238615396,CORRECTED_MODERN
facebook__buck,10,30,0.8274191867991297,0.7774551644151239,CORRECTED_MODERN
facebook__buck,15,1,0.733882561164909,0.6724157094750177,CORRECTED_MODERN
facebook__buck,15,2,0.6044560666539692,0.5527543513758836,CORRECTED_MODERN
facebook__buck,15,3,0.6764077039242888,0.6363366149978386,CORRECTED_MODERN
facebook__buck,15,4,0.7074259906417506,0.632468754854986,CORRECTED_MODERN
facebook__buck,15,5,0.6797645807899861,0.6143422471293205,CORRECTED_MODERN
facebook__buck,15,6,0.7418186061045822,0.6261648064709188,CORRECTED_MODERN
facebook__buck,15,7,0.6493321551162058,0.5987649207839834,CORRECTED_MODERN
facebook__buck,15,8,0.6830323372632524,0.6388710674145566,CORRECTED_MODERN
facebook__buck,15,9,0.6302549445615167,0.5670954182955594,CORRECTED_MODERN
facebook__buck,15,10,0.7887181988304527,0.6942743934204645,CORRECTED_MODERN
facebook__buck,15,11,0.6299650853304327,0.5557060597562362,CORRECTED_MODERN
facebook__buck,15,12,0.7304234283047224,0.6602960392566446,CORRECTED_MODERN
facebook__buck,15,13,0.6097757689461858,0.5712107280150823,CORRECTED_MODERN
facebook__buck,15,14,0.8065128442133597,0.7497300325344057,CORRECTED_MODERN
facebook__buck,15,15,0.6846295868650739,0.661178649787446,CORRECTED_MODERN
facebook__buck,15,16,0.6245178832427998,0.5755711041085105,CORRECTED_MODERN
facebook__buck,15,17,0.8449698158378275,0.754472141479271,CORRECTED_MODERN
facebook__buck,15,18,0.8443210100994182,0.7551327327385516,CORRECTED_MODERN
facebook__buck,15,19,0.6765072660668754,0.5651560145431817,CORRECTED_MODERN
facebook__buck,15,20,0.5716052484957811,0.5419146487608331,CORRECTED_MODERN
facebook__buck,15,21,0.7222474079744051,0.6533637800242884,CORRECTED_MODERN
facebook__buck,15,22,0.7465359207792168,0.6780313710749011,CORRECTED_MODERN
facebook__buck,15,23,0.7166482564661523,0.6394033796739114,CORRECTED_MODERN
facebook__buck,15,24,0.6332719700342498,0.5785354370582273,CORRECTED_MODERN
facebook__buck,15,25,0.669206678009521,0.63243934650826,CORRECTED_MODERN
facebook__buck,15,26,0.7319271704907362,0.6751568233476235,CORRECTED_MODERN
facebook__buck,15,27,0.7321568641538851,0.6423865700024053,CORRECTED_MODERN
facebook__buck,15,28,0.6907970740186299,0.6299616831458188,CORRECTED_MODERN
facebook__buck,15,29,0.7116545615755848,0.6769344850435645,CORRECTED_MODERN
facebook__buck,15,30,0.818785705007914,0.7210508627176774,CORRECTED_MODERN
facebook__buck,20,1,0.6799146245419397,0.6447794797984469,CORRECTED_MODERN
facebook__buck,20,2,0.6585568560704333,0.5822259720361165,CORRECTED_MODERN
facebook__buck,20,3,0.6443697698368839,0.5900664471555456,CORRECTED_MODERN
facebook__buck,20,4,0.6588618380766604,0.5603436817804041,CORRECTED_MODERN
facebook__buck,20,5,0.6274014268838213,0.5735046286971153,CORRECTED_MODERN
facebook__buck,20,6,0.7475247594679517,0.6390682568773661,CORRECTED_MODERN
facebook__buck,20,7,0.5891236518477955,0.5567552522323599,CORRECTED_MODERN
facebook__buck,20,8,0.7050062554832388,0.6485461125383412,CORRECTED_MODERN
facebook__buck,20,9,0.592293631584654,0.5408766881343262,CORRECTED_MODERN
facebook__buck,20,10,0.7794652778956035,0.6795998777869061,CORRECTED_MODERN
facebook__buck,20,11,0.5825705000272459,0.5105506511714056,CORRECTED_MODERN
facebook__buck,20,12,0.8125817180022021,0.7147379810316463,CORRECTED_MODERN
facebook__buck,20,13,0.6107051589654287,0.596632767512442,CORRECTED_MODERN
facebook__buck,20,14,0.767949771149859,0.7307376345739289,CORRECTED_MODERN
facebook__buck,20,15,0.6915542612634212,0.6458732734256234,CORRECTED_MODERN
facebook__buck,20,16,0.5910210265227965,0.5524542130194733,CORRECTED_MODERN
facebook__buck,20,17,0.8124961880798304,0.7080715425921321,CORRECTED_MODERN
facebook__buck,20,18,0.8191998092855027,0.7234442994417412,CORRECTED_MODERN
facebook__buck,20,19,0.6857258022880685,0.5745831495185085,CORRECTED_MODERN
facebook__buck,20,20,0.612691259749516,0.5465406051992657,CORRECTED_MODERN
facebook__buck,20,21,0.7073708273850849,0.6407118577528804,CORRECTED_MODERN
facebook__buck,20,22,0.7180708653614676,0.657880194978819,CORRECTED_MODERN
facebook__buck,20,23,0.7172772053679879,0.6578209305623474,CORRECTED_MODERN
facebook__buck,20,24,0.5876400634422156,0.5324384464679229,CORRECTED_MODERN
facebook__buck,20,25,0.6169357892942681,0.587617518410833,CORRECTED_MODERN
facebook__buck,20,26,0.7211500298541816,0.6720805989746508,CORRECTED_MODERN
facebook__buck,20,27,0.7833739164730169,0.6878047253371057,CORRECTED_MODERN
facebook__buck,20,28,0.7271992329204083,0.6846565545511154,CORRECTED_MODERN
facebook__buck,20,29,0.6665699791329277,0.6373853369613413,CORRECTED_MODERN
facebook__buck,20,30,0.808400492373797,0.7052917510285938,CORRECTED_MODERN
facebook__buck,25,1,0.6292957614888517,0.6173392404631483,CORRECTED_MODERN
facebook__buck,25,2,0.681253161062995,0.5817638700761714,CORRECTED_MODERN
facebook__buck,25,3,0.7007604085411855,0.6047949433318347,CORRECTED_MODERN
facebook__buck,25,4,0.6318948795739786,0.5500785076349325,CORRECTED_MODERN
facebook__buck,25,5,0.6108007867270139,0.5751388159998149,CORRECTED_MODERN
facebook__buck,25,6,0.717535904918069,0.6227062221133054,CORRECTED_MODERN
facebook__buck,25,7,0.6253278329083349,0.5696257247488726,CORRECTED_MODERN
facebook__buck,25,8,0.682073189190082,0.6319136794861137,CORRECTED_MODERN
facebook__buck,25,9,0.6507567616220404,0.6115130936477046,CORRECTED_MODERN
facebook__buck,25,10,0.7530883140330361,0.672900093160987,CORRECTED_MODERN
facebook__buck,25,11,0.5978866343862074,0.5339706158917457,CORRECTED_MODERN
facebook__buck,25,12,0.7860145233208371,0.6653683126036913,CORRECTED_MODERN
facebook__buck,25,13,0.6788148657605628,0.6452097996389885,CORRECTED_MODERN
facebook__buck,25,14,0.741452760454135,0.7207208821116924,CORRECTED_MODERN
facebook__buck,25,15,0.6925205762179762,0.6615495649616551,CORRECTED_MODERN
facebook__buck,25,16,0.6025682820171011,0.572218154629186,CORRECTED_MODERN
facebook__buck,25,17,0.8287343958925864,0.739216568332228,CORRECTED_MODERN
facebook__buck,25,18,0.7951938525342465,0.7141151999046083,CORRECTED_MODERN
facebook__buck,25,19,0.6552178331621966,0.5595759950463635,CORRECTED_MODERN
facebook__buck,25,20,0.6123905817815132,0.5449682920927724,CORRECTED_MODERN
facebook__buck,25,21,0.7251755754447574,0.649717804895731,CORRECTED_MODERN
facebook__buck,25,22,0.6851638724471277,0.6291506146533388,CORRECTED_MODERN
facebook__buck,25,23,0.6828910371956886,0.6154810170375777,CORRECTED_MODERN
facebook__buck,25,24,0.6858497694068851,0.6725721482894015,CORRECTED_MODERN
facebook__buck,25,25,0.5741487314616132,0.5391965617445872,CORRECTED_MODERN
facebook__buck,25,26,0.7069624770119539,0.6542830181250999,CORRECTED_MODERN
facebook__buck,25,27,0.7455114704781652,0.6767309351280668,CORRECTED_MODERN
facebook__buck,25,28,0.7169110117560874,0.6771923407191922,CORRECTED_MODERN
facebook__buck,25,29,0.6362013682698261,0.6075192015589345,CORRECTED_MODERN
facebook__buck,25,30,0.7947304898011044,0.6750728336418449,CORRECTED_MODERN
facebook__buck,30,1,0.5962495550557554,0.6011152216905412,CORRECTED_MODERN
facebook__buck,30,2,0.649432053590354,0.5639922926089256,CORRECTED_MODERN
facebook__buck,30,3,0.6869993094133029,0.6004744245213531,CORRECTED_MODERN
facebook__buck,30,4,0.6550439664529843,0.5851845527706897,CORRECTED_MODERN
facebook__buck,30,5,0.6121832597121829,0.5866781264545728,CORRECTED_MODERN
facebook__buck,30,6,0.7957664782349978,0.6903762960253497,CORRECTED_MODERN
facebook__buck,30,7,0.6097693315641236,0.5676492181664147,CORRECTED_MODERN
facebook__buck,30,8,0.6599041141792671,0.617236088559019,CORRECTED_MODERN
facebook__buck,30,9,0.6220935001662377,0.5730989176735672,CORRECTED_MODERN
facebook__buck,30,10,0.7272604479890585,0.6641055205673825,CORRECTED_MODERN
facebook__buck,30,11,0.6157549490698385,0.5445575037133582,CORRECTED_MODERN
facebook__buck,30,12,0.7755898331393596,0.6614911070889101,CORRECTED_MODERN
facebook__buck,30,13,0.6644300740877077,0.6304064667198966,CORRECTED_MODERN
facebook__buck,30,14,0.7215700872781994,0.6940821885175579,CORRECTED_MODERN
facebook__buck,30,15,0.6671161546877374,0.6322030981085428,CORRECTED_MODERN
facebook__buck,30,16,0.681506656212763,0.6272263131017449,CORRECTED_MODERN
facebook__buck,30,17,0.8280199171095612,0.7179571615244001,CORRECTED_MODERN
facebook__buck,30,18,0.7796506327898902,0.6888960426916301,CORRECTED_MODERN
facebook__buck,30,19,0.6574635276243633,0.5717975655733635,CORRECTED_MODERN
facebook__buck,30,20,0.6114243270675639,0.5104206345402417,CORRECTED_MODERN
facebook__buck,30,21,0.6997534602350486,0.6180771161683589,CORRECTED_MODERN
facebook__buck,30,22,0.6634992335982239,0.6248544063919762,CORRECTED_MODERN
facebook__buck,30,23,0.6935180314996667,0.615330442800371,CORRECTED_MODERN
facebook__buck,30,24,0.6529906954825565,0.6421585174385146,CORRECTED_MODERN
facebook__buck,30,25,0.5447295417471253,0.5257279063354888,CORRECTED_MODERN
facebook__buck,30,26,0.7302655090533363,0.6700876356422452,CORRECTED_MODERN
facebook__buck,30,27,0.7730758514345418,0.693700753875857,CORRECTED_MODERN
facebook__buck,30,28,0.674201068604271,0.6375772672266168,CORRECTED_MODERN
facebook__buck,30,29,0.6039342146569966,0.5712513330230559,CORRECTED_MODERN
facebook__buck,30,30,0.7630132304393803,0.6514471204710349,CORRECTED_MODERN
facebook__buck,40,1,0.5752571996298153,0.5462552177115828,CORRECTED_MODERN
facebook__buck,40,2,0.6344799417617928,0.5460919510596856,CORRECTED_MODERN
facebook__buck,40,3,0.6915131337302146,0.5958222466824873,CORRECTED_MODERN
facebook__buck,40,4,0.6442140127093822,0.5572720469756731,CORRECTED_MODERN
facebook__buck,40,5,0.6469102594737816,0.595334246472387,CORRECTED_MODERN
facebook__buck,40,6,0.7990637337811234,0.7130940509945783,CORRECTED_MODERN
facebook__buck,40,7,0.5526133134691927,0.53270219364889,CORRECTED_MODERN
facebook__buck,40,8,0.6436563589063379,0.6043613343171137,CORRECTED_MODERN
facebook__buck,40,9,0.649449732315145,0.5591951829994669,CORRECTED_MODERN
facebook__buck,40,10,0.7384268545396263,0.6639674623586515,CORRECTED_MODERN
facebook__buck,40,11,0.609395931878067,0.5564750462159644,CORRECTED_MODERN
facebook__buck,40,12,0.7328630591777632,0.6294060503345705,CORRECTED_MODERN
facebook__buck,40,13,0.6781832267388592,0.6594616923895148,CORRECTED_MODERN
facebook__buck,40,14,0.7055465970989242,0.6714244630409054,CORRECTED_MODERN
facebook__buck,40,15,0.6945740326260567,0.6724869947419938,CORRECTED_MODERN
facebook__buck,40,16,0.6487180944982078,0.5929795880964076,CORRECTED_MODERN
facebook__buck,40,17,0.8253202441477797,0.6803529832112254,CORRECTED_MODERN
facebook__buck,40,18,0.79345851383878,0.6771036749901146,CORRECTED_MODERN
facebook__buck,40,19,0.6851120487310579,0.5952478554871428,CORRECTED_MODERN
facebook__buck,40,20,0.6322848963655224,0.5309246816021506,CORRECTED_MODERN
facebook__buck,40,21,0.6666524172282843,0.5701642573701448,CORRECTED_MODERN
facebook__buck,40,22,0.6273526778793875,0.6214094779312066,CORRECTED_MODERN
facebook__buck,40,23,0.6397318843077541,0.5634551770935805,CORRECTED_MODERN
facebook__buck,40,24,0.5888968424517734,0.5422851202151315,CORRECTED_MODERN
facebook__buck,40,25,0.5624459905965508,0.53125732580619,CORRECTED_MODERN
facebook__buck,40,26,0.7385222036651875,0.6633256576526588,CORRECTED_MODERN
facebook__buck,40,27,0.7512870591130903,0.6824242147924657,CORRECTED_MODERN
facebook__buck,40,28,0.6086592902801086,0.5761250177729794,CORRECTED_MODERN
facebook__buck,40,29,0.774530863709168,0.7102732705915759,CORRECTED_MODERN
facebook__buck,40,30,0.7150612608733683,0.6301066025301318,CORRECTED_MODERN
facebook__buck,50,1,0.5382215183850322,0.5216930454577854,CORRECTED_MODERN
facebook__buck,50,2,0.646398690955926,0.5258522277012235,CORRECTED_MODERN
facebook__buck,50,3,0.7567210921375598,0.6287834985063913,CORRECTED_MODERN
facebook__buck,50,4,0.5934656174952123,0.4850828230637545,CORRECTED_MODERN
facebook__buck,50,5,0.6047589090840984,0.5663930488626766,CORRECTED_MODERN
facebook__buck,50,6,0.7686675750660683,0.6783175093841682,CORRECTED_MODERN
facebook__buck,50,7,0.60454205016591,0.5645552352979298,CORRECTED_MODERN
facebook__buck,50,8,0.6735240332604706,0.6037561546000002,CORRECTED_MODERN
facebook__buck,50,9,0.6408657371241328,0.5706208597775669,CORRECTED_MODERN
facebook__buck,50,10,0.7918703411541675,0.6877749809156481,CORRECTED_MODERN
facebook__buck,50,11,0.5919135542194354,0.5245063688627732,CORRECTED_MODERN
facebook__buck,50,12,0.7892921354601329,0.6776128606882109,CORRECTED_MODERN
facebook__buck,50,13,0.6640141627447768,0.6262832880703798,CORRECTED_MODERN
facebook__buck,50,14,0.6988282337618638,0.6491256239663272,CORRECTED_MODERN
facebook__buck,50,15,0.6800765295534094,0.6651988133361341,CORRECTED_MODERN
facebook__buck,50,16,0.6602418830501415,0.5859720096785429,CORRECTED_MODERN
facebook__buck,50,17,0.7970264879393224,0.6748465226039373,CORRECTED_MODERN
facebook__buck,50,18,0.7563541840267739,0.6310204574402787,CORRECTED_MODERN
facebook__buck,50,19,0.6671287141534918,0.5917293539745261,CORRECTED_MODERN
facebook__buck,50,20,0.6070077658975727,0.5168964684177765,CORRECTED_MODERN
facebook__buck,50,21,0.7032063991767369,0.6019199245957141,CORRECTED_MODERN
facebook__buck,50,22,0.7121448078154742,0.6442664560515328,CORRECTED_MODERN
facebook__buck,50,23,0.6388957336759493,0.5710305815352376,CORRECTED_MODERN
facebook__buck,50,24,0.5679055061989612,0.5263153280751305,CORRECTED_MODERN
facebook__buck,50,25,0.5168997205680896,0.5142178572593189,CORRECTED_MODERN
facebook__buck,50,26,0.7199687532351808,0.6498594085548751,CORRECTED_MODERN
facebook__buck,50,27,0.7071440568560364,0.6325031883849717,CORRECTED_MODERN
facebook__buck,50,28,0.556779177889542,0.5185943866578009,CORRECTED_MODERN
facebook__buck,50,29,0.7381056223735071,0.6665298768683863,CORRECTED_MODERN
facebook__buck,50,30,0.6697075123734847,0.5929068481527217,CORRECTED_MODERN
jcabi__jcabi-github,0,1,0.9468735579141672,0.947808494059419,CORRECTED_MODERN
jcabi__jcabi-github,0,2,0.9468735579141672,0.947808494059419,CORRECTED_MODERN
jcabi__jcabi-github,0,3,0.9468735579141672,0.947808494059419,CORRECTED_MODERN
jcabi__jcabi-github,0,4,0.9468735579141672,0.947808494059419,CORRECTED_MODERN
jcabi__jcabi-github,0,5,0.9468735579141672,0.947808494059419,CORRECTED_MODERN
jcabi__jcabi-github,0,6,0.9468735579141672,0.947808494059419,CORRECTED_MODERN
jcabi__jcabi-github,0,7,0.9468735579141672,0.947808494059419,CORRECTED_MODERN
jcabi__jcabi-github,0,8,0.9468735579141672,0.947808494059419,CORRECTED_MODERN
jcabi__jcabi-github,0,9,0.9468735579141672,0.947808494059419,CORRECTED_MODERN
jcabi__jcabi-github,0,10,0.9468735579141672,0.947808494059419,CORRECTED_MODERN
jcabi__jcabi-github,0,11,0.9468735579141672,0.947808494059419,CORRECTED_MODERN
jcabi__jcabi-github,0,12,0.9468735579141672,0.947808494059419,CORRECTED_MODERN
jcabi__jcabi-github,0,13,0.9468735579141672,0.947808494059419,CORRECTED_MODERN
jcabi__jcabi-github,0,14,0.9468735579141672,0.947808494059419,CORRECTED_MODERN
jcabi__jcabi-github,0,15,0.9468735579141672,0.947808494059419,CORRECTED_MODERN
jcabi__jcabi-github,0,16,0.9468735579141672,0.947808494059419,CORRECTED_MODERN
jcabi__jcabi-github,0,17,0.9468735579141672,0.947808494059419,CORRECTED_MODERN
jcabi__jcabi-github,0,18,0.9468735579141672,0.947808494059419,CORRECTED_MODERN
jcabi__jcabi-github,0,19,0.9468735579141672,0.947808494059419,CORRECTED_MODERN
jcabi__jcabi-github,0,20,0.9468735579141672,0.947808494059419,CORRECTED_MODERN
jcabi__jcabi-github,0,21,0.9468735579141672,0.947808494059419,CORRECTED_MODERN
jcabi__jcabi-github,0,22,0.9468735579141672,0.947808494059419,CORRECTED_MODERN
jcabi__jcabi-github,0,23,0.9468735579141672,0.947808494059419,CORRECTED_MODERN
jcabi__jcabi-github,0,24,0.9468735579141672,0.947808494059419,CORRECTED_MODERN
jcabi__jcabi-github,0,25,0.9468735579141672,0.947808494059419,CORRECTED_MODERN
jcabi__jcabi-github,0,26,0.9468735579141672,0.947808494059419,CORRECTED_MODERN
jcabi__jcabi-github,0,27,0.9468735579141672,0.947808494059419,CORRECTED_MODERN
jcabi__jcabi-github,0,28,0.9468735579141672,0.947808494059419,CORRECTED_MODERN
jcabi__jcabi-github,0,29,0.9468735579141672,0.947808494059419,CORRECTED_MODERN
jcabi__jcabi-github,0,30,0.9468735579141672,0.947808494059419,CORRECTED_MODERN
jcabi__jcabi-github,5,1,0.9332602676511308,0.934349662956264,CORRECTED_MODERN
jcabi__jcabi-github,5,2,0.940124596215967,0.9425613382061696,CORRECTED_MODERN
jcabi__jcabi-github,5,3,0.9397208121827414,0.942806575254373,CORRECTED_MODERN
jcabi__jcabi-github,5,4,0.9511998154130136,0.9524924616628624,CORRECTED_MODERN
jcabi__jcabi-github,5,5,0.934240886017536,0.937024779088715,CORRECTED_MODERN
jcabi__jcabi-github,5,6,0.9477964928472544,0.9499213494316372,CORRECTED_MODERN
jcabi__jcabi-github,5,7,0.9474503922473468,0.9521032163856288,CORRECTED_MODERN
jcabi__jcabi-github,5,8,0.9339524688509464,0.9348137911009768,CORRECTED_MODERN
jcabi__jcabi-github,5,9,0.9476811259806188,0.9493045858364554,CORRECTED_MODERN
jcabi__jcabi-github,5,10,0.9513151822796496,0.9528344625248386,CORRECTED_MODERN
jcabi__jcabi-github,5,11,0.9533917858790956,0.9550136674164044,CORRECTED_MODERN
jcabi__jcabi-github,5,12,0.937874942316567,0.9352123605014636,CORRECTED_MODERN
jcabi__jcabi-github,5,13,0.9477388094139364,0.9484039157445536,CORRECTED_MODERN
jcabi__jcabi-github,5,14,0.9384517766497464,0.937110716685646,CORRECTED_MODERN
jcabi__jcabi-github,5,15,0.9546608214120909,0.9560739398419228,CORRECTED_MODERN
jcabi__jcabi-github,5,16,0.9386825103830184,0.9407364717604736,CORRECTED_MODERN
jcabi__jcabi-github,5,17,0.9372404245500694,0.9373264277721376,CORRECTED_MODERN
jcabi__jcabi-github,5,18,0.950680664513152,0.9519948693153364,CORRECTED_MODERN
jcabi__jcabi-github,5,19,0.9443354868481774,0.9459315903560124,CORRECTED_MODERN
jcabi__jcabi-github,5,20,0.9501615136132904,0.9531630068880024,CORRECTED_MODERN
jcabi__jcabi-github,5,21,0.9372404245500696,0.939359426547142,CORRECTED_MODERN
jcabi__jcabi-github,5,22,0.9451430549146288,0.9441811118976422,CORRECTED_MODERN
jcabi__jcabi-github,5,23,0.9468735579141672,0.949361105295427,CORRECTED_MODERN
jcabi__jcabi-github,5,24,0.9458352561144442,0.9452034524602716,CORRECTED_MODERN
jcabi__jcabi-github,5,25,0.9441047531149056,0.9437158518605372,CORRECTED_MODERN
jcabi__jcabi-github,5,26,0.9532187355791418,0.954444490059421,CORRECTED_MODERN
jcabi__jcabi-github,5,27,0.9333756345177668,0.933411085818874,CORRECTED_MODERN
jcabi__jcabi-github,5,28,0.9420281495154594,0.9434688392789942,CORRECTED_MODERN
jcabi__jcabi-github,5,29,0.9368366405168438,0.93684846682531,CORRECTED_MODERN
jcabi__jcabi-github,5,30,0.9320489155514536,0.9323740725311108,CORRECTED_MODERN
jcabi__jcabi-github,10,1,0.9349330872173516,0.9324534137986962,CORRECTED_MODERN
jcabi__jcabi-github,10,2,0.9480849100138442,0.9516519866981722,CORRECTED_MODERN
jcabi__jcabi-github,10,3,0.9418550992155056,0.9444062085569468,CORRECTED_MODERN
jcabi__jcabi-github,10,4,0.950853714813106,0.9529417572256612,CORRECTED_MODERN
jcabi__jcabi-github,10,5,0.9250692201199818,0.9290447906090392,CORRECTED_MODERN
jcabi__jcabi-github,10,6,0.9388555606829722,0.9414781977580288,CORRECTED_MODERN
jcabi__jcabi-github,10,7,0.9370673742501155,0.93951371349697,CORRECTED_MODERN
jcabi__jcabi-github,10,8,0.9468735579141672,0.947072579175638,CORRECTED_MODERN
jcabi__jcabi-github,10,9,0.9393170281495156,0.9420800354411428,CORRECTED_MODERN
jcabi__jcabi-github,10,10,0.943931702814952,0.9458860705486344,CORRECTED_MODERN
jcabi__jcabi-github,10,11,0.952007383479465,0.9545917284076808,CORRECTED_MODERN
jcabi__jcabi-github,10,12,0.9296262113521,0.927863281590274,CORRECTED_MODERN
jcabi__jcabi-github,10,13,0.9391439778495616,0.9396285057955116,CORRECTED_MODERN
jcabi__jcabi-github,10,14,0.9296262113521,0.9321551696842676,CORRECTED_MODERN
jcabi__jcabi-github,10,15,0.9502768804799264,0.9536227440698948,CORRECTED_MODERN
jcabi__jcabi-github,10,16,0.9430664513151824,0.9460965866906224,CORRECTED_MODERN
jcabi__jcabi-github,10,17,0.9331449007844947,0.9332402877921858,CORRECTED_MODERN
jcabi__jcabi-github,10,18,0.9438740193816336,0.9457110758274284,CORRECTED_MODERN
jcabi__jcabi-github,10,19,0.9369520073834798,0.9371660765073708,CORRECTED_MODERN
jcabi__jcabi-github,10,20,0.9380479926165208,0.9405529511745848,CORRECTED_MODERN
jcabi__jcabi-github,10,21,0.9443931702814954,0.9480246153422648,CORRECTED_MODERN
jcabi__jcabi-github,10,22,0.9358560221504386,0.9393292386842926,CORRECTED_MODERN
jcabi__jcabi-github,10,23,0.9363174896169822,0.9406639746393136,CORRECTED_MODERN
jcabi__jcabi-github,10,24,0.9379903091832028,0.9388852795515532,CORRECTED_MODERN
jcabi__jcabi-github,10,25,0.9452584217812646,0.944507898458891,CORRECTED_MODERN
jcabi__jcabi-github,10,26,0.9470466082141212,0.9487902426690318,CORRECTED_MODERN
jcabi__jcabi-github,10,27,0.9361444393170284,0.9367772991176916,CORRECTED_MODERN
jcabi__jcabi-github,10,28,0.9392593447161978,0.9383400033775536,CORRECTED_MODERN
jcabi__jcabi-github,10,29,0.9353945546838952,0.935948731253303,CORRECTED_MODERN
jcabi__jcabi-github,10,30,0.9325103830179974,0.9356708637042218,CORRECTED_MODERN
jcabi__jcabi-github,15,1,0.9441047531149056,0.9440329809903596,CORRECTED_MODERN
jcabi__jcabi-github,15,2,0.9432395016151364,0.9459374482192466,CORRECTED_MODERN
jcabi__jcabi-github,15,3,0.9325680664513154,0.9342841080284792,CORRECTED_MODERN
jcabi__jcabi-github,15,4,0.9565643747115832,0.9590147857318854,CORRECTED_MODERN
jcabi__jcabi-github,15,5,0.9218966312874944,0.9288660253597408,CORRECTED_MODERN
jcabi__jcabi-github,15,6,0.9422011998154132,0.940508653865674,CORRECTED_MODERN
jcabi__jcabi-github,15,7,0.9304914628518692,0.9321200083347162,CORRECTED_MODERN
jcabi__jcabi-github,15,8,0.943527918781726,0.9437577850187906,CORRECTED_MODERN
jcabi__jcabi-github,15,9,0.9313567143516384,0.9339004048454352,CORRECTED_MODERN
jcabi__jcabi-github,15,10,0.9448546377480388,0.9471730504009164,CORRECTED_MODERN
jcabi__jcabi-github,15,11,0.9486617443470238,0.9484742042537236,CORRECTED_MODERN
jcabi__jcabi-github,15,12,0.9261652053530228,0.9229490213356066,CORRECTED_MODERN
jcabi__jcabi-github,15,13,0.9297415782187358,0.9303183365355548,CORRECTED_MODERN
jcabi__jcabi-github,15,14,0.9459506229810802,0.9455971150125246,CORRECTED_MODERN
jcabi__jcabi-github,15,15,0.9514305491462856,0.9534160716251424,CORRECTED_MODERN
jcabi__jcabi-github,15,16,0.937701892016613,0.9390629855129314,CORRECTED_MODERN
jcabi__jcabi-github,15,17,0.9300299953853256,0.9301396768044018,CORRECTED_MODERN
jcabi__jcabi-github,15,18,0.9349907706506694,0.9374202913934142,CORRECTED_MODERN
jcabi__jcabi-github,15,19,0.9299723119520076,0.9313039445954464,CORRECTED_MODERN
jcabi__jcabi-github,15,20,0.9326834333179512,0.9343317195832914,CORRECTED_MODERN
jcabi__jcabi-github,15,21,0.9408167974157824,0.9422005090299028,CORRECTED_MODERN
jcabi__jcabi-github,15,22,0.9446815874480852,0.9459911431836832,CORRECTED_MODERN
jcabi__jcabi-github,15,23,0.9497577295800648,0.9525774849259512,CORRECTED_MODERN
jcabi__jcabi-github,15,24,0.9327988001845872,0.9333324661306516,CORRECTED_MODERN
jcabi__jcabi-github,15,25,0.9380479926165208,0.9358448195004933,CORRECTED_MODERN
jcabi__jcabi-github,15,26,0.94145131518228,0.942946404830546,CORRECTED_MODERN
jcabi__jcabi-github,15,27,0.9471619750807572,0.9478143961403082,CORRECTED_MODERN
jcabi__jcabi-github,15,28,0.9445662205814492,0.9431236373224184,CORRECTED_MODERN
jcabi__jcabi-github,15,29,0.933029533917859,0.9334160669411232,CORRECTED_MODERN
jcabi__jcabi-github,15,30,0.9281264420858332,0.9293956029927029,CORRECTED_MODERN
jcabi__jcabi-github,20,1,0.940009229349331,0.9404106615586856,CORRECTED_MODERN
jcabi__jcabi-github,20,2,0.9422011998154132,0.9434768998362628,CORRECTED_MODERN
jcabi__jcabi-github,20,3,0.9284725426857408,0.9289953806075868,CORRECTED_MODERN
jcabi__jcabi-github,20,4,0.9540263036455932,0.9575192620583034,CORRECTED_MODERN
jcabi__jcabi-github,20,5,0.9172819566220582,0.9221052047347256,CORRECTED_MODERN
jcabi__jcabi-github,20,6,0.9371250576834336,0.9371460926117078,CORRECTED_MODERN
jcabi__jcabi-github,20,7,0.9307798800184588,0.9302019167361704,CORRECTED_MODERN
jcabi__jcabi-github,20,8,0.9405283802491928,0.9416519063703932,CORRECTED_MODERN
jcabi__jcabi-github,20,9,0.9191855099215508,0.9192960116197408,CORRECTED_MODERN
jcabi__jcabi-github,20,10,0.9394323950161516,0.94143821313486,CORRECTED_MODERN
jcabi__jcabi-github,20,11,0.9458352561144442,0.9449605758931968,CORRECTED_MODERN
jcabi__jcabi-github,20,12,0.9349330872173514,0.9313551017852156,CORRECTED_MODERN
jcabi__jcabi-github,20,13,0.9444508537148134,0.94287564410316,CORRECTED_MODERN
jcabi__jcabi-github,20,14,0.9503922473465622,0.9506862237370632,CORRECTED_MODERN
jcabi__jcabi-github,20,15,0.9564490078449472,0.9581305318175491,CORRECTED_MODERN
jcabi__jcabi-github,20,16,0.9357983387171206,0.93466064856148,CORRECTED_MODERN
jcabi__jcabi-github,20,17,0.9267420396862024,0.9269231968912676,CORRECTED_MODERN
jcabi__jcabi-github,20,18,0.9317604983848642,0.934047929396148,CORRECTED_MODERN
jcabi__jcabi-github,20,19,0.9369520073834798,0.9383317111639726,CORRECTED_MODERN
jcabi__jcabi-github,20,20,0.9399515459160132,0.9400130366892888,CORRECTED_MODERN
jcabi__jcabi-github,20,21,0.9371250576834336,0.9386163588507151,CORRECTED_MODERN
jcabi__jcabi-github,20,22,0.9413936317489618,0.9424765713493088,CORRECTED_MODERN
jcabi__jcabi-github,20,23,0.9494116289801572,0.9508564888133167,CORRECTED_MODERN
jcabi__jcabi-github,20,24,0.9487194277803416,0.9486794852198602,CORRECTED_MODERN
jcabi__jcabi-github,20,25,0.9373557914167052,0.9345140153146884,CORRECTED_MODERN
jcabi__jcabi-github,20,26,0.9363174896169824,0.9355876358184824,CORRECTED_MODERN
jcabi__jcabi-github,20,27,0.9446239040147671,0.944449979539712,CORRECTED_MODERN
jcabi__jcabi-github,20,28,0.941220581449008,0.9405177980997934,CORRECTED_MODERN
jcabi__jcabi-github,20,29,0.9287609598523306,0.9300785734602776,CORRECTED_MODERN
jcabi__jcabi-github,20,30,0.9299146285186896,0.93303215453323,CORRECTED_MODERN
jcabi__jcabi-github,25,1,0.9364328564836182,0.9386616141901624,CORRECTED_MODERN
jcabi__jcabi-github,25,2,0.9396631287494234,0.940592910477136,CORRECTED_MODERN
jcabi__jcabi-github,25,3,0.937874942316567,0.9360724453901575,CORRECTED_MODERN
jcabi__jcabi-github,25,4,0.9509113982464238,0.9547194266536996,CORRECTED_MODERN
jcabi__jcabi-github,25,5,0.9228195662205816,0.9249187821094388,CORRECTED_MODERN
jcabi__jcabi-github,25,6,0.936432856483618,0.93826620836872,CORRECTED_MODERN
jcabi__jcabi-github,25,7,0.9336640516843564,0.93414651069006,CORRECTED_MODERN
jcabi__jcabi-github,25,8,0.9430664513151824,0.9444402750911732,CORRECTED_MODERN
jcabi__jcabi-github,25,9,0.9298569450853716,0.9287798181326836,CORRECTED_MODERN
jcabi__jcabi-github,25,10,0.9357406552838028,0.9365330377383068,CORRECTED_MODERN
jcabi__jcabi-github,25,11,0.9416820489155516,0.93968976494276,CORRECTED_MODERN
jcabi__jcabi-github,25,12,0.9407591139824644,0.9393725115716576,CORRECTED_MODERN
jcabi__jcabi-github,25,13,0.939143977849562,0.9378877438662848,CORRECTED_MODERN
jcabi__jcabi-github,25,14,0.9499884633133366,0.950901249885341,CORRECTED_MODERN
jcabi__jcabi-github,25,15,0.9548338717120444,0.9553517556844584,CORRECTED_MODERN
jcabi__jcabi-github,25,16,0.933029533917859,0.932375336848412,CORRECTED_MODERN
jcabi__jcabi-github,25,17,0.9243770189201664,0.9259540004089204,CORRECTED_MODERN
jcabi__jcabi-github,25,18,0.9329141670512232,0.9365936626665065,CORRECTED_MODERN
jcabi__jcabi-github,25,19,0.9472196585140752,0.9476584282095564,CORRECTED_MODERN
jcabi__jcabi-github,25,20,0.9486040609137056,0.9487593384780304,CORRECTED_MODERN
jcabi__jcabi-github,25,21,0.9333756345177668,0.9319341295840968,CORRECTED_MODERN
jcabi__jcabi-github,25,22,0.9382210429164748,0.9384776693241914,CORRECTED_MODERN
jcabi__jcabi-github,25,23,0.9469889247808032,0.9484249930214332,CORRECTED_MODERN
jcabi__jcabi-github,25,24,0.9467581910475314,0.947664145222073,CORRECTED_MODERN
jcabi__jcabi-github,25,25,0.9415666820489156,0.9410216880244076,CORRECTED_MODERN
jcabi__jcabi-github,25,26,0.9428934010152288,0.939541580510851,CORRECTED_MODERN
jcabi__jcabi-github,25,27,0.9423742501153672,0.9426934571491828,CORRECTED_MODERN
jcabi__jcabi-github,25,28,0.9364905399169362,0.9366216228911431,CORRECTED_MODERN
jcabi__jcabi-github,25,29,0.9421435163820951,0.9407251113648664,CORRECTED_MODERN
jcabi__jcabi-github,25,30,0.930895246885095,0.9311261520684936,CORRECTED_MODERN
jcabi__jcabi-github,30,1,0.9360867558837104,0.939544239871456,CORRECTED_MODERN
jcabi__jcabi-github,30,2,0.936721273650208,0.9359805051105382,CORRECTED_MODERN
jcabi__jcabi-github,30,3,0.9358560221504388,0.93449066804674,CORRECTED_MODERN
jcabi__jcabi-github,30,4,0.9541416705122292,0.9565735526445048,CORRECTED_MODERN
jcabi__jcabi-github,30,5,0.9345293031841256,0.933957705513752,CORRECTED_MODERN
jcabi__jcabi-github,30,6,0.9325680664513156,0.9343201724322708,CORRECTED_MODERN
jcabi__jcabi-github,30,7,0.9312413474850024,0.9325220149480704,CORRECTED_MODERN
jcabi__jcabi-github,30,8,0.9499884633133366,0.9506719971158142,CORRECTED_MODERN
jcabi__jcabi-github,30,9,0.927318874019382,0.9255842686605684,CORRECTED_MODERN
jcabi__jcabi-github,30,10,0.9381056760498386,0.939128866975804,CORRECTED_MODERN
jcabi__jcabi-github,30,11,0.9372981079833874,0.9350193080698904,CORRECTED_MODERN
jcabi__jcabi-github,30,12,0.9371827411167516,0.9358196826505232,CORRECTED_MODERN
jcabi__jcabi-github,30,13,0.9466428241808956,0.9475083491131232,CORRECTED_MODERN
jcabi__jcabi-github,30,14,0.9559875403784036,0.9576983698392616,CORRECTED_MODERN
jcabi__jcabi-github,30,15,0.9537955699123214,0.9522406384956992,CORRECTED_MODERN
jcabi__jcabi-github,30,16,0.9310682971850488,0.9310978893875465,CORRECTED_MODERN
jcabi__jcabi-github,30,17,0.9231656668204894,0.925052034098368,CORRECTED_MODERN
jcabi__jcabi-github,30,18,0.9296262113521,0.9306503486600896,CORRECTED_MODERN
jcabi__jcabi-github,30,19,0.9494116289801572,0.9513090118493644,CORRECTED_MODERN
jcabi__jcabi-github,30,20,0.9485463774803878,0.9491871720565068,CORRECTED_MODERN
jcabi__jcabi-github,30,21,0.9329141670512232,0.9332899083289216,CORRECTED_MODERN
jcabi__jcabi-github,30,22,0.9378172588832488,0.9400670921484968,CORRECTED_MODERN
jcabi__jcabi-github,30,23,0.9428357175819108,0.9455631163913892,CORRECTED_MODERN
jcabi__jcabi-github,30,24,0.9446815874480852,0.9452921248559378,CORRECTED_MODERN
jcabi__jcabi-github,30,25,0.9397208121827414,0.9388377312351184,CORRECTED_MODERN
jcabi__jcabi-github,30,26,0.9383364097831106,0.9373627434596292,CORRECTED_MODERN
jcabi__jcabi-github,30,27,0.9486040609137056,0.949345224189526,CORRECTED_MODERN
jcabi__jcabi-github,30,28,0.9402976465159208,0.939276567753502,CORRECTED_MODERN
jcabi__jcabi-github,30,29,0.9386825103830184,0.9370879732307128,CORRECTED_MODERN
jcabi__jcabi-github,30,30,0.9345293031841256,0.9321064294345336,CORRECTED_MODERN
jcabi__jcabi-github,40,1,0.9345869866174435,0.9397409814239756,CORRECTED_MODERN
jcabi__jcabi-github,40,2,0.9367789570835258,0.9385645880145692,CORRECTED_MODERN
jcabi__jcabi-github,40,3,0.9266266728195665,0.925572268170697,CORRECTED_MODERN
jcabi__jcabi-github,40,4,0.9522958006460546,0.9550798594288524,CORRECTED_MODERN
jcabi__jcabi-github,40,5,0.9346446700507616,0.9337676081674516,CORRECTED_MODERN
jcabi__jcabi-github,40,6,0.9428934010152288,0.9436269921543524,CORRECTED_MODERN
jcabi__jcabi-github,40,7,0.9246654360867562,0.924494796891203,CORRECTED_MODERN
jcabi__jcabi-github,40,8,0.9472196585140752,0.9474990122405956,CORRECTED_MODERN
jcabi__jcabi-github,40,9,0.9236848177203512,0.9236678461502908,CORRECTED_MODERN
jcabi__jcabi-github,40,10,0.936548223350254,0.9399813375240724,CORRECTED_MODERN
jcabi__jcabi-github,40,11,0.9238578680203048,0.9199448006572406,CORRECTED_MODERN
jcabi__jcabi-github,40,12,0.9326834333179512,0.9327728839440036,CORRECTED_MODERN
jcabi__jcabi-github,40,13,0.9426049838486388,0.9446545670254046,CORRECTED_MODERN
jcabi__jcabi-github,40,14,0.954026303645593,0.953703436558184,CORRECTED_MODERN
jcabi__jcabi-github,40,15,0.951949700046147,0.9506503445347668,CORRECTED_MODERN
jcabi__jcabi-github,40,16,0.9287609598523306,0.929085373007152,CORRECTED_MODERN
jcabi__jcabi-github,40,17,0.921377480387633,0.9224396135523132,CORRECTED_MODERN
jcabi__jcabi-github,40,18,0.9167628057221968,0.916438549808073,CORRECTED_MODERN
jcabi__jcabi-github,40,19,0.9456045223811724,0.94798185260369,CORRECTED_MODERN
jcabi__jcabi-github,40,20,0.944912321181357,0.946636958495313,CORRECTED_MODERN
jcabi__jcabi-github,40,21,0.9415666820489156,0.9427128624090024,CORRECTED_MODERN
jcabi__jcabi-github,40,22,0.934240886017536,0.9378967329488984,CORRECTED_MODERN
jcabi__jcabi-github,40,23,0.936721273650208,0.9397628287191634,CORRECTED_MODERN
jcabi__jcabi-github,40,24,0.9396054453161056,0.9399921322446172,CORRECTED_MODERN
jcabi__jcabi-github,40,25,0.9363751730503002,0.935502872980934,CORRECTED_MODERN
jcabi__jcabi-github,40,26,0.937874942316567,0.9352678835574364,CORRECTED_MODERN
jcabi__jcabi-github,40,27,0.9451430549146288,0.947169205700734,CORRECTED_MODERN
jcabi__jcabi-github,40,28,0.9374134748500232,0.9367455091220076,CORRECTED_MODERN
jcabi__jcabi-github,40,29,0.9386248269497004,0.9379850490027486,CORRECTED_MODERN
jcabi__jcabi-github,40,30,0.9487771112136596,0.9440547650937988,CORRECTED_MODERN
jcabi__jcabi-github,50,1,0.9302607291185976,0.93304559178779,CORRECTED_MODERN
jcabi__jcabi-github,50,2,0.9510267651130596,0.9520484362153052,CORRECTED_MODERN
jcabi__jcabi-github,50,3,0.9379903091832028,0.9386597197212132,CORRECTED_MODERN
jcabi__jcabi-github,50,4,0.9502191970466084,0.9528250838449756,CORRECTED_MODERN
jcabi__jcabi-github,50,5,0.935336871250577,0.931279371344067,CORRECTED_MODERN
jcabi__jcabi-github,50,6,0.939086294416244,0.9358311282512608,CORRECTED_MODERN
jcabi__jcabi-github,50,7,0.9422588832487312,0.9402972102395608,CORRECTED_MODERN
jcabi__jcabi-github,50,8,0.9514882325796034,0.950273088595468,CORRECTED_MODERN
jcabi__jcabi-github,50,9,0.922242731887402,0.922066379122633,CORRECTED_MODERN
jcabi__jcabi-github,50,10,0.9309529303184128,0.9310821799950308,CORRECTED_MODERN
jcabi__jcabi-github,50,11,0.917743424088602,0.9165217426639012,CORRECTED_MODERN
jcabi__jcabi-github,50,12,0.9370673742501154,0.9348994619346744,CORRECTED_MODERN
jcabi__jcabi-github,50,13,0.9384517766497464,0.9399935873582838,CORRECTED_MODERN
jcabi__jcabi-github,50,14,0.950565297646516,0.95112403976554,CORRECTED_MODERN
jcabi__jcabi-github,50,15,0.9489501615136136,0.94689419114087,CORRECTED_MODERN
jcabi__jcabi-github,50,16,0.9244923857868024,0.9259496957985835,CORRECTED_MODERN
jcabi__jcabi-github,50,17,0.942489616982003,0.9434486674533812,CORRECTED_MODERN
jcabi__jcabi-github,50,18,0.9348754037840332,0.9356732151022064,CORRECTED_MODERN
jcabi__jcabi-github,50,19,0.9428357175819108,0.9447785422434662,CORRECTED_MODERN
jcabi__jcabi-github,50,20,0.941335948315644,0.9419750566474346,CORRECTED_MODERN
jcabi__jcabi-github,50,21,0.937874942316567,0.93625131400761,CORRECTED_MODERN
jcabi__jcabi-github,50,22,0.9311836640516848,0.9340557738029988,CORRECTED_MODERN
jcabi__jcabi-github,50,23,0.9327988001845872,0.9351674693066662,CORRECTED_MODERN
jcabi__jcabi-github,50,24,0.9355676049838488,0.9365666250425596,CORRECTED_MODERN
jcabi__jcabi-github,50,25,0.939028610982926,0.9385408597397727,CORRECTED_MODERN
jcabi__jcabi-github,50,26,0.931760498384864,0.9309266979696852,CORRECTED_MODERN
jcabi__jcabi-github,50,27,0.9404130133825568,0.9426573284203404,CORRECTED_MODERN
jcabi__jcabi-github,50,28,0.9354522381172128,0.934255297240028,CORRECTED_MODERN
jcabi__jcabi-github,50,29,0.9344716197508076,0.9340228152263976,CORRECTED_MODERN
jcabi__jcabi-github,50,30,0.9453737886479008,0.9409942234899374,CORRECTED_MODERN
yamcs__Yamcs,0,1,0.7374270914839695,0.5625194022750566,CORRECTED_MODERN
yamcs__Yamcs,0,2,0.7374270914839695,0.5625194022750566,CORRECTED_MODERN
yamcs__Yamcs,0,3,0.7374270914839695,0.5625194022750566,CORRECTED_MODERN
yamcs__Yamcs,0,4,0.7374270914839695,0.5625194022750566,CORRECTED_MODERN
yamcs__Yamcs,0,5,0.7374270914839695,0.5625194022750566,CORRECTED_MODERN
yamcs__Yamcs,0,6,0.7374270914839695,0.5625194022750566,CORRECTED_MODERN
yamcs__Yamcs,0,7,0.7374270914839695,0.5625194022750566,CORRECTED_MODERN
yamcs__Yamcs,0,8,0.7374270914839695,0.5625194022750566,CORRECTED_MODERN
yamcs__Yamcs,0,9,0.7374270914839695,0.5625194022750566,CORRECTED_MODERN
yamcs__Yamcs,0,10,0.7374270914839695,0.5625194022750566,CORRECTED_MODERN
yamcs__Yamcs,0,11,0.7374270914839695,0.5625194022750566,CORRECTED_MODERN
yamcs__Yamcs,0,12,0.7374270914839695,0.5625194022750566,CORRECTED_MODERN
yamcs__Yamcs,0,13,0.7374270914839695,0.5625194022750566,CORRECTED_MODERN
yamcs__Yamcs,0,14,0.7374270914839695,0.5625194022750566,CORRECTED_MODERN
yamcs__Yamcs,0,15,0.7374270914839695,0.5625194022750566,CORRECTED_MODERN
yamcs__Yamcs,0,16,0.7374270914839695,0.5625194022750566,CORRECTED_MODERN
yamcs__Yamcs,0,17,0.7374270914839695,0.5625194022750566,CORRECTED_MODERN
yamcs__Yamcs,0,18,0.7374270914839695,0.5625194022750566,CORRECTED_MODERN
yamcs__Yamcs,0,19,0.7374270914839695,0.5625194022750566,CORRECTED_MODERN
yamcs__Yamcs,0,20,0.7374270914839695,0.5625194022750566,CORRECTED_MODERN
yamcs__Yamcs,0,21,0.7374270914839695,0.5625194022750566,CORRECTED_MODERN
yamcs__Yamcs,0,22,0.7374270914839695,0.5625194022750566,CORRECTED_MODERN
yamcs__Yamcs,0,23,0.7374270914839695,0.5625194022750566,CORRECTED_MODERN
yamcs__Yamcs,0,24,0.7374270914839695,0.5625194022750566,CORRECTED_MODERN
yamcs__Yamcs,0,25,0.7374270914839695,0.5625194022750566,CORRECTED_MODERN
yamcs__Yamcs,0,26,0.7374270914839695,0.5625194022750566,CORRECTED_MODERN
yamcs__Yamcs,0,27,0.7374270914839695,0.5625194022750566,CORRECTED_MODERN
yamcs__Yamcs,0,28,0.7374270914839695,0.5625194022750566,CORRECTED_MODERN
yamcs__Yamcs,0,29,0.7374270914839695,0.5625194022750566,CORRECTED_MODERN
yamcs__Yamcs,0,30,0.7374270914839695,0.5625194022750566,CORRECTED_MODERN
yamcs__Yamcs,5,1,0.7688870365195364,0.6376952429688867,CORRECTED_MODERN
yamcs__Yamcs,5,2,0.7085214423096077,0.5731912749486208,CORRECTED_MODERN
yamcs__Yamcs,5,3,0.7354076888399119,0.6562943103557684,CORRECTED_MODERN
yamcs__Yamcs,5,4,0.6842110008834617,0.5633803185583486,CORRECTED_MODERN
yamcs__Yamcs,5,5,0.7687871726124569,0.6656345482953097,CORRECTED_MODERN
yamcs__Yamcs,5,6,0.7684759469676997,0.6709649677752587,CORRECTED_MODERN
yamcs__Yamcs,5,7,0.7374626597173157,0.587087234682976,CORRECTED_MODERN
yamcs__Yamcs,5,8,0.7506045143539073,0.6490147099296009,CORRECTED_MODERN
yamcs__Yamcs,5,9,0.7121999436705369,0.5694797928837572,CORRECTED_MODERN
yamcs__Yamcs,5,10,0.8115134087849357,0.6651741429125486,CORRECTED_MODERN
yamcs__Yamcs,5,11,0.798184349694948,0.6736561395808893,CORRECTED_MODERN
yamcs__Yamcs,5,12,0.7539568438686713,0.658274815139366,CORRECTED_MODERN
yamcs__Yamcs,5,13,0.7133080271682011,0.570418225225243,CORRECTED_MODERN
yamcs__Yamcs,5,14,0.6835950026714753,0.5688682350194432,CORRECTED_MODERN
yamcs__Yamcs,5,15,0.6531022641046281,0.5525094073241081,CORRECTED_MODERN
yamcs__Yamcs,5,16,0.7108442291153316,0.5607419405232044,CORRECTED_MODERN
yamcs__Yamcs,5,17,0.7630236777368855,0.6502388263335905,CORRECTED_MODERN
yamcs__Yamcs,5,18,0.7331458297742955,0.6386149052316314,CORRECTED_MODERN
yamcs__Yamcs,5,19,0.6315558253101197,0.5388567537344692,CORRECTED_MODERN
yamcs__Yamcs,5,20,0.7834272242375457,0.6583404703147971,CORRECTED_MODERN
yamcs__Yamcs,5,21,0.7876251679045675,0.657706686003785,CORRECTED_MODERN
yamcs__Yamcs,5,22,0.7534634183342883,0.6430554000356676,CORRECTED_MODERN
yamcs__Yamcs,5,23,0.6974580851087514,0.5424803830342261,CORRECTED_MODERN
yamcs__Yamcs,5,24,0.7487930299978559,0.6036695378643163,CORRECTED_MODERN
yamcs__Yamcs,5,25,0.6914316438888245,0.5566777897261982,CORRECTED_MODERN
yamcs__Yamcs,5,26,0.6742897299642281,0.5601901919304237,CORRECTED_MODERN
yamcs__Yamcs,5,27,0.7331315413651005,0.6426839433925513,CORRECTED_MODERN
yamcs__Yamcs,5,28,0.7744111842544652,0.6716160317128702,CORRECTED_MODERN
yamcs__Yamcs,5,29,0.7493171115903363,0.5818017386293193,CORRECTED_MODERN
yamcs__Yamcs,5,30,0.7492476302080587,0.6601976646853359,CORRECTED_MODERN
yamcs__Yamcs,10,1,0.7616496096189516,0.6423031047449559,CORRECTED_MODERN
yamcs__Yamcs,10,2,0.7521686018751883,0.6492850552961485,CORRECTED_MODERN
yamcs__Yamcs,10,3,0.6782849978206386,0.6298953048161314,CORRECTED_MODERN
yamcs__Yamcs,10,4,0.6519497564915093,0.5548775429143314,CORRECTED_MODERN
yamcs__Yamcs,10,5,0.7346370607737202,0.6387957681858734,CORRECTED_MODERN
yamcs__Yamcs,10,6,0.7596014138607389,0.6680196238771658,CORRECTED_MODERN
yamcs__Yamcs,10,7,0.756442209397969,0.604189942616183,CORRECTED_MODERN
yamcs__Yamcs,10,8,0.760548863129071,0.6467471069788328,CORRECTED_MODERN
yamcs__Yamcs,10,9,0.7466062094518672,0.5836555269784098,CORRECTED_MODERN
yamcs__Yamcs,10,10,0.7737366969609625,0.6554947589876601,CORRECTED_MODERN
yamcs__Yamcs,10,11,0.7575989628407156,0.6759925098017371,CORRECTED_MODERN
yamcs__Yamcs,10,12,0.7329114536282268,0.6529489880059578,CORRECTED_MODERN
yamcs__Yamcs,10,13,0.6793845221691444,0.545821615262617,CORRECTED_MODERN
yamcs__Yamcs,10,14,0.7106233086514792,0.5807136726073798,CORRECTED_MODERN
yamcs__Yamcs,10,15,0.7507247450381447,0.651257681145664,CORRECTED_MODERN
yamcs__Yamcs,10,16,0.7883639034179653,0.6576388685063472,CORRECTED_MODERN
yamcs__Yamcs,10,17,0.762985678168071,0.6501833965383486,CORRECTED_MODERN
yamcs__Yamcs,10,18,0.7956867481642396,0.6699535959953584,CORRECTED_MODERN
yamcs__Yamcs,10,19,0.7567004760322968,0.6518625157628507,CORRECTED_MODERN
yamcs__Yamcs,10,20,0.7535957343393548,0.6642338408405035,CORRECTED_MODERN
yamcs__Yamcs,10,21,0.7671816506260978,0.6523763248984252,CORRECTED_MODERN
yamcs__Yamcs,10,22,0.7217755454262117,0.6371866839060821,CORRECTED_MODERN
yamcs__Yamcs,10,23,0.6607207579198112,0.5354189979488735,CORRECTED_MODERN
yamcs__Yamcs,10,24,0.7055353697181241,0.5823636259559773,CORRECTED_MODERN
yamcs__Yamcs,10,25,0.6606589124459115,0.5463690873407481,CORRECTED_MODERN
yamcs__Yamcs,10,26,0.7295048027092041,0.6259169683061463,CORRECTED_MODERN
yamcs__Yamcs,10,27,0.7479131419889135,0.6520447227712008,CORRECTED_MODERN
yamcs__Yamcs,10,28,0.7511379460514306,0.6526834052746047,CORRECTED_MODERN
yamcs__Yamcs,10,29,0.7270597667321648,0.5808821223537701,CORRECTED_MODERN
yamcs__Yamcs,10,30,0.7631178757142976,0.6551801677943466,CORRECTED_MODERN
yamcs__Yamcs,15,1,0.7366849722190001,0.6366336860738362,CORRECTED_MODERN
yamcs__Yamcs,15,2,0.7423081551763937,0.6547563644526019,CORRECTED_MODERN
yamcs__Yamcs,15,3,0.6822320293780267,0.569813504260304,CORRECTED_MODERN
yamcs__Yamcs,15,4,0.6318017938429524,0.5476961748223189,CORRECTED_MODERN
yamcs__Yamcs,15,5,0.7225783144455342,0.6365615683007193,CORRECTED_MODERN
yamcs__Yamcs,15,6,0.7384510985563488,0.6495939665316188,CORRECTED_MODERN
yamcs__Yamcs,15,7,0.7700327462239048,0.663290069470758,CORRECTED_MODERN
yamcs__Yamcs,15,8,0.7814688970849284,0.6633360952081078,CORRECTED_MODERN
yamcs__Yamcs,15,9,0.7506744971064876,0.5944688905466733,CORRECTED_MODERN
yamcs__Yamcs,15,10,0.755687424586478,0.6388648448166113,CORRECTED_MODERN
yamcs__Yamcs,15,11,0.7548917714752051,0.6727065400636003,CORRECTED_MODERN
yamcs__Yamcs,15,12,0.7677971020058327,0.6635780608287323,CORRECTED_MODERN
yamcs__Yamcs,15,13,0.6657428171000199,0.5396668218411944,CORRECTED_MODERN
yamcs__Yamcs,15,14,0.7067453772638703,0.5790882925665753,CORRECTED_MODERN
yamcs__Yamcs,15,15,0.7342558025205604,0.6447506546426212,CORRECTED_MODERN
yamcs__Yamcs,15,16,0.7798692635925953,0.6581235465994248,CORRECTED_MODERN
yamcs__Yamcs,15,17,0.7294568171539181,0.5822395154882617,CORRECTED_MODERN
yamcs__Yamcs,15,18,0.7950744176066629,0.6714130682536824,CORRECTED_MODERN
yamcs__Yamcs,15,19,0.7444721929590222,0.6519175992829759,CORRECTED_MODERN
yamcs__Yamcs,15,20,0.7879727440679775,0.6803733265787636,CORRECTED_MODERN
yamcs__Yamcs,15,21,0.7552217375193477,0.6419831690704785,CORRECTED_MODERN
yamcs__Yamcs,15,22,0.754231366430335,0.6601810626337609,CORRECTED_MODERN
yamcs__Yamcs,15,23,0.7053274534220076,0.558498738895562,CORRECTED_MODERN
yamcs__Yamcs,15,24,0.6604747504279633,0.568699103532398,CORRECTED_MODERN
yamcs__Yamcs,15,25,0.6566606708742403,0.5508759407681737,CORRECTED_MODERN
yamcs__Yamcs,15,26,0.7024269683383306,0.6250528154386844,CORRECTED_MODERN
yamcs__Yamcs,15,27,0.7839671144024156,0.6643377312427291,CORRECTED_MODERN
yamcs__Yamcs,15,28,0.7306071526701279,0.6464863511925694,CORRECTED_MODERN
yamcs__Yamcs,15,29,0.7227629319031567,0.5816237447800718,CORRECTED_MODERN
yamcs__Yamcs,15,30,0.7467667330727473,0.6583944831800278,CORRECTED_MODERN
yamcs__Yamcs,20,1,0.7131141230530745,0.6362548065381283,CORRECTED_MODERN
yamcs__Yamcs,20,2,0.7379499451351614,0.6642864770763532,CORRECTED_MODERN
yamcs__Yamcs,20,3,0.6698449662901995,0.571216337865039,CORRECTED_MODERN
yamcs__Yamcs,20,4,0.6888900655976079,0.5731784516838939,CORRECTED_MODERN
yamcs__Yamcs,20,5,0.7885527586204877,0.6700988141037201,CORRECTED_MODERN
yamcs__Yamcs,20,6,0.7322121342099991,0.6518552946846812,CORRECTED_MODERN
yamcs__Yamcs,20,7,0.7569825468006155,0.6661395023749415,CORRECTED_MODERN
yamcs__Yamcs,20,8,0.7691242936408342,0.6587062561578085,CORRECTED_MODERN
yamcs__Yamcs,20,9,0.7417243879626604,0.5913914057501027,CORRECTED_MODERN
yamcs__Yamcs,20,10,0.7539123215061966,0.6404584356645373,CORRECTED_MODERN
yamcs__Yamcs,20,11,0.7422914076624474,0.6570625165419701,CORRECTED_MODERN
yamcs__Yamcs,20,12,0.762787097154996,0.66416719257377,CORRECTED_MODERN
yamcs__Yamcs,20,13,0.6541778401414946,0.5381676705491115,CORRECTED_MODERN
yamcs__Yamcs,20,14,0.667548594985594,0.5674370633781093,CORRECTED_MODERN
yamcs__Yamcs,20,15,0.7395241023022728,0.6425076508764662,CORRECTED_MODERN
yamcs__Yamcs,20,16,0.7775560208082151,0.6566911760674917,CORRECTED_MODERN
yamcs__Yamcs,20,17,0.7179787887495738,0.5781881485852576,CORRECTED_MODERN
yamcs__Yamcs,20,18,0.7824997874829664,0.6628063545394316,CORRECTED_MODERN
yamcs__Yamcs,20,19,0.7208075717285266,0.5875635294991807,CORRECTED_MODERN
yamcs__Yamcs,20,20,0.7840638670366895,0.6518674296486651,CORRECTED_MODERN
yamcs__Yamcs,20,21,0.7590831612399396,0.649941515557762,CORRECTED_MODERN
yamcs__Yamcs,20,22,0.7518336948319841,0.6611839058122533,CORRECTED_MODERN
yamcs__Yamcs,20,23,0.6994117609650587,0.5615731578395129,CORRECTED_MODERN
yamcs__Yamcs,20,24,0.6396559386134809,0.5573827472509523,CORRECTED_MODERN
yamcs__Yamcs,20,25,0.677295914898279,0.6251468851561692,CORRECTED_MODERN
yamcs__Yamcs,20,26,0.7152170295127721,0.6323178543992446,CORRECTED_MODERN
yamcs__Yamcs,20,27,0.774413257987184,0.662953831453912,CORRECTED_MODERN
yamcs__Yamcs,20,28,0.7422069168655627,0.6508967896008503,CORRECTED_MODERN
yamcs__Yamcs,20,29,0.6980146270011167,0.5775897817686226,CORRECTED_MODERN
yamcs__Yamcs,20,30,0.7403284114622696,0.6518189665492125,CORRECTED_MODERN
yamcs__Yamcs,25,1,0.7376095228428716,0.6593023067447494,CORRECTED_MODERN
yamcs__Yamcs,25,2,0.7298797899083848,0.6605522846708518,CORRECTED_MODERN
yamcs__Yamcs,25,3,0.7069598718336281,0.6633650744577169,CORRECTED_MODERN
yamcs__Yamcs,25,4,0.6709855637515949,0.5732701232330857,CORRECTED_MODERN
yamcs__Yamcs,25,5,0.7714205827507057,0.6692874979275639,CORRECTED_MODERN
yamcs__Yamcs,25,6,0.6893792886552521,0.6359080614270958,CORRECTED_MODERN
yamcs__Yamcs,25,7,0.7417551516999605,0.657813941111415,CORRECTED_MODERN
yamcs__Yamcs,25,8,0.759940262325988,0.6534884910193707,CORRECTED_MODERN
yamcs__Yamcs,25,9,0.7127982123084711,0.5718886942448027,CORRECTED_MODERN
yamcs__Yamcs,25,10,0.7397255130873,0.6420768740365621,CORRECTED_MODERN
yamcs__Yamcs,25,11,0.7204972286665706,0.6403267660522515,CORRECTED_MODERN
yamcs__Yamcs,25,12,0.7405827287069943,0.6514522217024691,CORRECTED_MODERN
yamcs__Yamcs,25,13,0.6305054777839878,0.534515482825834,CORRECTED_MODERN
yamcs__Yamcs,25,14,0.6632863102414757,0.5671722503078428,CORRECTED_MODERN
yamcs__Yamcs,25,15,0.7731857564376112,0.6488157698133412,CORRECTED_MODERN
yamcs__Yamcs,25,16,0.7627969470485471,0.6585004619352649,CORRECTED_MODERN
yamcs__Yamcs,25,17,0.6947788709443079,0.5718186964371489,CORRECTED_MODERN
yamcs__Yamcs,25,18,0.7728212403085789,0.6502216036525388,CORRECTED_MODERN
yamcs__Yamcs,25,19,0.7117941470377674,0.5887304697986233,CORRECTED_MODERN
yamcs__Yamcs,25,20,0.7767209492583727,0.6476720546190167,CORRECTED_MODERN
yamcs__Yamcs,25,21,0.7416505757439416,0.6458274815096754,CORRECTED_MODERN
yamcs__Yamcs,25,22,0.7420164986156369,0.6572045275522262,CORRECTED_MODERN
yamcs__Yamcs,25,23,0.6726276205063851,0.5549395573563348,CORRECTED_MODERN
yamcs__Yamcs,25,24,0.6430745415724913,0.5613363400734024,CORRECTED_MODERN
yamcs__Yamcs,25,25,0.6659526090530207,0.6003003576044645,CORRECTED_MODERN
yamcs__Yamcs,25,26,0.7312257367647731,0.6325573410508539,CORRECTED_MODERN
yamcs__Yamcs,25,27,0.7712586982006208,0.6617258662678626,CORRECTED_MODERN
yamcs__Yamcs,25,28,0.7311871982140954,0.6459639397173746,CORRECTED_MODERN
yamcs__Yamcs,25,29,0.720662248743645,0.5907353749823058,CORRECTED_MODERN
yamcs__Yamcs,25,30,0.7397648897547751,0.6511557723090715,CORRECTED_MODERN
yamcs__Yamcs,30,1,0.7682921447201454,0.664637068272657,CORRECTED_MODERN
yamcs__Yamcs,30,2,0.7194516914363984,0.6598335449325042,CORRECTED_MODERN
yamcs__Yamcs,30,3,0.6817563765362448,0.6585175823617873,CORRECTED_MODERN
yamcs__Yamcs,30,4,0.7703131879195417,0.6625783809276463,CORRECTED_MODERN
yamcs__Yamcs,30,5,0.7586139707906981,0.6694765079585383,CORRECTED_MODERN
yamcs__Yamcs,30,6,0.7002134681901107,0.6403757496411832,CORRECTED_MODERN
yamcs__Yamcs,30,7,0.7363863061991116,0.6604534321733333,CORRECTED_MODERN
yamcs__Yamcs,30,8,0.7272319134969261,0.5730966343762207,CORRECTED_MODERN
yamcs__Yamcs,30,9,0.7147340209160115,0.5614955648192647,CORRECTED_MODERN
yamcs__Yamcs,30,10,0.7367532477465285,0.6463404413404703,CORRECTED_MODERN
yamcs__Yamcs,30,11,0.7158483928673953,0.6434456868273997,CORRECTED_MODERN
yamcs__Yamcs,30,12,0.7253825319786141,0.5846795079300896,CORRECTED_MODERN
yamcs__Yamcs,30,13,0.6546255898922154,0.5481651126546068,CORRECTED_MODERN
yamcs__Yamcs,30,14,0.6444415707044611,0.5381122864598142,CORRECTED_MODERN
yamcs__Yamcs,30,15,0.7756536196440142,0.6550754352937597,CORRECTED_MODERN
yamcs__Yamcs,30,16,0.7638270101094251,0.6617958852006679,CORRECTED_MODERN
yamcs__Yamcs,30,17,0.743755867198384,0.5800923210553326,CORRECTED_MODERN
yamcs__Yamcs,30,18,0.7665208643687292,0.6507234761410171,CORRECTED_MODERN
yamcs__Yamcs,30,19,0.703007365567964,0.5824884003657647,CORRECTED_MODERN
yamcs__Yamcs,30,20,0.7681172019869684,0.6460513353511989,CORRECTED_MODERN
yamcs__Yamcs,30,21,0.7330464404055956,0.6378831703580343,CORRECTED_MODERN
yamcs__Yamcs,30,22,0.7339175779268181,0.6581850418776678,CORRECTED_MODERN
yamcs__Yamcs,30,23,0.6450100429603697,0.546765880264079,CORRECTED_MODERN
yamcs__Yamcs,30,24,0.6336188660934713,0.5485921092851174,CORRECTED_MODERN
yamcs__Yamcs,30,25,0.7004274776761915,0.6201732441014137,CORRECTED_MODERN
yamcs__Yamcs,30,26,0.7230119603883481,0.6341536637437593,CORRECTED_MODERN
yamcs__Yamcs,30,27,0.769220218937948,0.6683405085410109,CORRECTED_MODERN
yamcs__Yamcs,30,28,0.7159324295720602,0.6460309237272488,CORRECTED_MODERN
yamcs__Yamcs,30,29,0.6961325319786141,0.5786579081130577,CORRECTED_MODERN
yamcs__Yamcs,30,30,0.7416275625658348,0.6556656399552541,CORRECTED_MODERN
yamcs__Yamcs,40,1,0.7619122029301867,0.6626324367896363,CORRECTED_MODERN
yamcs__Yamcs,40,2,0.7647480169275456,0.6462567718332468,CORRECTED_MODERN
yamcs__Yamcs,40,3,0.6824576108047118,0.6460982670491736,CORRECTED_MODERN
yamcs__Yamcs,40,4,0.7667364719360347,0.6558907343819189,CORRECTED_MODERN
yamcs__Yamcs,40,5,0.7408516254111202,0.6658397306315272,CORRECTED_MODERN
yamcs__Yamcs,40,6,0.7308421447201454,0.6528620463146236,CORRECTED_MODERN
yamcs__Yamcs,40,7,0.7368143494254571,0.6445590977383912,CORRECTED_MODERN
yamcs__Yamcs,40,8,0.7004533245514442,0.5657326227027838,CORRECTED_MODERN
yamcs__Yamcs,40,9,0.6744383812792851,0.556738750506448,CORRECTED_MODERN
yamcs__Yamcs,40,10,0.7174537422623881,0.6380620032652335,CORRECTED_MODERN
yamcs__Yamcs,40,11,0.7503771704565294,0.6559343793469673,CORRECTED_MODERN
yamcs__Yamcs,40,12,0.7187012804627277,0.5833314275207893,CORRECTED_MODERN
yamcs__Yamcs,40,13,0.6918639088077839,0.5728583116186445,CORRECTED_MODERN
yamcs__Yamcs,40,14,0.6742243717932044,0.554167762085578,CORRECTED_MODERN
yamcs__Yamcs,40,15,0.7726972893020302,0.6517920556387589,CORRECTED_MODERN
yamcs__Yamcs,40,16,0.7255803733562518,0.6398411448169675,CORRECTED_MODERN
yamcs__Yamcs,40,17,0.7083538244571224,0.5606374829616925,CORRECTED_MODERN
yamcs__Yamcs,40,18,0.7603932994887874,0.6478779534358006,CORRECTED_MODERN
yamcs__Yamcs,40,19,0.7463457612884479,0.6603898336409801,CORRECTED_MODERN
yamcs__Yamcs,40,20,0.7443511551494445,0.6481343362009038,CORRECTED_MODERN
yamcs__Yamcs,40,21,0.7258403404783582,0.638559442105305,CORRECTED_MODERN
yamcs__Yamcs,40,22,0.7390802116616928,0.6729168502216785,CORRECTED_MODERN
yamcs__Yamcs,40,23,0.6951421811014212,0.6389322861773219,CORRECTED_MODERN
yamcs__Yamcs,40,24,0.6332559170542064,0.6188968494400101,CORRECTED_MODERN
yamcs__Yamcs,40,25,0.6762582414134917,0.6127448406016249,CORRECTED_MODERN
yamcs__Yamcs,40,26,0.7190479535971768,0.635446489218267,CORRECTED_MODERN
yamcs__Yamcs,40,27,0.7553104808831337,0.6594256965832282,CORRECTED_MODERN
yamcs__Yamcs,40,28,0.7051495772800398,0.6489292287729909,CORRECTED_MODERN
yamcs__Yamcs,40,29,0.6686578870329165,0.563744036413649,CORRECTED_MODERN
yamcs__Yamcs,40,30,0.7569119603883483,0.6573887372653573,CORRECTED_MODERN
yamcs__Yamcs,50,1,0.7516693942956972,0.6586054197707477,CORRECTED_MODERN
yamcs__Yamcs,50,2,0.7498487418581516,0.6501549585243119,CORRECTED_MODERN
yamcs__Yamcs,50,3,0.6453813260066952,0.5692417558101883,CORRECTED_MODERN
yamcs__Yamcs,50,4,0.7596774129983678,0.6538667690998129,CORRECTED_MODERN
yamcs__Yamcs,50,5,0.7291880794494419,0.6632358116010063,CORRECTED_MODERN
yamcs__Yamcs,50,6,0.7249318946325609,0.6588701336180283,CORRECTED_MODERN
yamcs__Yamcs,50,7,0.7554908713754934,0.6576623942845322,CORRECTED_MODERN
yamcs__Yamcs,50,8,0.757328177005159,0.6550174095554135,CORRECTED_MODERN
yamcs__Yamcs,50,9,0.7402426324987317,0.6537970023541011,CORRECTED_MODERN
yamcs__Yamcs,50,10,0.7129208387670907,0.6339361224411623,CORRECTED_MODERN
yamcs__Yamcs,50,11,0.7406274493796438,0.6522766375273753,CORRECTED_MODERN
yamcs__Yamcs,50,12,0.6932020997151599,0.5708260992674006,CORRECTED_MODERN
yamcs__Yamcs,50,13,0.685947440216952,0.5660561958130635,CORRECTED_MODERN
yamcs__Yamcs,50,14,0.698390436147639,0.5801365361139383,CORRECTED_MODERN
yamcs__Yamcs,50,15,0.7606396128528428,0.6487066411323384,CORRECTED_MODERN
yamcs__Yamcs,50,16,0.7553461224062963,0.6668537361833218,CORRECTED_MODERN
yamcs__Yamcs,50,17,0.7596698699471915,0.6613729780097705,CORRECTED_MODERN
yamcs__Yamcs,50,18,0.7612092344875748,0.6497567972596878,CORRECTED_MODERN
yamcs__Yamcs,50,19,0.744029135045421,0.6616616922406772,CORRECTED_MODERN
yamcs__Yamcs,50,20,0.7353851110068298,0.6464332491805613,CORRECTED_MODERN
yamcs__Yamcs,50,21,0.7199515459112955,0.6364211637842565,CORRECTED_MODERN
yamcs__Yamcs,50,22,0.7188504639052049,0.6554898564344147,CORRECTED_MODERN
yamcs__Yamcs,50,23,0.6963414386539046,0.6492785781731952,CORRECTED_MODERN
yamcs__Yamcs,50,24,0.6817842109071182,0.648921336564735,CORRECTED_MODERN
yamcs__Yamcs,50,25,0.7040945566639836,0.6398115495345995,CORRECTED_MODERN
yamcs__Yamcs,50,26,0.7135255427313024,0.6365492706180467,CORRECTED_MODERN
yamcs__Yamcs,50,27,0.7517076431436235,0.6621852468247214,CORRECTED_MODERN
yamcs__Yamcs,50,28,0.6821452815945896,0.6423059616661531,CORRECTED_MODERN
yamcs__Yamcs,50,29,0.652786628240775,0.552737829718761,CORRECTED_MODERN
yamcs__Yamcs,50,30,0.7555037382200241,0.6591326198748175,CORRECTED_MODERN
zolyfarkas__spf4j,0,1,0.9051537698583332,0.8531514514715006,CORRECTED_MODERN
zolyfarkas__spf4j,0,2,0.9051537698583332,0.8531514514715006,CORRECTED_MODERN
zolyfarkas__spf4j,0,3,0.9051537698583332,0.8531514514715006,CORRECTED_MODERN
zolyfarkas__spf4j,0,4,0.9051537698583332,0.8531514514715006,CORRECTED_MODERN
zolyfarkas__spf4j,0,5,0.9051537698583332,0.8531514514715006,CORRECTED_MODERN
zolyfarkas__spf4j,0,6,0.9051537698583332,0.8531514514715006,CORRECTED_MODERN
zolyfarkas__spf4j,0,7,0.9051537698583332,0.8531514514715006,CORRECTED_MODERN
zolyfarkas__spf4j,0,8,0.9051537698583332,0.8531514514715006,CORRECTED_MODERN
zolyfarkas__spf4j,0,9,0.9051537698583332,0.8531514514715006,CORRECTED_MODERN
zolyfarkas__spf4j,0,10,0.9051537698583332,0.8531514514715006,CORRECTED_MODERN
zolyfarkas__spf4j,0,11,0.9051537698583332,0.8531514514715006,CORRECTED_MODERN
zolyfarkas__spf4j,0,12,0.9051537698583332,0.8531514514715006,CORRECTED_MODERN
zolyfarkas__spf4j,0,13,0.9051537698583332,0.8531514514715006,CORRECTED_MODERN
zolyfarkas__spf4j,0,14,0.9051537698583332,0.8531514514715006,CORRECTED_MODERN
zolyfarkas__spf4j,0,15,0.9051537698583332,0.8531514514715006,CORRECTED_MODERN
zolyfarkas__spf4j,0,16,0.9051537698583332,0.8531514514715006,CORRECTED_MODERN
zolyfarkas__spf4j,0,17,0.9051537698583332,0.8531514514715006,CORRECTED_MODERN
zolyfarkas__spf4j,0,18,0.9051537698583332,0.8531514514715006,CORRECTED_MODERN
zolyfarkas__spf4j,0,19,0.9051537698583332,0.8531514514715006,CORRECTED_MODERN
zolyfarkas__spf4j,0,20,0.9051537698583332,0.8531514514715006,CORRECTED_MODERN
zolyfarkas__spf4j,0,21,0.9051537698583332,0.8531514514715006,CORRECTED_MODERN
zolyfarkas__spf4j,0,22,0.9051537698583332,0.8531514514715006,CORRECTED_MODERN
zolyfarkas__spf4j,0,23,0.9051537698583332,0.8531514514715006,CORRECTED_MODERN
zolyfarkas__spf4j,0,24,0.9051537698583332,0.8531514514715006,CORRECTED_MODERN
zolyfarkas__spf4j,0,25,0.9051537698583332,0.8531514514715006,CORRECTED_MODERN
zolyfarkas__spf4j,0,26,0.9051537698583332,0.8531514514715006,CORRECTED_MODERN
zolyfarkas__spf4j,0,27,0.9051537698583332,0.8531514514715006,CORRECTED_MODERN
zolyfarkas__spf4j,0,28,0.9051537698583332,0.8531514514715006,CORRECTED_MODERN
zolyfarkas__spf4j,0,29,0.9051537698583332,0.8531514514715006,CORRECTED_MODERN
zolyfarkas__spf4j,0,30,0.9051537698583332,0.8531514514715006,CORRECTED_MODERN
zolyfarkas__spf4j,5,1,0.9085897651621432,0.8986707939452834,CORRECTED_MODERN
zolyfarkas__spf4j,5,2,0.9078010891306793,0.9123345957169424,CORRECTED_MODERN
zolyfarkas__spf4j,5,3,0.9128532762706176,0.8891906398349427,CORRECTED_MODERN
zolyfarkas__spf4j,5,4,0.9060136900956186,0.8773933981382842,CORRECTED_MODERN
zolyfarkas__spf4j,5,5,0.9198040308390996,0.9062898006137254,CORRECTED_MODERN
zolyfarkas__spf4j,5,6,0.9099202868429652,0.8952941802428512,CORRECTED_MODERN
zolyfarkas__spf4j,5,7,0.918441180452536,0.9058680325714904,CORRECTED_MODERN
zolyfarkas__spf4j,5,8,0.9113664741217686,0.8990021086111891,CORRECTED_MODERN
zolyfarkas__spf4j,5,9,0.9311821718298096,0.914882733603766,CORRECTED_MODERN
zolyfarkas__spf4j,5,10,0.9086678763906078,0.8888289526187085,CORRECTED_MODERN
zolyfarkas__spf4j,5,11,0.9161358882441216,0.8972890468746053,CORRECTED_MODERN
zolyfarkas__spf4j,5,12,0.9214444235444782,0.8975348447401581,CORRECTED_MODERN
zolyfarkas__spf4j,5,13,0.9133552437321958,0.91257884811918,CORRECTED_MODERN
zolyfarkas__spf4j,5,14,0.9094431464317106,0.8888123224013218,CORRECTED_MODERN
zolyfarkas__spf4j,5,15,0.9112649384696284,0.8801606715567328,CORRECTED_MODERN
zolyfarkas__spf4j,5,16,0.9222233662520888,0.9127233139814996,CORRECTED_MODERN
zolyfarkas__spf4j,5,17,0.9277439093838408,0.9172820432622008,CORRECTED_MODERN
zolyfarkas__spf4j,5,18,0.9156946276200162,0.8965577759564425,CORRECTED_MODERN
zolyfarkas__spf4j,5,19,0.9248549525324108,0.9053473453351494,CORRECTED_MODERN
zolyfarkas__spf4j,5,20,0.9323834911614928,0.916041040214282,CORRECTED_MODERN
zolyfarkas__spf4j,5,21,0.920799039650748,0.9161036801106228,CORRECTED_MODERN
zolyfarkas__spf4j,5,22,0.9110547906904436,0.905557326585036,CORRECTED_MODERN
zolyfarkas__spf4j,5,23,0.9287297463653496,0.9172869469016878,CORRECTED_MODERN
zolyfarkas__spf4j,5,24,0.9168482332495153,0.9021185170484308,CORRECTED_MODERN
zolyfarkas__spf4j,5,25,0.9103276884165322,0.9110336050509082,CORRECTED_MODERN
zolyfarkas__spf4j,5,26,0.9141923213753764,0.8942057984403492,CORRECTED_MODERN
zolyfarkas__spf4j,5,27,0.920573384727272,0.9061126347562368,CORRECTED_MODERN
zolyfarkas__spf4j,5,28,0.915661584447291,0.9112338227729948,CORRECTED_MODERN
zolyfarkas__spf4j,5,29,0.914012794740126,0.9084981462862528,CORRECTED_MODERN
zolyfarkas__spf4j,5,30,0.919966319601745,0.921906243032918,CORRECTED_MODERN
zolyfarkas__spf4j,10,1,0.9232331431672022,0.9169755614362912,CORRECTED_MODERN
zolyfarkas__spf4j,10,2,0.9158752525739596,0.9009344860236842,CORRECTED_MODERN
zolyfarkas__spf4j,10,3,0.9122068063489148,0.8937217654061594,CORRECTED_MODERN
zolyfarkas__spf4j,10,4,0.8932398143425908,0.8681168954803046,CORRECTED_MODERN
zolyfarkas__spf4j,10,5,0.9122961547265268,0.9106475106919454,CORRECTED_MODERN
zolyfarkas__spf4j,10,6,0.910834227319694,0.8982114087441468,CORRECTED_MODERN
zolyfarkas__spf4j,10,7,0.9258575259641292,0.9195559637741102,CORRECTED_MODERN
zolyfarkas__spf4j,10,8,0.9114098741718542,0.8810591901849575,CORRECTED_MODERN
zolyfarkas__spf4j,10,9,0.9243217285052024,0.9063129023932462,CORRECTED_MODERN
zolyfarkas__spf4j,10,10,0.9039868040691994,0.8918120102058034,CORRECTED_MODERN
zolyfarkas__spf4j,10,11,0.9142268597575234,0.8961796510953242,CORRECTED_MODERN
zolyfarkas__spf4j,10,12,0.923442706408393,0.9026708443126744,CORRECTED_MODERN
zolyfarkas__spf4j,10,13,0.913984443588176,0.912724820897388,CORRECTED_MODERN
zolyfarkas__spf4j,10,14,0.9252998391127316,0.9036687683699514,CORRECTED_MODERN
zolyfarkas__spf4j,10,15,0.912809168134286,0.8899601124323715,CORRECTED_MODERN
zolyfarkas__spf4j,10,16,0.9089498686352986,0.9047571042248512,CORRECTED_MODERN
zolyfarkas__spf4j,10,17,0.9231530014087852,0.9045977759683046,CORRECTED_MODERN
zolyfarkas__spf4j,10,18,0.9073859977887166,0.8876811735163158,CORRECTED_MODERN
zolyfarkas__spf4j,10,19,0.916274635792082,0.893482979817409,CORRECTED_MODERN
zolyfarkas__spf4j,10,20,0.920727274687378,0.9069417575647812,CORRECTED_MODERN
zolyfarkas__spf4j,10,21,0.921744745771295,0.8921673136775744,CORRECTED_MODERN
zolyfarkas__spf4j,10,22,0.9235173783199646,0.9132045403283856,CORRECTED_MODERN
zolyfarkas__spf4j,10,23,0.923932409099011,0.9073678735079576,CORRECTED_MODERN
zolyfarkas__spf4j,10,24,0.9172393257752142,0.8956898853224248,CORRECTED_MODERN
zolyfarkas__spf4j,10,25,0.9156206511636878,0.918760558231932,CORRECTED_MODERN
zolyfarkas__spf4j,10,26,0.9251729327967964,0.903025092145758,CORRECTED_MODERN
zolyfarkas__spf4j,10,27,0.9179524077215272,0.9104398378460524,CORRECTED_MODERN
zolyfarkas__spf4j,10,28,0.9101033833054912,0.9183069662486826,CORRECTED_MODERN
zolyfarkas__spf4j,10,29,0.9132212318181192,0.8977319045239749,CORRECTED_MODERN
zolyfarkas__spf4j,10,30,0.928767777781332,0.9108016286699048,CORRECTED_MODERN
zolyfarkas__spf4j,15,1,0.92016840023207,0.9157064600135952,CORRECTED_MODERN
zolyfarkas__spf4j,15,2,0.9161626549942652,0.9103788891842256,CORRECTED_MODERN
zolyfarkas__spf4j,15,3,0.9049404944409956,0.8961430009105336,CORRECTED_MODERN
zolyfarkas__spf4j,15,4,0.9219635571172768,0.900477829250336,CORRECTED_MODERN
zolyfarkas__spf4j,15,5,0.9205947657016416,0.9187113041019016,CORRECTED_MODERN
zolyfarkas__spf4j,15,6,0.9220617398313428,0.9162569661734464,CORRECTED_MODERN
zolyfarkas__spf4j,15,7,0.928399920618004,0.9155802367416082,CORRECTED_MODERN
zolyfarkas__spf4j,15,8,0.9256281300025984,0.8967057400811291,CORRECTED_MODERN
zolyfarkas__spf4j,15,9,0.921824311284577,0.8998812517150937,CORRECTED_MODERN
zolyfarkas__spf4j,15,10,0.9021977600325152,0.8934919747351604,CORRECTED_MODERN
zolyfarkas__spf4j,15,11,0.9194698370122816,0.8990348523520456,CORRECTED_MODERN
zolyfarkas__spf4j,15,12,0.9227289025336004,0.9057502900868748,CORRECTED_MODERN
zolyfarkas__spf4j,15,13,0.9089089595066252,0.8885716731113844,CORRECTED_MODERN
zolyfarkas__spf4j,15,14,0.9298220670440328,0.9000637289337639,CORRECTED_MODERN
zolyfarkas__spf4j,15,15,0.914919003197474,0.8925793631210678,CORRECTED_MODERN
zolyfarkas__spf4j,15,16,0.906340687368432,0.887100760906238,CORRECTED_MODERN
zolyfarkas__spf4j,15,17,0.9136346543245798,0.8965819223374348,CORRECTED_MODERN
zolyfarkas__spf4j,15,18,0.910355140685241,0.8948572687709897,CORRECTED_MODERN
zolyfarkas__spf4j,15,19,0.9246076186365456,0.895347140240837,CORRECTED_MODERN
zolyfarkas__spf4j,15,20,0.9185170683598436,0.8943840548159117,CORRECTED_MODERN
zolyfarkas__spf4j,15,21,0.9143662362136292,0.8802326673950555,CORRECTED_MODERN
zolyfarkas__spf4j,15,22,0.9291001656807268,0.9137057642590912,CORRECTED_MODERN
zolyfarkas__spf4j,15,23,0.9136133693281392,0.9043763529720736,CORRECTED_MODERN
zolyfarkas__spf4j,15,24,0.9213894890017704,0.9049788719500448,CORRECTED_MODERN
zolyfarkas__spf4j,15,25,0.9223175927740752,0.9284033825376504,CORRECTED_MODERN
zolyfarkas__spf4j,15,26,0.927240004916839,0.906325751639958,CORRECTED_MODERN
zolyfarkas__spf4j,15,27,0.9161374807660614,0.8935489746611458,CORRECTED_MODERN
zolyfarkas__spf4j,15,28,0.9165574226121078,0.924453247289198,CORRECTED_MODERN
zolyfarkas__spf4j,15,29,0.9205252700073284,0.9179669408224445,CORRECTED_MODERN
zolyfarkas__spf4j,15,30,0.9270213664994508,0.91559717390998,CORRECTED_MODERN
zolyfarkas__spf4j,20,1,0.9207524206315858,0.9194037807352956,CORRECTED_MODERN
zolyfarkas__spf4j,20,2,0.9180941864984192,0.907058415468268,CORRECTED_MODERN
zolyfarkas__spf4j,20,3,0.9090179438710776,0.9060193656291085,CORRECTED_MODERN
zolyfarkas__spf4j,20,4,0.9204667584866948,0.9014661149165402,CORRECTED_MODERN
zolyfarkas__spf4j,20,5,0.9239045151940328,0.9177061599829998,CORRECTED_MODERN
zolyfarkas__spf4j,20,6,0.9142906787594216,0.8941113156131835,CORRECTED_MODERN
zolyfarkas__spf4j,20,7,0.9228951506548831,0.9152505852072212,CORRECTED_MODERN
zolyfarkas__spf4j,20,8,0.9250458862788808,0.8989449137380867,CORRECTED_MODERN
zolyfarkas__spf4j,20,9,0.916988888213935,0.9019979895903524,CORRECTED_MODERN
zolyfarkas__spf4j,20,10,0.90859096633095,0.8934726244450245,CORRECTED_MODERN
zolyfarkas__spf4j,20,11,0.923688663438968,0.9063328329040417,CORRECTED_MODERN
zolyfarkas__spf4j,20,12,0.9170407142400804,0.9026160750304988,CORRECTED_MODERN
zolyfarkas__spf4j,20,13,0.9082718917612634,0.879939381424414,CORRECTED_MODERN
zolyfarkas__spf4j,20,14,0.922744347828525,0.8980141450666084,CORRECTED_MODERN
zolyfarkas__spf4j,20,15,0.9166121106652796,0.8942125144926,CORRECTED_MODERN
zolyfarkas__spf4j,20,16,0.912328570345491,0.8938949928018424,CORRECTED_MODERN
zolyfarkas__spf4j,20,17,0.9134750785528488,0.8990033436843853,CORRECTED_MODERN
zolyfarkas__spf4j,20,18,0.9217963747846422,0.9009272803245156,CORRECTED_MODERN
zolyfarkas__spf4j,20,19,0.9218602993208672,0.8961454438881347,CORRECTED_MODERN
zolyfarkas__spf4j,20,20,0.9201714230956864,0.8992529335568251,CORRECTED_MODERN
zolyfarkas__spf4j,20,21,0.9186482162529904,0.8836006121286962,CORRECTED_MODERN
zolyfarkas__spf4j,20,22,0.922046074722018,0.9049350669460812,CORRECTED_MODERN
zolyfarkas__spf4j,20,23,0.915501568995062,0.9071108432013342,CORRECTED_MODERN
zolyfarkas__spf4j,20,24,0.9301080695450864,0.9188628729001088,CORRECTED_MODERN
zolyfarkas__spf4j,20,25,0.9207822188707304,0.9267488335442386,CORRECTED_MODERN
zolyfarkas__spf4j,20,26,0.9264103641175369,0.8984739524209977,CORRECTED_MODERN
zolyfarkas__spf4j,20,27,0.9114447002995266,0.8922880097970394,CORRECTED_MODERN
zolyfarkas__spf4j,20,28,0.9211674583120748,0.9106263183476592,CORRECTED_MODERN
zolyfarkas__spf4j,20,29,0.9177149206048892,0.920589278845482,CORRECTED_MODERN
zolyfarkas__spf4j,20,30,0.9241479173012016,0.9132523703696244,CORRECTED_MODERN
zolyfarkas__spf4j,25,1,0.9173460899101216,0.8987607295398625,CORRECTED_MODERN
zolyfarkas__spf4j,25,2,0.913144703782828,0.9145999021964828,CORRECTED_MODERN
zolyfarkas__spf4j,25,3,0.909390740859997,0.9071002483159218,CORRECTED_MODERN
zolyfarkas__spf4j,25,4,0.918602864232772,0.902049402105772,CORRECTED_MODERN
zolyfarkas__spf4j,25,5,0.9269800974368748,0.910120084094005,CORRECTED_MODERN
zolyfarkas__spf4j,25,6,0.9131730542713898,0.8930979070806705,CORRECTED_MODERN
zolyfarkas__spf4j,25,7,0.9172720996628552,0.9112449730427982,CORRECTED_MODERN
zolyfarkas__spf4j,25,8,0.9243917697225302,0.9014057396325308,CORRECTED_MODERN
zolyfarkas__spf4j,25,9,0.9143610275962704,0.8996267607070804,CORRECTED_MODERN
zolyfarkas__spf4j,25,10,0.926071072070844,0.9127250016365064,CORRECTED_MODERN
zolyfarkas__spf4j,25,11,0.92227442002249,0.9035626108746854,CORRECTED_MODERN
zolyfarkas__spf4j,25,12,0.9164298241049218,0.9084011427323015,CORRECTED_MODERN
zolyfarkas__spf4j,25,13,0.907824361477865,0.882184445920246,CORRECTED_MODERN
zolyfarkas__spf4j,25,14,0.9281841169378235,0.9007604395625723,CORRECTED_MODERN
zolyfarkas__spf4j,25,15,0.9160920424361152,0.8963090378077776,CORRECTED_MODERN
zolyfarkas__spf4j,25,16,0.9159268959803752,0.9033081371081692,CORRECTED_MODERN
zolyfarkas__spf4j,25,17,0.9103026044103864,0.878241263581067,CORRECTED_MODERN
zolyfarkas__spf4j,25,18,0.922208875265012,0.907117006315258,CORRECTED_MODERN
zolyfarkas__spf4j,25,19,0.9149721397033576,0.8941431356667521,CORRECTED_MODERN
zolyfarkas__spf4j,25,20,0.9264664790293152,0.903776919668825,CORRECTED_MODERN
zolyfarkas__spf4j,25,21,0.9162560651115952,0.8828272797370417,CORRECTED_MODERN
zolyfarkas__spf4j,25,22,0.9184098992199043,0.9066493741266416,CORRECTED_MODERN
zolyfarkas__spf4j,25,23,0.91905670541877,0.9124884475408316,CORRECTED_MODERN
zolyfarkas__spf4j,25,24,0.921151546967378,0.9169938921376852,CORRECTED_MODERN
zolyfarkas__spf4j,25,25,0.9231511410641522,0.9217146563820156,CORRECTED_MODERN
zolyfarkas__spf4j,25,26,0.92368485314256,0.8965341673407384,CORRECTED_MODERN
zolyfarkas__spf4j,25,27,0.9154794654014964,0.8896793990054013,CORRECTED_MODERN
zolyfarkas__spf4j,25,28,0.9181742500832706,0.9093739579277028,CORRECTED_MODERN
zolyfarkas__spf4j,25,29,0.91637148920516,0.907532578349063,CORRECTED_MODERN
zolyfarkas__spf4j,25,30,0.9287344193626228,0.9142980233598994,CORRECTED_MODERN
zolyfarkas__spf4j,30,1,0.9191360283172616,0.903034910633569,CORRECTED_MODERN
zolyfarkas__spf4j,30,2,0.910560008711205,0.9151242629100116,CORRECTED_MODERN
zolyfarkas__spf4j,30,3,0.9092796850302708,0.904864984848248,CORRECTED_MODERN
zolyfarkas__spf4j,30,4,0.917618130533,0.9004160683460937,CORRECTED_MODERN
zolyfarkas__spf4j,30,5,0.9242379185236624,0.9034614729268724,CORRECTED_MODERN
zolyfarkas__spf4j,30,6,0.910719293979806,0.8957576646692247,CORRECTED_MODERN
zolyfarkas__spf4j,30,7,0.9123700824282172,0.9040494986515976,CORRECTED_MODERN
zolyfarkas__spf4j,30,8,0.9173425057836396,0.8924833467075194,CORRECTED_MODERN
zolyfarkas__spf4j,30,9,0.9141622703521648,0.8990073466567569,CORRECTED_MODERN
zolyfarkas__spf4j,30,10,0.9235374036578404,0.9119242142253076,CORRECTED_MODERN
zolyfarkas__spf4j,30,11,0.9224924384161124,0.9026022250901288,CORRECTED_MODERN
zolyfarkas__spf4j,30,12,0.922833488102294,0.913542837187878,CORRECTED_MODERN
zolyfarkas__spf4j,30,13,0.9055354567403038,0.8783158184147394,CORRECTED_MODERN
zolyfarkas__spf4j,30,14,0.924726561785659,0.898508378480743,CORRECTED_MODERN
zolyfarkas__spf4j,30,15,0.9126931138829838,0.8941820120941352,CORRECTED_MODERN
zolyfarkas__spf4j,30,16,0.9192005601902128,0.9055409848024464,CORRECTED_MODERN
zolyfarkas__spf4j,30,17,0.9094249393932534,0.8842793079508491,CORRECTED_MODERN
zolyfarkas__spf4j,30,18,0.9174831016072114,0.9057551407618786,CORRECTED_MODERN
zolyfarkas__spf4j,30,19,0.9188183776648352,0.8980656571567256,CORRECTED_MODERN
zolyfarkas__spf4j,30,20,0.9318088276437444,0.9111555028509256,CORRECTED_MODERN
zolyfarkas__spf4j,30,21,0.9190244453393762,0.8934111183186211,CORRECTED_MODERN
zolyfarkas__spf4j,30,22,0.9137629338614656,0.9040037735247284,CORRECTED_MODERN
zolyfarkas__spf4j,30,23,0.9252799534318056,0.924135798247834,CORRECTED_MODERN
zolyfarkas__spf4j,30,24,0.9191170477400378,0.9143140281437168,CORRECTED_MODERN
zolyfarkas__spf4j,30,25,0.9243877283552502,0.9224087027613816,CORRECTED_MODERN
zolyfarkas__spf4j,30,26,0.9223187100979722,0.8954470685374601,CORRECTED_MODERN
zolyfarkas__spf4j,30,27,0.9169837954434352,0.8933309351893621,CORRECTED_MODERN
zolyfarkas__spf4j,30,28,0.9370948944955282,0.9223671882492944,CORRECTED_MODERN
zolyfarkas__spf4j,30,29,0.9234052846204984,0.9264226436240114,CORRECTED_MODERN
zolyfarkas__spf4j,30,30,0.9279968913747684,0.9159193385612048,CORRECTED_MODERN
zolyfarkas__spf4j,40,1,0.918065049412338,0.9007027800116607,CORRECTED_MODERN
zolyfarkas__spf4j,40,2,0.9061947436090636,0.8985674721172183,CORRECTED_MODERN
zolyfarkas__spf4j,40,3,0.9190264759780268,0.9079874675461204,CORRECTED_MODERN
zolyfarkas__spf4j,40,4,0.91859894341518,0.901556085010244,CORRECTED_MODERN
zolyfarkas__spf4j,40,5,0.9382671280641318,0.9238103836075008,CORRECTED_MODERN
zolyfarkas__spf4j,40,6,0.9232238099447256,0.9069088174317964,CORRECTED_MODERN
zolyfarkas__spf4j,40,7,0.9123179389101272,0.901818287932742,CORRECTED_MODERN
zolyfarkas__spf4j,40,8,0.9094183652570712,0.8917785219483564,CORRECTED_MODERN
zolyfarkas__spf4j,40,9,0.9276473670548248,0.9242340228471172,CORRECTED_MODERN
zolyfarkas__spf4j,40,10,0.9389484848064992,0.9222348791433742,CORRECTED_MODERN
zolyfarkas__spf4j,40,11,0.9209114923923823,0.9023662032194028,CORRECTED_MODERN
zolyfarkas__spf4j,40,12,0.9207734171526768,0.9103602757371576,CORRECTED_MODERN
zolyfarkas__spf4j,40,13,0.9123989947060264,0.8833411088908367,CORRECTED_MODERN
zolyfarkas__spf4j,40,14,0.9184752510784624,0.8962067395064094,CORRECTED_MODERN
zolyfarkas__spf4j,40,15,0.9170258924819216,0.9004011156814272,CORRECTED_MODERN
zolyfarkas__spf4j,40,16,0.9236640628065294,0.9127562580601336,CORRECTED_MODERN
zolyfarkas__spf4j,40,17,0.9191869128624632,0.903945087846927,CORRECTED_MODERN
zolyfarkas__spf4j,40,18,0.9211522297602468,0.8973509346757151,CORRECTED_MODERN
zolyfarkas__spf4j,40,19,0.9174586857556748,0.899154715614032,CORRECTED_MODERN
zolyfarkas__spf4j,40,20,0.931343458501765,0.9038299130235252,CORRECTED_MODERN
zolyfarkas__spf4j,40,21,0.916558915525086,0.8931442014248623,CORRECTED_MODERN
zolyfarkas__spf4j,40,22,0.9185625609010236,0.8968726923939571,CORRECTED_MODERN
zolyfarkas__spf4j,40,23,0.929577797346099,0.9170853887720516,CORRECTED_MODERN
zolyfarkas__spf4j,40,24,0.9267188926978204,0.9225892155764224,CORRECTED_MODERN
zolyfarkas__spf4j,40,25,0.928007666387743,0.9259084622189956,CORRECTED_MODERN
zolyfarkas__spf4j,40,26,0.9204636876619164,0.8990570856288919,CORRECTED_MODERN
zolyfarkas__spf4j,40,27,0.9148334091549956,0.9005170312816418,CORRECTED_MODERN
zolyfarkas__spf4j,40,28,0.9353969807365602,0.925309179628501,CORRECTED_MODERN
zolyfarkas__spf4j,40,29,0.9146260560353532,0.9127761809127758,CORRECTED_MODERN
zolyfarkas__spf4j,40,30,0.9270251719228048,0.9164450784261964,CORRECTED_MODERN
zolyfarkas__spf4j,50,1,0.9235387602412642,0.9091075638054203,CORRECTED_MODERN
zolyfarkas__spf4j,50,2,0.9100130989338996,0.9091609563342578,CORRECTED_MODERN
zolyfarkas__spf4j,50,3,0.9214225099613697,0.908088712371003,CORRECTED_MODERN
zolyfarkas__spf4j,50,4,0.9214344355948896,0.9073889343370732,CORRECTED_MODERN
zolyfarkas__spf4j,50,5,0.9414554149969608,0.9214034857423772,CORRECTED_MODERN
zolyfarkas__spf4j,50,6,0.92278848731863,0.9086576205102448,CORRECTED_MODERN
zolyfarkas__spf4j,50,7,0.9148191130530844,0.901155229132033,CORRECTED_MODERN
zolyfarkas__spf4j,50,8,0.9195969694621028,0.90262523050704,CORRECTED_MODERN
zolyfarkas__spf4j,50,9,0.9224763752196306,0.9225311861326136,CORRECTED_MODERN
zolyfarkas__spf4j,50,10,0.937541346722398,0.9195041000950228,CORRECTED_MODERN
zolyfarkas__spf4j,50,11,0.9271728548307804,0.9123760301904756,CORRECTED_MODERN
zolyfarkas__spf4j,50,12,0.9188056408422252,0.9120499961461002,CORRECTED_MODERN
zolyfarkas__spf4j,50,13,0.9058111565843,0.8795623431392172,CORRECTED_MODERN
zolyfarkas__spf4j,50,14,0.9184111991629748,0.8998228509342133,CORRECTED_MODERN
zolyfarkas__spf4j,50,15,0.9121559167924812,0.8977031979573272,CORRECTED_MODERN
zolyfarkas__spf4j,50,16,0.9251386801687486,0.9186921152936612,CORRECTED_MODERN
zolyfarkas__spf4j,50,17,0.9333529356834128,0.9210919278477752,CORRECTED_MODERN
zolyfarkas__spf4j,50,18,0.923324399496016,0.9015045202883704,CORRECTED_MODERN
zolyfarkas__spf4j,50,19,0.9204850756743908,0.9052054279026824,CORRECTED_MODERN
zolyfarkas__spf4j,50,20,0.9199802935296222,0.902989450982699,CORRECTED_MODERN
zolyfarkas__spf4j,50,21,0.9253132783591445,0.9042888353860854,CORRECTED_MODERN
zolyfarkas__spf4j,50,22,0.91949939280601,0.9001462311067884,CORRECTED_MODERN
zolyfarkas__spf4j,50,23,0.9193072191631516,0.8962581622405669,CORRECTED_MODERN
zolyfarkas__spf4j,50,24,0.9254390872040462,0.9198045907154716,CORRECTED_MODERN
zolyfarkas__spf4j,50,25,0.9244368378320282,0.9261308159984888,CORRECTED_MODERN
zolyfarkas__spf4j,50,26,0.921798130011448,0.9048429273924654,CORRECTED_MODERN
zolyfarkas__spf4j,50,27,0.9173416420516012,0.8986536098610668,CORRECTED_MODERN
zolyfarkas__spf4j,50,28,0.9432077178404392,0.9282545608651384,CORRECTED_MODERN
zolyfarkas__spf4j,50,29,0.92159449308169,0.9070791717646904,CORRECTED_MODERN
zolyfarkas__spf4j,50,30,0.9320368559417168,0.9155923097253804,CORRECTED_MODERN
Angel-ML__angel,0,1,0.8612055718446695,0.8728478624916338,UNCHANGED_LEGACY
Angel-ML__angel,0,2,0.8612055718446695,0.8728478624916338,UNCHANGED_LEGACY
Angel-ML__angel,0,3,0.8612055718446695,0.8728478624916338,UNCHANGED_LEGACY
Angel-ML__angel,0,4,0.8612055718446695,0.8728478624916338,UNCHANGED_LEGACY
Angel-ML__angel,0,5,0.8612055718446695,0.8728478624916338,UNCHANGED_LEGACY
Angel-ML__angel,0,6,0.8612055718446695,0.8728478624916338,UNCHANGED_LEGACY
Angel-ML__angel,0,7,0.8612055718446695,0.8728478624916338,UNCHANGED_LEGACY
Angel-ML__angel,0,8,0.8612055718446695,0.8728478624916338,UNCHANGED_LEGACY
Angel-ML__angel,0,9,0.8612055718446695,0.8728478624916338,UNCHANGED_LEGACY
Angel-ML__angel,0,10,0.8612055718446695,0.8728478624916338,UNCHANGED_LEGACY
Angel-ML__angel,0,11,0.8612055718446695,0.8728478624916338,UNCHANGED_LEGACY
Angel-ML__angel,0,12,0.8612055718446695,0.8728478624916338,UNCHANGED_LEGACY
Angel-ML__angel,0,13,0.8612055718446695,0.8728478624916338,UNCHANGED_LEGACY
Angel-ML__angel,0,14,0.8612055718446695,0.8728478624916338,UNCHANGED_LEGACY
Angel-ML__angel,0,15,0.8612055718446695,0.8728478624916338,UNCHANGED_LEGACY
Angel-ML__angel,0,16,0.8612055718446695,0.8728478624916338,UNCHANGED_LEGACY
Angel-ML__angel,0,17,0.8612055718446695,0.8728478624916338,UNCHANGED_LEGACY
Angel-ML__angel,0,18,0.8612055718446695,0.8728478624916338,UNCHANGED_LEGACY
Angel-ML__angel,0,19,0.8612055718446695,0.8728478624916338,UNCHANGED_LEGACY
Angel-ML__angel,0,20,0.8612055718446695,0.8728478624916338,UNCHANGED_LEGACY
Angel-ML__angel,0,21,0.8612055718446695,0.8728478624916338,UNCHANGED_LEGACY
Angel-ML__angel,0,22,0.8612055718446695,0.8728478624916338,UNCHANGED_LEGACY
Angel-ML__angel,0,23,0.8612055718446695,0.8728478624916338,UNCHANGED_LEGACY
Angel-ML__angel,0,24,0.8612055718446695,0.8728478624916338,UNCHANGED_LEGACY
Angel-ML__angel,0,25,0.8612055718446695,0.8728478624916338,UNCHANGED_LEGACY
Angel-ML__angel,0,26,0.8612055718446695,0.8728478624916338,UNCHANGED_LEGACY
Angel-ML__angel,0,27,0.8612055718446695,0.8728478624916338,UNCHANGED_LEGACY
Angel-ML__angel,0,28,0.8612055718446695,0.8728478624916338,UNCHANGED_LEGACY
Angel-ML__angel,0,29,0.8612055718446695,0.8728478624916338,UNCHANGED_LEGACY
Angel-ML__angel,0,30,0.8612055718446695,0.8728478624916338,UNCHANGED_LEGACY
Angel-ML__angel,5,1,0.8151346029165578,0.8240976924921997,UNCHANGED_LEGACY
Angel-ML__angel,5,2,0.8282086974192238,0.843332728880366,UNCHANGED_LEGACY
Angel-ML__angel,5,3,0.8257597178273869,0.835747050857584,UNCHANGED_LEGACY
Angel-ML__angel,5,4,0.817651609719279,0.8331260054291697,UNCHANGED_LEGACY
Angel-ML__angel,5,5,0.822685623324721,0.8342501784692864,UNCHANGED_LEGACY
Angel-ML__angel,5,6,0.8214059763307884,0.8328017660786562,UNCHANGED_LEGACY
Angel-ML__angel,5,7,0.8260869838689388,0.8391769776744582,UNCHANGED_LEGACY
Angel-ML__angel,5,8,0.8212570518961496,0.8392707763815056,UNCHANGED_LEGACY
Angel-ML__angel,5,9,0.818059772984585,0.8315836211163259,UNCHANGED_LEGACY
Angel-ML__angel,5,10,0.820576779787306,0.8348416925500362,UNCHANGED_LEGACY
Angel-ML__angel,5,11,0.8162910655015919,0.8333714017217871,UNCHANGED_LEGACY
Angel-ML__angel,5,12,0.8220182212287475,0.8389883968322079,UNCHANGED_LEGACY
Angel-ML__angel,5,13,0.8211890246852652,0.8372705335583035,UNCHANGED_LEGACY
Angel-ML__angel,5,14,0.8199645348893468,0.833628612684796,UNCHANGED_LEGACY
Angel-ML__angel,5,15,0.8263848327382162,0.8421810679300918,UNCHANGED_LEGACY
Angel-ML__angel,5,16,0.8193522899913878,0.8346772786967076,UNCHANGED_LEGACY
Angel-ML__angel,5,17,0.8259637994600401,0.8393542592560992,UNCHANGED_LEGACY
Angel-ML__angel,5,18,0.8224263844940537,0.8382041627419563,UNCHANGED_LEGACY
Angel-ML__angel,5,19,0.8221414056376463,0.8401181797705884,UNCHANGED_LEGACY
Angel-ML__angel,5,20,0.8220733784267619,0.8361337915744389,UNCHANGED_LEGACY
Angel-ML__angel,5,21,0.8286848878954142,0.8418068370160466,UNCHANGED_LEGACY
Angel-ML__angel,5,22,0.8279237185628163,0.8416240670875365,UNCHANGED_LEGACY
Angel-ML__angel,5,23,0.823650874289972,0.8379238903924959,UNCHANGED_LEGACY
Angel-ML__angel,5,24,0.8263719627253462,0.8441652786954895,UNCHANGED_LEGACY
Angel-ML__angel,5,25,0.8198284804675782,0.831495224684092,UNCHANGED_LEGACY
Angel-ML__angel,5,26,0.8248624940730204,0.8382878066406972,UNCHANGED_LEGACY
Angel-ML__angel,5,27,0.8181958274063537,0.8380804802958296,UNCHANGED_LEGACY
Angel-ML__angel,5,28,0.827868561364802,0.8411240519046179,UNCHANGED_LEGACY
Angel-ML__angel,5,29,0.822685623324721,0.8365130833416561,UNCHANGED_LEGACY
Angel-ML__angel,5,30,0.8230937865900272,0.8359172638721899,UNCHANGED_LEGACY
Angel-ML__angel,10,1,0.815746847814517,0.8232489174749766,UNCHANGED_LEGACY
Angel-ML__angel,10,2,0.8228216777464897,0.8391519481869637,UNCHANGED_LEGACY
Angel-ML__angel,10,3,0.8250665757056735,0.833830142310741,UNCHANGED_LEGACY
Angel-ML__angel,10,4,0.8113931063179184,0.8255416761290226,UNCHANGED_LEGACY
Angel-ML__angel,10,5,0.8209169158417279,0.8350676571078142,UNCHANGED_LEGACY
Angel-ML__angel,10,6,0.8183318818281224,0.830752820044108,UNCHANGED_LEGACY
Angel-ML__angel,10,7,0.8247944668621361,0.8386241245007154,UNCHANGED_LEGACY
Angel-ML__angel,10,8,0.8128897049573741,0.8330937886533997,UNCHANGED_LEGACY
Angel-ML__angel,10,9,0.8141822219641768,0.8231456105122544,UNCHANGED_LEGACY
Angel-ML__angel,10,10,0.8163590927124762,0.832711021741481,UNCHANGED_LEGACY
Angel-ML__angel,10,11,0.815746847814517,0.8314042900018089,UNCHANGED_LEGACY
Angel-ML__angel,10,12,0.8208488886308435,0.8385408558737053,UNCHANGED_LEGACY
Angel-ML__angel,10,13,0.8161550110798231,0.8319998208784234,UNCHANGED_LEGACY
Angel-ML__angel,10,14,0.814794466862136,0.825217659366804,UNCHANGED_LEGACY
Angel-ML__angel,10,15,0.8171073920322041,0.8318895121916082,UNCHANGED_LEGACY
Angel-ML__angel,10,16,0.820168616522,0.8350390656312845,UNCHANGED_LEGACY
Angel-ML__angel,10,17,0.8247264396512517,0.8379244563231699,UNCHANGED_LEGACY
Angel-ML__angel,10,18,0.8175835825083945,0.8349525211525448,UNCHANGED_LEGACY
Angel-ML__angel,10,19,0.8183318818281224,0.8353018939002707,UNCHANGED_LEGACY
Angel-ML__angel,10,20,0.820168616522,0.836270289230522,UNCHANGED_LEGACY
Angel-ML__angel,10,21,0.82595092944717,0.8399430183889649,UNCHANGED_LEGACY
Angel-ML__angel,10,22,0.8207808614199592,0.8393558073163507,UNCHANGED_LEGACY
Angel-ML__angel,10,23,0.8215971879505714,0.8373023263040036,UNCHANGED_LEGACY
Angel-ML__angel,10,24,0.8211209974743809,0.8388470427755811,UNCHANGED_LEGACY
Angel-ML__angel,10,25,0.8197604532566939,0.8302727346869586,UNCHANGED_LEGACY
Angel-ML__angel,10,26,0.8212570518961496,0.8363509267071949,UNCHANGED_LEGACY
Angel-ML__angel,10,27,0.8141141947532925,0.8335196744654582,UNCHANGED_LEGACY
Angel-ML__angel,10,28,0.8293522899913877,0.842863540900687,UNCHANGED_LEGACY
Angel-ML__angel,10,29,0.8194203172022722,0.8335000209488036,UNCHANGED_LEGACY
Angel-ML__angel,10,30,0.8168352831886666,0.8295808649902342,UNCHANGED_LEGACY
Angel-ML__angel,15,1,0.811325079107034,0.822422690672772,UNCHANGED_LEGACY
Angel-ML__angel,15,2,0.8170393648213198,0.8298652696445084,UNCHANGED_LEGACY
Angel-ML__angel,15,3,0.8207128342090748,0.8316169784866841,UNCHANGED_LEGACY
Angel-ML__angel,15,4,0.8071754192430883,0.8176413510193309,UNCHANGED_LEGACY
Angel-ML__angel,15,5,0.8194203172022722,0.8335663168468909,UNCHANGED_LEGACY
Angel-ML__angel,15,6,0.8131618138009115,0.8264184303296069,UNCHANGED_LEGACY
Angel-ML__angel,15,7,0.8241141947532925,0.8372558620158262,UNCHANGED_LEGACY
Angel-ML__angel,15,8,0.8128897049573741,0.8328504701394221,UNCHANGED_LEGACY
Angel-ML__angel,15,9,0.8090801811478503,0.8201615659680025,UNCHANGED_LEGACY
Angel-ML__angel,15,10,0.8187400450934286,0.8338935929030099,UNCHANGED_LEGACY
Angel-ML__angel,15,11,0.809012153936966,0.8246186024255556,UNCHANGED_LEGACY
Angel-ML__angel,15,12,0.8135019498553333,0.8316391737601643,UNCHANGED_LEGACY
Angel-ML__angel,15,13,0.8146584124403674,0.8270220049180647,UNCHANGED_LEGACY
Angel-ML__angel,15,14,0.8109849430526123,0.825118059626666,UNCHANGED_LEGACY
Angel-ML__angel,15,15,0.8175155552975102,0.8314742646426344,UNCHANGED_LEGACY
Angel-ML__angel,15,16,0.8188760995151972,0.8339007497691252,UNCHANGED_LEGACY
Angel-ML__angel,15,17,0.8173114736648571,0.8331475808710388,UNCHANGED_LEGACY
Angel-ML__angel,15,18,0.8113931063179184,0.82522696732599,UNCHANGED_LEGACY
Angel-ML__angel,15,19,0.8158148750254013,0.8327794786310895,UNCHANGED_LEGACY
Angel-ML__angel,15,20,0.8141141947532925,0.8326422698806281,UNCHANGED_LEGACY
Angel-ML__angel,15,21,0.8227536505356055,0.8361312064008969,UNCHANGED_LEGACY
Angel-ML__angel,15,22,0.8178556913519319,0.8359360689799872,UNCHANGED_LEGACY
Angel-ML__angel,15,23,0.8087400450934286,0.8255852078848946,UNCHANGED_LEGACY
Angel-ML__angel,15,24,0.8209169158417279,0.8384322089696362,UNCHANGED_LEGACY
Angel-ML__angel,15,25,0.8175835825083945,0.830283043515623,UNCHANGED_LEGACY
Angel-ML__angel,15,26,0.8151346029165578,0.8313595253885453,UNCHANGED_LEGACY
Angel-ML__angel,15,27,0.8137060314879864,0.8334951257124119,UNCHANGED_LEGACY
Angel-ML__angel,15,28,0.8273114736648571,0.8406830399125432,UNCHANGED_LEGACY
Angel-ML__angel,15,29,0.816903310399551,0.831988077584967,UNCHANGED_LEGACY
Angel-ML__angel,15,30,0.8119373240049932,0.8250214137365582,UNCHANGED_LEGACY
Angel-ML__angel,20,1,0.8207128342090748,0.8335423254568814,UNCHANGED_LEGACY
Angel-ML__angel,20,2,0.8130257593791429,0.8282483881332665,UNCHANGED_LEGACY
Angel-ML__angel,20,3,0.8202366437328843,0.8306138349831891,UNCHANGED_LEGACY
Angel-ML__angel,20,4,0.8048624940730205,0.8156165323789667,UNCHANGED_LEGACY
Angel-ML__angel,20,5,0.8179237185628162,0.8322117387573086,UNCHANGED_LEGACY
Angel-ML__angel,20,6,0.8126175961138368,0.826102082766383,UNCHANGED_LEGACY
Angel-ML__angel,20,7,0.8243182763859455,0.837877855702559,UNCHANGED_LEGACY
Angel-ML__angel,20,8,0.8107128342090748,0.8296768309574867,UNCHANGED_LEGACY
Angel-ML__angel,20,9,0.804590385229483,0.8172532907722128,UNCHANGED_LEGACY
Angel-ML__angel,20,10,0.8147264396512517,0.8301096984633903,UNCHANGED_LEGACY
Angel-ML__angel,20,11,0.8056107933927483,0.8228660951117991,UNCHANGED_LEGACY
Angel-ML__angel,20,12,0.8131618138009115,0.8331494233779646,UNCHANGED_LEGACY
Angel-ML__angel,20,13,0.8144543308077142,0.8267417378978424,UNCHANGED_LEGACY
Angel-ML__angel,20,14,0.8095563716240408,0.8220328133818201,UNCHANGED_LEGACY
Angel-ML__angel,20,15,0.8137740586988708,0.8299206017966988,UNCHANGED_LEGACY
Angel-ML__angel,20,16,0.8125495689029523,0.8308256987052831,UNCHANGED_LEGACY
Angel-ML__angel,20,17,0.8152026301274421,0.8328309892962255,UNCHANGED_LEGACY
Angel-ML__angel,20,18,0.8077876641410475,0.8236051503014695,UNCHANGED_LEGACY
Angel-ML__angel,20,19,0.8081958274063537,0.8262081734506665,UNCHANGED_LEGACY
Angel-ML__angel,20,20,0.815746847814517,0.8339272965774128,UNCHANGED_LEGACY
Angel-ML__angel,20,21,0.8181278001954694,0.8335586741304383,UNCHANGED_LEGACY
Angel-ML__angel,20,22,0.8174475280866258,0.8349969349927928,UNCHANGED_LEGACY
Angel-ML__angel,20,23,0.8060189566580543,0.8254550646838466,UNCHANGED_LEGACY
Angel-ML__angel,20,24,0.8179237185628162,0.8360965511021152,UNCHANGED_LEGACY
Angel-ML__angel,20,25,0.8052026301274422,0.8198138536604447,UNCHANGED_LEGACY
Angel-ML__angel,20,26,0.8143182763859456,0.8309443942160355,UNCHANGED_LEGACY
Angel-ML__angel,20,27,0.8098965076784624,0.8320217305032227,UNCHANGED_LEGACY
Angel-ML__angel,20,28,0.8264951471342449,0.8385864284579195,UNCHANGED_LEGACY
Angel-ML__angel,20,29,0.8154067117600953,0.8307456775443344,UNCHANGED_LEGACY
Angel-ML__angel,20,30,0.8058829022362858,0.817276055186705,UNCHANGED_LEGACY
Angel-ML__angel,25,1,0.8205087525764218,0.8335420621658631,UNCHANGED_LEGACY
Angel-ML__angel,25,2,0.8183318818281224,0.8319031634904227,UNCHANGED_LEGACY
Angel-ML__angel,25,3,0.8174475280866258,0.8298776834729794,UNCHANGED_LEGACY
Angel-ML__angel,25,4,0.804590385229483,0.8150983295534088,UNCHANGED_LEGACY
Angel-ML__angel,25,5,0.8105087525764217,0.8230212447278374,UNCHANGED_LEGACY
Angel-ML__angel,25,6,0.8107128342090748,0.8243521900998684,UNCHANGED_LEGACY
Angel-ML__angel,25,7,0.8209849430526122,0.8369068197116158,UNCHANGED_LEGACY
Angel-ML__angel,25,8,0.8098965076784624,0.8291439550116388,UNCHANGED_LEGACY
Angel-ML__angel,25,9,0.8041822219641769,0.8167673433159726,UNCHANGED_LEGACY
Angel-ML__angel,25,10,0.811325079107034,0.827986779738713,UNCHANGED_LEGACY
Angel-ML__angel,25,11,0.803638004277102,0.8207399777333351,UNCHANGED_LEGACY
Angel-ML__angel,25,12,0.8109849430526123,0.8298926515873605,UNCHANGED_LEGACY
Angel-ML__angel,25,13,0.8104407253655374,0.8224796133668517,UNCHANGED_LEGACY
Angel-ML__angel,25,14,0.8034339226444489,0.8175046628468338,UNCHANGED_LEGACY
Angel-ML__angel,25,15,0.793638004277102,0.8108803477942501,UNCHANGED_LEGACY
Angel-ML__angel,25,16,0.8058148750254013,0.8261986678292436,UNCHANGED_LEGACY
Angel-ML__angel,25,17,0.8155427661818638,0.8320570845060586,UNCHANGED_LEGACY
Angel-ML__angel,25,18,0.8056788206036326,0.8233744668246502,UNCHANGED_LEGACY
Angel-ML__angel,25,19,0.8011890246852653,0.8207694265783422,UNCHANGED_LEGACY
Angel-ML__angel,25,20,0.8149985484947891,0.8325635996827783,UNCHANGED_LEGACY
Angel-ML__angel,25,21,0.812685623324721,0.8278563602804198,UNCHANGED_LEGACY
Angel-ML__angel,25,22,0.8174475280866258,0.8346898373640318,UNCHANGED_LEGACY
Angel-ML__angel,25,23,0.8037060314879864,0.8254365152960296,UNCHANGED_LEGACY
Angel-ML__angel,25,24,0.8137740586988708,0.8308784436181578,UNCHANGED_LEGACY
Angel-ML__angel,25,25,0.8001005893111156,0.8154866471206905,UNCHANGED_LEGACY
Angel-ML__angel,25,26,0.8139101131206393,0.8304915336644373,UNCHANGED_LEGACY
Angel-ML__angel,25,27,0.8105087525764217,0.8320492632211438,UNCHANGED_LEGACY
Angel-ML__angel,25,28,0.8254067117600953,0.8377922009114199,UNCHANGED_LEGACY
Angel-ML__angel,25,29,0.8209169158417279,0.8339020383383275,UNCHANGED_LEGACY
Angel-ML__angel,25,30,0.8043863035968298,0.815567358294449,UNCHANGED_LEGACY
Angel-ML__angel,30,1,0.8196243988349251,0.8330006817606724,UNCHANGED_LEGACY
Angel-ML__angel,30,2,0.8153386845492109,0.8282777071308647,UNCHANGED_LEGACY
Angel-ML__angel,30,3,0.8277876641410477,0.840598464700725,UNCHANGED_LEGACY
Angel-ML__angel,30,4,0.8020733784267619,0.8149736277000736,UNCHANGED_LEGACY
Angel-ML__angel,30,5,0.8111209974743809,0.8233011481557009,UNCHANGED_LEGACY
Angel-ML__angel,30,6,0.8203046709437686,0.8336083052240716,UNCHANGED_LEGACY
Angel-ML__angel,30,7,0.8209849430526122,0.8378250283316836,UNCHANGED_LEGACY
Angel-ML__angel,30,8,0.8098965076784624,0.8291439550116388,UNCHANGED_LEGACY
Angel-ML__angel,30,9,0.8041822219641769,0.8167673433159726,UNCHANGED_LEGACY
Angel-ML__angel,30,10,0.8123454872702993,0.8289756381153771,UNCHANGED_LEGACY
Angel-ML__angel,30,11,0.8158148750254013,0.8301266580657822,UNCHANGED_LEGACY
Angel-ML__angel,30,12,0.8121414056376463,0.8295150523701371,UNCHANGED_LEGACY
Angel-ML__angel,30,13,0.8063590927124762,0.8181759595624865,UNCHANGED_LEGACY
Angel-ML__angel,30,14,0.7954067117600953,0.8131564487697585,UNCHANGED_LEGACY
Angel-ML__angel,30,15,0.7921414056376462,0.8094697890190952,UNCHANGED_LEGACY
Angel-ML__angel,30,16,0.8028216777464898,0.8228051418349598,UNCHANGED_LEGACY
Angel-ML__angel,30,17,0.8146584124403674,0.8306057783113939,UNCHANGED_LEGACY
Angel-ML__angel,30,18,0.8056788206036326,0.8233744668246502,UNCHANGED_LEGACY
Angel-ML__angel,30,19,0.7973795008757414,0.8165604087448927,UNCHANGED_LEGACY
Angel-ML__angel,30,20,0.8145223580185986,0.8311001005421198,UNCHANGED_LEGACY
Angel-ML__angel,30,21,0.8067672559777822,0.8234273709396706,UNCHANGED_LEGACY
Angel-ML__angel,30,22,0.8132298410117959,0.8310265608692522,UNCHANGED_LEGACY
Angel-ML__angel,30,23,0.7971754192430884,0.8206197900840072,UNCHANGED_LEGACY
Angel-ML__angel,30,24,0.8091482083587346,0.8259817416608406,UNCHANGED_LEGACY
Angel-ML__angel,30,25,0.7981958274063538,0.8137690138727601,UNCHANGED_LEGACY
Angel-ML__angel,30,26,0.8147264396512517,0.8311905211675422,UNCHANGED_LEGACY
Angel-ML__angel,30,27,0.8098284804675782,0.8309639816926849,UNCHANGED_LEGACY
Angel-ML__angel,30,28,0.8253386845492108,0.8368600105081667,UNCHANGED_LEGACY
Angel-ML__angel,30,29,0.8215291607396871,0.8341513498573898,UNCHANGED_LEGACY
Angel-ML__angel,30,30,0.8032978682226802,0.8138606284034858,UNCHANGED_LEGACY
Angel-ML__angel,40,1,0.8204407253655374,0.833896773935197,UNCHANGED_LEGACY
Angel-ML__angel,40,2,0.8129577321682585,0.8268612333818549,UNCHANGED_LEGACY
Angel-ML__angel,40,3,0.8267672559777823,0.8398865759377198,UNCHANGED_LEGACY
Angel-ML__angel,40,4,0.798263854617238,0.8131578391083634,UNCHANGED_LEGACY
Angel-ML__angel,40,5,0.8008488886308436,0.8142509341492092,UNCHANGED_LEGACY
Angel-ML__angel,40,6,0.8198965076784626,0.8330403774972338,UNCHANGED_LEGACY
Angel-ML__angel,40,7,0.8171073920322041,0.834266369022503,UNCHANGED_LEGACY
Angel-ML__angel,40,8,0.8021414056376462,0.8232608438741226,UNCHANGED_LEGACY
Angel-ML__angel,40,9,0.7990121539369659,0.814758278099318,UNCHANGED_LEGACY
Angel-ML__angel,40,10,0.812685623324721,0.8292222411149568,UNCHANGED_LEGACY
Angel-ML__angel,40,11,0.8122094328485305,0.8269721514735666,UNCHANGED_LEGACY
Angel-ML__angel,40,12,0.8266992287668978,0.8385418371214702,UNCHANGED_LEGACY
Angel-ML__angel,40,13,0.806155011079823,0.8178736889357289,UNCHANGED_LEGACY
Angel-ML__angel,40,14,0.8243182763859455,0.8376005203265444,UNCHANGED_LEGACY
Angel-ML__angel,40,15,0.7926175961138366,0.8107242105979003,UNCHANGED_LEGACY
Angel-ML__angel,40,16,0.8029577321682585,0.8242001867464711,UNCHANGED_LEGACY
Angel-ML__angel,40,17,0.8086720178825442,0.8278768087537038,UNCHANGED_LEGACY
Angel-ML__angel,40,18,0.7973114736648571,0.8148283865370752,UNCHANGED_LEGACY
Angel-ML__angel,40,19,0.7954747389709796,0.8165586901247647,UNCHANGED_LEGACY
Angel-ML__angel,40,20,0.8245903852294829,0.8377726456875113,UNCHANGED_LEGACY
Angel-ML__angel,40,21,0.7960869838689388,0.8078550575701736,UNCHANGED_LEGACY
Angel-ML__angel,40,22,0.8113931063179184,0.8282649278984342,UNCHANGED_LEGACY
Angel-ML__angel,40,23,0.7981958274063538,0.8213524367591429,UNCHANGED_LEGACY
Angel-ML__angel,40,24,0.8049305212839047,0.8214749739416494,UNCHANGED_LEGACY
Angel-ML__angel,40,25,0.7953386845492109,0.8137510928526382,UNCHANGED_LEGACY
Angel-ML__angel,40,26,0.8085359634607754,0.8224592434061933,UNCHANGED_LEGACY
Angel-ML__angel,40,27,0.8041141947532925,0.8245387845558391,UNCHANGED_LEGACY
Angel-ML__angel,40,28,0.8253386845492108,0.8368600105081667,UNCHANGED_LEGACY
Angel-ML__angel,40,29,0.8213250791070339,0.8345686034331702,UNCHANGED_LEGACY
Angel-ML__angel,40,30,0.8003046709437687,0.8098561994262263,UNCHANGED_LEGACY
Angel-ML__angel,50,1,0.8212570518961496,0.8351550542496599,UNCHANGED_LEGACY
Angel-ML__angel,50,2,0.8276516097192789,0.8409727329748798,UNCHANGED_LEGACY
Angel-ML__angel,50,3,0.8260869838689388,0.8380866947143796,UNCHANGED_LEGACY
Angel-ML__angel,50,4,0.8198965076784626,0.8310797572961542,UNCHANGED_LEGACY
Angel-ML__angel,50,5,0.7981278001954694,0.8137296545861624,UNCHANGED_LEGACY
Angel-ML__angel,50,6,0.8247944668621361,0.8370998611068162,UNCHANGED_LEGACY
Angel-ML__angel,50,7,0.8211890246852652,0.8340903059469637,UNCHANGED_LEGACY
Angel-ML__angel,50,8,0.8102366437328844,0.8293149199869222,UNCHANGED_LEGACY
Angel-ML__angel,50,9,0.7930937865900273,0.810209160621712,UNCHANGED_LEGACY
Angel-ML__angel,50,10,0.8081958274063537,0.8260985822256636,UNCHANGED_LEGACY
Angel-ML__angel,50,11,0.8064951471342449,0.8223298546216468,UNCHANGED_LEGACY
Angel-ML__angel,50,12,0.8264951471342449,0.8382889649048263,UNCHANGED_LEGACY
Angel-ML__angel,50,13,0.8210529702634967,0.8340590555267732,UNCHANGED_LEGACY
Angel-ML__angel,50,14,0.8239781403315237,0.8353031458335065,UNCHANGED_LEGACY
Angel-ML__angel,50,15,0.789216235569619,0.8068786546159937,UNCHANGED_LEGACY
Angel-ML__angel,50,16,0.808059772984585,0.8264195889051458,UNCHANGED_LEGACY
Angel-ML__angel,50,17,0.8254747389709796,0.8375007808973752,UNCHANGED_LEGACY
Angel-ML__angel,50,18,0.7932978682226802,0.8106903974524126,UNCHANGED_LEGACY
Angel-ML__angel,50,19,0.7923454872702992,0.8132895259763434,UNCHANGED_LEGACY
Angel-ML__angel,50,20,0.8233658954335645,0.8363573060117565,UNCHANGED_LEGACY
Angel-ML__angel,50,21,0.7964271199233606,0.8082674919581168,UNCHANGED_LEGACY
Angel-ML__angel,50,22,0.82438630359683,0.8371182385927278,UNCHANGED_LEGACY
Angel-ML__angel,50,23,0.7929577321682585,0.8118544078981919,UNCHANGED_LEGACY
Angel-ML__angel,50,24,0.8006448069981904,0.818466646675847,UNCHANGED_LEGACY
Angel-ML__angel,50,25,0.7945223580185986,0.8128743964498005,UNCHANGED_LEGACY
Angel-ML__angel,50,26,0.8078556913519319,0.8210539706239134,UNCHANGED_LEGACY
Angel-ML__angel,50,27,0.8030257593791428,0.8223063642328451,UNCHANGED_LEGACY
Angel-ML__angel,50,28,0.8237060314879864,0.836034580627906,UNCHANGED_LEGACY
Angel-ML__angel,50,29,0.8201005893111156,0.8330890959749381,UNCHANGED_LEGACY
Angel-ML__angel,50,30,0.8028897049573741,0.8123540633058777,UNCHANGED_LEGACY
CompEvol__beast2,0,1,0.9631320647341324,0.7393776254714395,UNCHANGED_LEGACY
CompEvol__beast2,0,2,0.9631320647341324,0.7393776254714395,UNCHANGED_LEGACY
CompEvol__beast2,0,3,0.9631320647341324,0.7393776254714395,UNCHANGED_LEGACY
CompEvol__beast2,0,4,0.9631320647341324,0.7393776254714395,UNCHANGED_LEGACY
CompEvol__beast2,0,5,0.9631320647341324,0.7393776254714395,UNCHANGED_LEGACY
CompEvol__beast2,0,6,0.9631320647341324,0.7393776254714395,UNCHANGED_LEGACY
CompEvol__beast2,0,7,0.9631320647341324,0.7393776254714395,UNCHANGED_LEGACY
CompEvol__beast2,0,8,0.9631320647341324,0.7393776254714395,UNCHANGED_LEGACY
CompEvol__beast2,0,9,0.9631320647341324,0.7393776254714395,UNCHANGED_LEGACY
CompEvol__beast2,0,10,0.9631320647341324,0.7393776254714395,UNCHANGED_LEGACY
CompEvol__beast2,0,11,0.9631320647341324,0.7393776254714395,UNCHANGED_LEGACY
CompEvol__beast2,0,12,0.9631320647341324,0.7393776254714395,UNCHANGED_LEGACY
CompEvol__beast2,0,13,0.9631320647341324,0.7393776254714395,UNCHANGED_LEGACY
CompEvol__beast2,0,14,0.9631320647341324,0.7393776254714395,UNCHANGED_LEGACY
CompEvol__beast2,0,15,0.9631320647341324,0.7393776254714395,UNCHANGED_LEGACY
CompEvol__beast2,0,16,0.9631320647341324,0.7393776254714395,UNCHANGED_LEGACY
CompEvol__beast2,0,17,0.9631320647341324,0.7393776254714395,UNCHANGED_LEGACY
CompEvol__beast2,0,18,0.9631320647341324,0.7393776254714395,UNCHANGED_LEGACY
CompEvol__beast2,0,19,0.9631320647341324,0.7393776254714395,UNCHANGED_LEGACY
CompEvol__beast2,0,20,0.9631320647341324,0.7393776254714395,UNCHANGED_LEGACY
CompEvol__beast2,0,21,0.9631320647341324,0.7393776254714395,UNCHANGED_LEGACY
CompEvol__beast2,0,22,0.9631320647341324,0.7393776254714395,UNCHANGED_LEGACY
CompEvol__beast2,0,23,0.9631320647341324,0.7393776254714395,UNCHANGED_LEGACY
CompEvol__beast2,0,24,0.9631320647341324,0.7393776254714395,UNCHANGED_LEGACY
CompEvol__beast2,0,25,0.9631320647341324,0.7393776254714395,UNCHANGED_LEGACY
CompEvol__beast2,0,26,0.9631320647341324,0.7393776254714395,UNCHANGED_LEGACY
CompEvol__beast2,0,27,0.9631320647341324,0.7393776254714395,UNCHANGED_LEGACY
CompEvol__beast2,0,28,0.9631320647341324,0.7393776254714395,UNCHANGED_LEGACY
CompEvol__beast2,0,29,0.9631320647341324,0.7393776254714395,UNCHANGED_LEGACY
CompEvol__beast2,0,30,0.9631320647341324,0.7393776254714395,UNCHANGED_LEGACY
CompEvol__beast2,5,1,0.9282546094654358,0.7379307568073828,UNCHANGED_LEGACY
CompEvol__beast2,5,2,0.928460765577134,0.7357419134720556,UNCHANGED_LEGACY
CompEvol__beast2,5,3,0.9318135937073024,0.7335323843048702,UNCHANGED_LEGACY
CompEvol__beast2,5,4,0.943143123281627,0.7321845389947674,UNCHANGED_LEGACY
CompEvol__beast2,5,5,0.932736760915681,0.7343606287860829,UNCHANGED_LEGACY
CompEvol__beast2,5,6,0.9475990113413116,0.7412079420446194,UNCHANGED_LEGACY
CompEvol__beast2,5,7,0.9442242287418524,0.7294347639646053,UNCHANGED_LEGACY
CompEvol__beast2,5,8,0.9418481130734832,0.735643563329822,UNCHANGED_LEGACY
CompEvol__beast2,5,9,0.9491217148454372,0.7436549092948084,UNCHANGED_LEGACY
CompEvol__beast2,5,10,0.9305070454862427,0.7269214115277524,UNCHANGED_LEGACY
CompEvol__beast2,5,11,0.9322978537828056,0.7367892107725306,UNCHANGED_LEGACY
CompEvol__beast2,5,12,0.9330156639885216,0.733728077998492,UNCHANGED_LEGACY
CompEvol__beast2,5,13,0.945184440303042,0.7401529421932173,UNCHANGED_LEGACY
CompEvol__beast2,5,14,0.926209006613621,0.7223412211611513,UNCHANGED_LEGACY
CompEvol__beast2,5,15,0.9422611963670012,0.7265189569588953,UNCHANGED_LEGACY
CompEvol__beast2,5,16,0.937356522405467,0.7287509174932107,UNCHANGED_LEGACY
CompEvol__beast2,5,17,0.9391347222623564,0.7366703310074154,UNCHANGED_LEGACY
CompEvol__beast2,5,18,0.9366163932245846,0.7402391613277887,UNCHANGED_LEGACY
CompEvol__beast2,5,19,0.930689957338628,0.7239263981188906,UNCHANGED_LEGACY
CompEvol__beast2,5,20,0.9311903307179954,0.7344435951508724,UNCHANGED_LEGACY
CompEvol__beast2,5,21,0.9319938138239892,0.737064777182531,UNCHANGED_LEGACY
CompEvol__beast2,5,22,0.9159350027636474,0.7277635959637248,UNCHANGED_LEGACY
CompEvol__beast2,5,23,0.9295870046167226,0.736401249374765,UNCHANGED_LEGACY
CompEvol__beast2,5,24,0.9415991464888748,0.742811566004097,UNCHANGED_LEGACY
CompEvol__beast2,5,25,0.9369801700886676,0.7357820782795972,UNCHANGED_LEGACY
CompEvol__beast2,5,26,0.9341827837640309,0.7343219140386086,UNCHANGED_LEGACY
CompEvol__beast2,5,27,0.9313261512151142,0.7408530235037601,UNCHANGED_LEGACY
CompEvol__beast2,5,28,0.9368145862848412,0.7348895864188163,UNCHANGED_LEGACY
CompEvol__beast2,5,29,0.9407084945240992,0.7365097703551474,UNCHANGED_LEGACY
CompEvol__beast2,5,30,0.9331836451194544,0.7309181463576496,UNCHANGED_LEGACY
CompEvol__beast2,10,1,0.9313420443310396,0.7396018173696353,UNCHANGED_LEGACY
CompEvol__beast2,10,2,0.9214449667709188,0.7300970117093144,UNCHANGED_LEGACY
CompEvol__beast2,10,3,0.9360876634322296,0.7348162849599015,UNCHANGED_LEGACY
CompEvol__beast2,10,4,0.9345256435986238,0.7359679390628736,UNCHANGED_LEGACY
CompEvol__beast2,10,5,0.9327250266303704,0.7353206341746128,UNCHANGED_LEGACY
CompEvol__beast2,10,6,0.9445267034695548,0.7425275380777909,UNCHANGED_LEGACY
CompEvol__beast2,10,7,0.9403760701133816,0.7300493649835806,UNCHANGED_LEGACY
CompEvol__beast2,10,8,0.9433022672067556,0.7364326523354384,UNCHANGED_LEGACY
CompEvol__beast2,10,9,0.9452783129361784,0.740859996888198,UNCHANGED_LEGACY
CompEvol__beast2,10,10,0.9423540051707716,0.7285620964250868,UNCHANGED_LEGACY
CompEvol__beast2,10,11,0.943877022875663,0.732728148223999,UNCHANGED_LEGACY
CompEvol__beast2,10,12,0.934292738363422,0.7349344472740651,UNCHANGED_LEGACY
CompEvol__beast2,10,13,0.9403447696144736,0.7415231851829478,UNCHANGED_LEGACY
CompEvol__beast2,10,14,0.9460780256329768,0.729985207427347,UNCHANGED_LEGACY
CompEvol__beast2,10,15,0.9419425481342378,0.7238621656595486,UNCHANGED_LEGACY
CompEvol__beast2,10,16,0.9240204861208696,0.724188843312012,UNCHANGED_LEGACY
CompEvol__beast2,10,17,0.940786382502504,0.7386375965220295,UNCHANGED_LEGACY
CompEvol__beast2,10,18,0.929507346063396,0.7353211145116533,UNCHANGED_LEGACY
CompEvol__beast2,10,19,0.9442723105305054,0.7360264118684612,UNCHANGED_LEGACY
CompEvol__beast2,10,20,0.9411799226732948,0.7330985881353047,UNCHANGED_LEGACY
CompEvol__beast2,10,21,0.9380592196367924,0.739452484139477,UNCHANGED_LEGACY
CompEvol__beast2,10,22,0.9244954446991476,0.7339974222264262,UNCHANGED_LEGACY
CompEvol__beast2,10,23,0.932095683320198,0.7343196922232801,UNCHANGED_LEGACY
CompEvol__beast2,10,24,0.931637789719496,0.734473950908066,UNCHANGED_LEGACY
CompEvol__beast2,10,25,0.9438137860542491,0.7382799879205769,UNCHANGED_LEGACY
CompEvol__beast2,10,26,0.9362854919866104,0.734280680891968,UNCHANGED_LEGACY
CompEvol__beast2,10,27,0.9209084314398424,0.7229296369692033,UNCHANGED_LEGACY
CompEvol__beast2,10,28,0.9479305434548402,0.7420758667848938,UNCHANGED_LEGACY
CompEvol__beast2,10,29,0.9353698012720564,0.7343303264594574,UNCHANGED_LEGACY
CompEvol__beast2,10,30,0.9308496999770278,0.7302434846458022,UNCHANGED_LEGACY
CompEvol__beast2,15,1,0.9341148405285143,0.7383307245700087,UNCHANGED_LEGACY
CompEvol__beast2,15,2,0.9280610428259108,0.7275243203779908,UNCHANGED_LEGACY
CompEvol__beast2,15,3,0.9325003087579185,0.7285839163903068,UNCHANGED_LEGACY
CompEvol__beast2,15,4,0.9323950787154562,0.7368825409052756,UNCHANGED_LEGACY
CompEvol__beast2,15,5,0.9419231221152082,0.7370086122338478,UNCHANGED_LEGACY
CompEvol__beast2,15,6,0.9447006709085256,0.7427617423831656,UNCHANGED_LEGACY
CompEvol__beast2,15,7,0.9387651223756732,0.7264752485336461,UNCHANGED_LEGACY
CompEvol__beast2,15,8,0.9501046898810398,0.7419511039719574,UNCHANGED_LEGACY
CompEvol__beast2,15,9,0.9399455911480424,0.7404242184840052,UNCHANGED_LEGACY
CompEvol__beast2,15,10,0.9350768696710396,0.7276242056810607,UNCHANGED_LEGACY
CompEvol__beast2,15,11,0.9447174109645744,0.7289963942984165,UNCHANGED_LEGACY
CompEvol__beast2,15,12,0.9299712267968094,0.7299960569506871,UNCHANGED_LEGACY
CompEvol__beast2,15,13,0.9352327149004592,0.740868294752194,UNCHANGED_LEGACY
CompEvol__beast2,15,14,0.9440506373541928,0.7286426152956037,UNCHANGED_LEGACY
CompEvol__beast2,15,15,0.9312655657203764,0.7221567110928967,UNCHANGED_LEGACY
CompEvol__beast2,15,16,0.9210575580507768,0.7274853902308516,UNCHANGED_LEGACY
CompEvol__beast2,15,17,0.9446046516491564,0.7428237554583952,UNCHANGED_LEGACY
CompEvol__beast2,15,18,0.9376635996383574,0.7397722189034467,UNCHANGED_LEGACY
CompEvol__beast2,15,19,0.941804633790018,0.7346607477633895,UNCHANGED_LEGACY
CompEvol__beast2,15,20,0.9438275251218768,0.7405610135417954,UNCHANGED_LEGACY
CompEvol__beast2,15,21,0.934888817626066,0.7399656297183597,UNCHANGED_LEGACY
CompEvol__beast2,15,22,0.9256875265297604,0.7364784574281141,UNCHANGED_LEGACY
CompEvol__beast2,15,23,0.9316318166062412,0.7283898120768721,UNCHANGED_LEGACY
CompEvol__beast2,15,24,0.9430749887217592,0.7414424655398061,UNCHANGED_LEGACY
CompEvol__beast2,15,25,0.9364032694428752,0.7334166017507601,UNCHANGED_LEGACY
CompEvol__beast2,15,26,0.9349460310291152,0.7323225272609649,UNCHANGED_LEGACY
CompEvol__beast2,15,27,0.9236676139201264,0.7201636978954723,UNCHANGED_LEGACY
CompEvol__beast2,15,28,0.9418718183255214,0.7373298145995213,UNCHANGED_LEGACY
CompEvol__beast2,15,29,0.934239477622506,0.7365171734248206,UNCHANGED_LEGACY
CompEvol__beast2,15,30,0.93220229716551,0.7381043772131739,UNCHANGED_LEGACY
CompEvol__beast2,20,1,0.9564513680548766,0.7471085825361219,UNCHANGED_LEGACY
CompEvol__beast2,20,2,0.9387491022599628,0.7272559073471832,UNCHANGED_LEGACY
CompEvol__beast2,20,3,0.9354633300161648,0.7344161999913352,UNCHANGED_LEGACY
CompEvol__beast2,20,4,0.9467083272142528,0.7432072130023779,UNCHANGED_LEGACY
CompEvol__beast2,20,5,0.9393876613012722,0.7366045470175249,UNCHANGED_LEGACY
CompEvol__beast2,20,6,0.9415227404495172,0.7435945663244165,UNCHANGED_LEGACY
CompEvol__beast2,20,7,0.938148864166704,0.7257777040886413,UNCHANGED_LEGACY
CompEvol__beast2,20,8,0.9442338040308214,0.7406140587433624,UNCHANGED_LEGACY
CompEvol__beast2,20,9,0.9363608713069288,0.7388946499994501,UNCHANGED_LEGACY
CompEvol__beast2,20,10,0.933466118205726,0.7285040651674807,UNCHANGED_LEGACY
CompEvol__beast2,20,11,0.9405332372951064,0.727434303729422,UNCHANGED_LEGACY
CompEvol__beast2,20,12,0.936486769327355,0.726960137654523,UNCHANGED_LEGACY
CompEvol__beast2,20,13,0.9327545375868562,0.7381737760018824,UNCHANGED_LEGACY
CompEvol__beast2,20,14,0.928379127806382,0.7107656927981262,UNCHANGED_LEGACY
CompEvol__beast2,20,15,0.9272954139025246,0.7198972306637592,UNCHANGED_LEGACY
CompEvol__beast2,20,16,0.9196881234947228,0.7267269115665085,UNCHANGED_LEGACY
CompEvol__beast2,20,17,0.9428225824222006,0.742887852385551,UNCHANGED_LEGACY
CompEvol__beast2,20,18,0.9340180592704368,0.7361443335324681,UNCHANGED_LEGACY
CompEvol__beast2,20,19,0.9421494703680144,0.73327066843687,UNCHANGED_LEGACY
CompEvol__beast2,20,20,0.9412293453817534,0.7404306076204856,UNCHANGED_LEGACY
CompEvol__beast2,20,21,0.93623781181416,0.7411973152995502,UNCHANGED_LEGACY
CompEvol__beast2,20,22,0.9260360213612978,0.7368102558951067,UNCHANGED_LEGACY
CompEvol__beast2,20,23,0.9268430225262652,0.7258792218224677,UNCHANGED_LEGACY
CompEvol__beast2,20,24,0.9390421377698944,0.7388607204750222,UNCHANGED_LEGACY
CompEvol__beast2,20,25,0.9350276333388884,0.7384714897111023,UNCHANGED_LEGACY
CompEvol__beast2,20,26,0.9423401588955334,0.7408557923171281,UNCHANGED_LEGACY
CompEvol__beast2,20,27,0.9236557567584008,0.7214253430061781,UNCHANGED_LEGACY
CompEvol__beast2,20,28,0.9426255406067464,0.7377071539124156,UNCHANGED_LEGACY
CompEvol__beast2,20,29,0.9315294836432854,0.7238309617816883,UNCHANGED_LEGACY
CompEvol__beast2,20,30,0.9358343458679812,0.7366977714677935,UNCHANGED_LEGACY
CompEvol__beast2,25,1,0.9558219505240506,0.7474838399920256,UNCHANGED_LEGACY
CompEvol__beast2,25,2,0.9237321924860198,0.7146566773421044,UNCHANGED_LEGACY
CompEvol__beast2,25,3,0.933194855736821,0.7339323765543995,UNCHANGED_LEGACY
CompEvol__beast2,25,4,0.9527037289313954,0.7429418158922313,UNCHANGED_LEGACY
CompEvol__beast2,25,5,0.9451972540865232,0.7382830513655398,UNCHANGED_LEGACY
CompEvol__beast2,25,6,0.9389623950998272,0.7420417081647516,UNCHANGED_LEGACY
CompEvol__beast2,25,7,0.9359679834532144,0.7243608805710995,UNCHANGED_LEGACY
CompEvol__beast2,25,8,0.94856542362576,0.7398247809157099,UNCHANGED_LEGACY
CompEvol__beast2,25,9,0.9354677849047198,0.7384522136978297,UNCHANGED_LEGACY
CompEvol__beast2,25,10,0.93737545774351,0.733092412811729,UNCHANGED_LEGACY
CompEvol__beast2,25,11,0.939273728474856,0.7245346577327607,UNCHANGED_LEGACY
CompEvol__beast2,25,12,0.9315162690682754,0.7267465995402295,UNCHANGED_LEGACY
CompEvol__beast2,25,13,0.9352054891154258,0.7377025837932508,UNCHANGED_LEGACY
CompEvol__beast2,25,14,0.923252108559284,0.7089317863760543,UNCHANGED_LEGACY
CompEvol__beast2,25,15,0.9236161427216324,0.7191624246317238,UNCHANGED_LEGACY
CompEvol__beast2,25,16,0.9376534495516612,0.7349997184646309,UNCHANGED_LEGACY
CompEvol__beast2,25,17,0.949067740761574,0.7324004529820771,UNCHANGED_LEGACY
CompEvol__beast2,25,18,0.9393121986888872,0.7351612373867537,UNCHANGED_LEGACY
CompEvol__beast2,25,19,0.9375928244725747,0.7330869067576027,UNCHANGED_LEGACY
CompEvol__beast2,25,20,0.9321972006806396,0.7249685210667849,UNCHANGED_LEGACY
CompEvol__beast2,25,21,0.9291517895490196,0.7348760076390385,UNCHANGED_LEGACY
CompEvol__beast2,25,22,0.924613840660858,0.734925013778813,UNCHANGED_LEGACY
CompEvol__beast2,25,23,0.9310040814102268,0.7274150242405045,UNCHANGED_LEGACY
CompEvol__beast2,25,24,0.9471538185437632,0.7458823199133809,UNCHANGED_LEGACY
CompEvol__beast2,25,25,0.9292178022228724,0.7341654065908438,UNCHANGED_LEGACY
CompEvol__beast2,25,26,0.9387202741334888,0.738547248773956,UNCHANGED_LEGACY
CompEvol__beast2,25,27,0.9311956152285212,0.7193723715654823,UNCHANGED_LEGACY
CompEvol__beast2,25,28,0.94281275065964,0.7401717015801138,UNCHANGED_LEGACY
CompEvol__beast2,25,29,0.9296938881304088,0.7234878256501122,UNCHANGED_LEGACY
CompEvol__beast2,25,30,0.9405036752088372,0.7386005164581759,UNCHANGED_LEGACY
CompEvol__beast2,30,1,0.9568521703042704,0.7475376219046252,UNCHANGED_LEGACY
CompEvol__beast2,30,2,0.9261838218965572,0.7159920461636822,UNCHANGED_LEGACY
CompEvol__beast2,30,3,0.931240921989409,0.7333759016821108,UNCHANGED_LEGACY
CompEvol__beast2,30,4,0.9510250672175224,0.740818188269697,UNCHANGED_LEGACY
CompEvol__beast2,30,5,0.9432069208813112,0.738154166334049,UNCHANGED_LEGACY
CompEvol__beast2,30,6,0.9350130440324418,0.7410174257096032,UNCHANGED_LEGACY
CompEvol__beast2,30,7,0.9314758270588842,0.7231853062305957,UNCHANGED_LEGACY
CompEvol__beast2,30,8,0.9458002540127644,0.7394915703535397,UNCHANGED_LEGACY
CompEvol__beast2,30,9,0.9246190641455132,0.729100822525175,UNCHANGED_LEGACY
CompEvol__beast2,30,10,0.9375287464837552,0.7329720035472069,UNCHANGED_LEGACY
CompEvol__beast2,30,11,0.9463287578444634,0.7213910048035252,UNCHANGED_LEGACY
CompEvol__beast2,30,12,0.929408710113656,0.7227642493599375,UNCHANGED_LEGACY
CompEvol__beast2,30,13,0.9510679246968464,0.7418301405298404,UNCHANGED_LEGACY
CompEvol__beast2,30,14,0.9216978060242892,0.7074216490128831,UNCHANGED_LEGACY
CompEvol__beast2,30,15,0.9227486038930152,0.7205853553443252,UNCHANGED_LEGACY
CompEvol__beast2,30,16,0.9331108412558108,0.7242300975701783,UNCHANGED_LEGACY
CompEvol__beast2,30,17,0.949153231408914,0.7318912392186735,UNCHANGED_LEGACY
CompEvol__beast2,30,18,0.9450091962688322,0.7299842489971172,UNCHANGED_LEGACY
CompEvol__beast2,30,19,0.9383340422230412,0.7353755174975046,UNCHANGED_LEGACY
CompEvol__beast2,30,20,0.929388878355054,0.722929024460758,UNCHANGED_LEGACY
CompEvol__beast2,30,21,0.9167893426860592,0.7244875425132317,UNCHANGED_LEGACY
CompEvol__beast2,30,22,0.921017147378995,0.733865122873633,UNCHANGED_LEGACY
CompEvol__beast2,30,23,0.9205982550823336,0.7164002315764957,UNCHANGED_LEGACY
CompEvol__beast2,30,24,0.9528903509917792,0.7459479121752851,UNCHANGED_LEGACY
CompEvol__beast2,30,25,0.929514972647875,0.7378546597350469,UNCHANGED_LEGACY
CompEvol__beast2,30,26,0.9330576473134828,0.7383016575390088,UNCHANGED_LEGACY
CompEvol__beast2,30,27,0.9260197150837348,0.7185026382786055,UNCHANGED_LEGACY
CompEvol__beast2,30,28,0.9386082306350398,0.736598538053959,UNCHANGED_LEGACY
CompEvol__beast2,30,29,0.9192789145193146,0.7135722707589404,UNCHANGED_LEGACY
CompEvol__beast2,30,30,0.9319713389854504,0.7308636656537766,UNCHANGED_LEGACY
CompEvol__beast2,40,1,0.953371409683097,0.7355011126301113,UNCHANGED_LEGACY
CompEvol__beast2,40,2,0.9328427331646776,0.7162457904279669,UNCHANGED_LEGACY
CompEvol__beast2,40,3,0.9517487655950788,0.7428577713382106,UNCHANGED_LEGACY
CompEvol__beast2,40,4,0.949588829949993,0.7403116558501984,UNCHANGED_LEGACY
CompEvol__beast2,40,5,0.9443950648939212,0.7361290488757798,UNCHANGED_LEGACY
CompEvol__beast2,40,6,0.9279730583646147,0.7262251936864925,UNCHANGED_LEGACY
CompEvol__beast2,40,7,0.944217704746414,0.7313554063165805,UNCHANGED_LEGACY
CompEvol__beast2,40,8,0.9423917216328334,0.7389685534922023,UNCHANGED_LEGACY
CompEvol__beast2,40,9,0.9266048014429288,0.7263611154090113,UNCHANGED_LEGACY
CompEvol__beast2,40,10,0.9385529939753942,0.7360178345203736,UNCHANGED_LEGACY
CompEvol__beast2,40,11,0.9443093095262506,0.7160297181970455,UNCHANGED_LEGACY
CompEvol__beast2,40,12,0.9215238748709716,0.7194608902626562,UNCHANGED_LEGACY
CompEvol__beast2,40,13,0.9543755771892816,0.7430724672362027,UNCHANGED_LEGACY
CompEvol__beast2,40,14,0.9262238045625713,0.7073140914552345,UNCHANGED_LEGACY
CompEvol__beast2,40,15,0.9216520696082852,0.716387128275402,UNCHANGED_LEGACY
CompEvol__beast2,40,16,0.9193549436826876,0.717083995502488,UNCHANGED_LEGACY
CompEvol__beast2,40,17,0.9494487475380186,0.7304138792532933,UNCHANGED_LEGACY
CompEvol__beast2,40,18,0.9440986325520834,0.7282023374119988,UNCHANGED_LEGACY
CompEvol__beast2,40,19,0.9370773240993604,0.7329194043673806,UNCHANGED_LEGACY
CompEvol__beast2,40,20,0.9276018858247524,0.7145956499245342,UNCHANGED_LEGACY
CompEvol__beast2,40,21,0.9163328568037512,0.722962322804579,UNCHANGED_LEGACY
CompEvol__beast2,40,22,0.9159128808855492,0.7346083809110866,UNCHANGED_LEGACY
CompEvol__beast2,40,23,0.9180633113389498,0.7128854041042246,UNCHANGED_LEGACY
CompEvol__beast2,40,24,0.9524742815539706,0.7411580692244939,UNCHANGED_LEGACY
CompEvol__beast2,40,25,0.9269884702668104,0.736084731461285,UNCHANGED_LEGACY
CompEvol__beast2,40,26,0.9313660456410175,0.7376622166450345,UNCHANGED_LEGACY
CompEvol__beast2,40,27,0.9209792791769306,0.7163800833883154,UNCHANGED_LEGACY
CompEvol__beast2,40,28,0.9355833398647508,0.7314742301727001,UNCHANGED_LEGACY
CompEvol__beast2,40,29,0.92564204081463,0.7149015008943623,UNCHANGED_LEGACY
CompEvol__beast2,40,30,0.9262665449381976,0.7306737432040701,UNCHANGED_LEGACY
CompEvol__beast2,50,1,0.9583574154613562,0.7367100091241117,UNCHANGED_LEGACY
CompEvol__beast2,50,2,0.9378615716860016,0.7161633997217038,UNCHANGED_LEGACY
CompEvol__beast2,50,3,0.9537145268159553,0.7442739793073164,UNCHANGED_LEGACY
CompEvol__beast2,50,4,0.9477568745478312,0.7402662059430382,UNCHANGED_LEGACY
CompEvol__beast2,50,5,0.9425978406342046,0.7357425419432931,UNCHANGED_LEGACY
CompEvol__beast2,50,6,0.9363638525031756,0.7283290844194934,UNCHANGED_LEGACY
CompEvol__beast2,50,7,0.9465257699716564,0.7302226317968427,UNCHANGED_LEGACY
CompEvol__beast2,50,8,0.941376432574066,0.7389657984834368,UNCHANGED_LEGACY
CompEvol__beast2,50,9,0.9304559907480822,0.7229909217714308,UNCHANGED_LEGACY
CompEvol__beast2,50,10,0.9345292086640112,0.7370794659892831,UNCHANGED_LEGACY
CompEvol__beast2,50,11,0.940989658852848,0.7157018093678894,UNCHANGED_LEGACY
CompEvol__beast2,50,12,0.9168025077806335,0.7151425615341661,UNCHANGED_LEGACY
CompEvol__beast2,50,13,0.9509709191274608,0.740545650146654,UNCHANGED_LEGACY
CompEvol__beast2,50,14,0.926521721317478,0.7119759566189923,UNCHANGED_LEGACY
CompEvol__beast2,50,15,0.936134573359232,0.7209598403171351,UNCHANGED_LEGACY
CompEvol__beast2,50,16,0.9148272265239414,0.7138174865853691,UNCHANGED_LEGACY
CompEvol__beast2,50,17,0.9450961548357626,0.7298449351939513,UNCHANGED_LEGACY
CompEvol__beast2,50,18,0.9252638544230164,0.7147399598933075,UNCHANGED_LEGACY
CompEvol__beast2,50,19,0.9337680032915704,0.7324762376429614,UNCHANGED_LEGACY
CompEvol__beast2,50,20,0.9227666205443033,0.7145117435344892,UNCHANGED_LEGACY
CompEvol__beast2,50,21,0.9126786755024212,0.7216693831354385,UNCHANGED_LEGACY
CompEvol__beast2,50,22,0.9396853867318278,0.7367645367068689,UNCHANGED_LEGACY
CompEvol__beast2,50,23,0.9344163157514171,0.7169483450888176,UNCHANGED_LEGACY
CompEvol__beast2,50,24,0.9502453932724816,0.7399316774132233,UNCHANGED_LEGACY
CompEvol__beast2,50,25,0.923816955770956,0.7251286886219419,UNCHANGED_LEGACY
CompEvol__beast2,50,26,0.9429257045981048,0.73619504482734,UNCHANGED_LEGACY
CompEvol__beast2,50,27,0.9086211750468712,0.7067291867397061,UNCHANGED_LEGACY
CompEvol__beast2,50,28,0.941157922022264,0.7339606621863511,UNCHANGED_LEGACY
CompEvol__beast2,50,29,0.9246547139747132,0.7125803543526568,UNCHANGED_LEGACY
CompEvol__beast2,50,30,0.9204471698708218,0.7276097971820606,UNCHANGED_LEGACY
apache__airavata,0,1,0.7890756302521008,0.844635135614775,UNCHANGED_LEGACY
apache__airavata,0,2,0.7890756302521008,0.844635135614775,UNCHANGED_LEGACY
apache__airavata,0,3,0.7890756302521008,0.844635135614775,UNCHANGED_LEGACY
apache__airavata,0,4,0.7890756302521008,0.844635135614775,UNCHANGED_LEGACY
apache__airavata,0,5,0.7890756302521008,0.844635135614775,UNCHANGED_LEGACY
apache__airavata,0,6,0.7890756302521008,0.844635135614775,UNCHANGED_LEGACY
apache__airavata,0,7,0.7890756302521008,0.844635135614775,UNCHANGED_LEGACY
apache__airavata,0,8,0.7890756302521008,0.844635135614775,UNCHANGED_LEGACY
apache__airavata,0,9,0.7890756302521008,0.844635135614775,UNCHANGED_LEGACY
apache__airavata,0,10,0.7890756302521008,0.844635135614775,UNCHANGED_LEGACY
apache__airavata,0,11,0.7890756302521008,0.844635135614775,UNCHANGED_LEGACY
apache__airavata,0,12,0.7890756302521008,0.844635135614775,UNCHANGED_LEGACY
apache__airavata,0,13,0.7890756302521008,0.844635135614775,UNCHANGED_LEGACY
apache__airavata,0,14,0.7890756302521008,0.844635135614775,UNCHANGED_LEGACY
apache__airavata,0,15,0.7890756302521008,0.844635135614775,UNCHANGED_LEGACY
apache__airavata,0,16,0.7890756302521008,0.844635135614775,UNCHANGED_LEGACY
apache__airavata,0,17,0.7890756302521008,0.844635135614775,UNCHANGED_LEGACY
apache__airavata,0,18,0.7890756302521008,0.844635135614775,UNCHANGED_LEGACY
apache__airavata,0,19,0.7890756302521008,0.844635135614775,UNCHANGED_LEGACY
apache__airavata,0,20,0.7890756302521008,0.844635135614775,UNCHANGED_LEGACY
apache__airavata,0,21,0.7890756302521008,0.844635135614775,UNCHANGED_LEGACY
apache__airavata,0,22,0.7890756302521008,0.844635135614775,UNCHANGED_LEGACY
apache__airavata,0,23,0.7890756302521008,0.844635135614775,UNCHANGED_LEGACY
apache__airavata,0,24,0.7890756302521008,0.844635135614775,UNCHANGED_LEGACY
apache__airavata,0,25,0.7890756302521008,0.844635135614775,UNCHANGED_LEGACY
apache__airavata,0,26,0.7890756302521008,0.844635135614775,UNCHANGED_LEGACY
apache__airavata,0,27,0.7890756302521008,0.844635135614775,UNCHANGED_LEGACY
apache__airavata,0,28,0.7890756302521008,0.844635135614775,UNCHANGED_LEGACY
apache__airavata,0,29,0.7890756302521008,0.844635135614775,UNCHANGED_LEGACY
apache__airavata,0,30,0.7890756302521008,0.844635135614775,UNCHANGED_LEGACY
apache__airavata,5,1,0.7849673202614379,0.8378366573788332,UNCHANGED_LEGACY
apache__airavata,5,2,0.784593837535014,0.8441028116013033,UNCHANGED_LEGACY
apache__airavata,5,3,0.7853408029878618,0.8391424380044545,UNCHANGED_LEGACY
apache__airavata,5,4,0.7802987861811391,0.8375530107138373,UNCHANGED_LEGACY
apache__airavata,5,5,0.7773109243697479,0.8439699401743187,UNCHANGED_LEGACY
apache__airavata,5,6,0.7853408029878618,0.8166280064250062,UNCHANGED_LEGACY
apache__airavata,5,7,0.7849673202614379,0.8429517282860086,UNCHANGED_LEGACY
apache__airavata,5,8,0.788515406162465,0.844496845141309,UNCHANGED_LEGACY
apache__airavata,5,9,0.7853408029878618,0.8167153698373408,UNCHANGED_LEGACY
apache__airavata,5,10,0.788515406162465,0.8458330442819859,UNCHANGED_LEGACY
apache__airavata,5,11,0.7890756302521008,0.844635135614775,UNCHANGED_LEGACY
apache__airavata,5,12,0.7810457516339869,0.8436783894857255,UNCHANGED_LEGACY
apache__airavata,5,13,0.7842203548085901,0.8390320211899617,UNCHANGED_LEGACY
apache__airavata,5,14,0.7737628384687207,0.811338627845928,UNCHANGED_LEGACY
apache__airavata,5,15,0.780859010270775,0.8444291819090004,UNCHANGED_LEGACY
apache__airavata,5,16,0.7816059757236228,0.8278377980731477,UNCHANGED_LEGACY
apache__airavata,5,17,0.7735760971055088,0.8285886204359059,UNCHANGED_LEGACY
apache__airavata,5,18,0.7851540616246498,0.8431563646545168,UNCHANGED_LEGACY
apache__airavata,5,19,0.7812324929971989,0.8166171383925601,UNCHANGED_LEGACY
apache__airavata,5,20,0.7890756302521008,0.844635135614775,UNCHANGED_LEGACY
apache__airavata,5,21,0.7814192343604108,0.8381546146917167,UNCHANGED_LEGACY
apache__airavata,5,22,0.7851540616246498,0.842795084909266,UNCHANGED_LEGACY
apache__airavata,5,23,0.7810457516339869,0.8301575092409642,UNCHANGED_LEGACY
apache__airavata,5,24,0.7849673202614379,0.8318389705033147,UNCHANGED_LEGACY
apache__airavata,5,25,0.788515406162465,0.8437605134884787,UNCHANGED_LEGACY
apache__airavata,5,26,0.7804855275443511,0.8432644461893106,UNCHANGED_LEGACY
apache__airavata,5,27,0.7812324929971989,0.8288611296131061,UNCHANGED_LEGACY
apache__airavata,5,28,0.7774976657329599,0.8404636674034703,UNCHANGED_LEGACY
apache__airavata,5,29,0.7890756302521008,0.844635135614775,UNCHANGED_LEGACY
apache__airavata,5,30,0.780672268907563,0.8455875704582259,UNCHANGED_LEGACY
apache__airavata,10,1,0.7720821661998132,0.8331007700279356,UNCHANGED_LEGACY
apache__airavata,10,2,0.7842203548085901,0.8440355675217613,UNCHANGED_LEGACY
apache__airavata,10,3,0.7767507002801121,0.8056699459526391,UNCHANGED_LEGACY
apache__airavata,10,4,0.7765639589169001,0.8248981899031419,UNCHANGED_LEGACY
apache__airavata,10,5,0.7705882352941176,0.837316069642824,UNCHANGED_LEGACY
apache__airavata,10,6,0.7733893557422968,0.788788837736676,UNCHANGED_LEGACY
apache__airavata,10,7,0.7801120448179272,0.8418526199137613,UNCHANGED_LEGACY
apache__airavata,10,8,0.7879551820728291,0.8435693798269488,UNCHANGED_LEGACY
apache__airavata,10,9,0.7737628384687207,0.795940841391688,UNCHANGED_LEGACY
apache__airavata,10,10,0.7838468720821662,0.8321778555150405,UNCHANGED_LEGACY
apache__airavata,10,11,0.784407096171802,0.8425352101940279,UNCHANGED_LEGACY
apache__airavata,10,12,0.7732026143790849,0.8298905688076621,UNCHANGED_LEGACY
apache__airavata,10,13,0.7782446311858077,0.8374312168956818,UNCHANGED_LEGACY
apache__airavata,10,14,0.7698412698412698,0.8110971958524166,UNCHANGED_LEGACY
apache__airavata,10,15,0.7801120448179272,0.8441713131391448,UNCHANGED_LEGACY
apache__airavata,10,16,0.7816059757236228,0.827708998415895,UNCHANGED_LEGACY
apache__airavata,10,17,0.772642390289449,0.8253021034726438,UNCHANGED_LEGACY
apache__airavata,10,18,0.7851540616246498,0.8431563646545168,UNCHANGED_LEGACY
apache__airavata,10,19,0.7733893557422968,0.8110421371425867,UNCHANGED_LEGACY
apache__airavata,10,20,0.7851540616246498,0.8435442905399247,UNCHANGED_LEGACY
apache__airavata,10,21,0.776937441643324,0.8093529814330225,UNCHANGED_LEGACY
apache__airavata,10,22,0.7834733893557423,0.8404944451923259,UNCHANGED_LEGACY
apache__airavata,10,23,0.772829131652661,0.823424538594532,UNCHANGED_LEGACY
apache__airavata,10,24,0.7816059757236228,0.8283464698947947,UNCHANGED_LEGACY
apache__airavata,10,25,0.784407096171802,0.8398931106697962,UNCHANGED_LEGACY
apache__airavata,10,26,0.7722689075630251,0.8230611032064818,UNCHANGED_LEGACY
apache__airavata,10,27,0.7804855275443511,0.8281158759942459,UNCHANGED_LEGACY
apache__airavata,10,28,0.7767507002801121,0.8402194210985267,UNCHANGED_LEGACY
apache__airavata,10,29,0.7879551820728291,0.8440381722568103,UNCHANGED_LEGACY
apache__airavata,10,30,0.7767507002801121,0.845554247813288,UNCHANGED_LEGACY
apache__airavata,15,1,0.7713352007469654,0.8312432047246829,UNCHANGED_LEGACY
apache__airavata,15,2,0.7830999066293184,0.8438743434040704,UNCHANGED_LEGACY
apache__airavata,15,3,0.7718954248366012,0.8018973614776383,UNCHANGED_LEGACY
apache__airavata,15,4,0.7761904761904762,0.8247443009588649,UNCHANGED_LEGACY
apache__airavata,15,5,0.7700280112044817,0.837236759951503,UNCHANGED_LEGACY
apache__airavata,15,6,0.7717086834733893,0.7861114994405738,UNCHANGED_LEGACY
apache__airavata,15,7,0.7741363211951446,0.8332104682948287,UNCHANGED_LEGACY
apache__airavata,15,8,0.7782446311858077,0.8424599722724387,UNCHANGED_LEGACY
apache__airavata,15,9,0.7704014939309056,0.7911941159478277,UNCHANGED_LEGACY
apache__airavata,15,10,0.7784313725490196,0.8256673052902099,UNCHANGED_LEGACY
apache__airavata,15,11,0.784407096171802,0.8425352101940279,UNCHANGED_LEGACY
apache__airavata,15,12,0.7610644257703081,0.8181398605143354,UNCHANGED_LEGACY
apache__airavata,15,13,0.7694677871148459,0.8300794270684596,UNCHANGED_LEGACY
apache__airavata,15,14,0.7696545284780578,0.8109535462114359,UNCHANGED_LEGACY
apache__airavata,15,15,0.7797385620915033,0.8436383304570402,UNCHANGED_LEGACY
apache__airavata,15,16,0.7724556489262371,0.8258383495584306,UNCHANGED_LEGACY
apache__airavata,15,17,0.7664799253034547,0.8220589688207157,UNCHANGED_LEGACY
apache__airavata,15,18,0.772829131652661,0.811310394913155,UNCHANGED_LEGACY
apache__airavata,15,19,0.7677871148459383,0.809763631386272,UNCHANGED_LEGACY
apache__airavata,15,20,0.7810457516339869,0.8373582244353418,UNCHANGED_LEGACY
apache__airavata,15,21,0.7724556489262371,0.809229690640701,UNCHANGED_LEGACY
apache__airavata,15,22,0.7823529411764706,0.8397652990154931,UNCHANGED_LEGACY
apache__airavata,15,23,0.7640522875816993,0.8179786363966445,UNCHANGED_LEGACY
apache__airavata,15,24,0.7724556489262371,0.8174347258031271,UNCHANGED_LEGACY
apache__airavata,15,25,0.7814192343604108,0.8332663952496748,UNCHANGED_LEGACY
apache__airavata,15,26,0.7605042016806722,0.8185251217857277,UNCHANGED_LEGACY
apache__airavata,15,27,0.7801120448179272,0.8281043193536834,UNCHANGED_LEGACY
apache__airavata,15,28,0.7718954248366012,0.8261743603797574,UNCHANGED_LEGACY
apache__airavata,15,29,0.7840336134453781,0.8438030275547966,UNCHANGED_LEGACY
apache__airavata,15,30,0.772642390289449,0.8453053908279126,UNCHANGED_LEGACY
apache__airavata,20,1,0.7573295985060691,0.7945291648135554,UNCHANGED_LEGACY
apache__airavata,20,2,0.7711484593837534,0.8230967311916354,UNCHANGED_LEGACY
apache__airavata,20,3,0.765359477124183,0.7995647763319932,UNCHANGED_LEGACY
apache__airavata,20,4,0.7718954248366012,0.823042271271472,UNCHANGED_LEGACY
apache__airavata,20,5,0.7625583566760037,0.8309699171209166,UNCHANGED_LEGACY
apache__airavata,20,6,0.7640522875816993,0.7745459668515959,UNCHANGED_LEGACY
apache__airavata,20,7,0.765359477124183,0.8039606709102822,UNCHANGED_LEGACY
apache__airavata,20,8,0.7774976657329599,0.836876019116952,UNCHANGED_LEGACY
apache__airavata,20,9,0.7661064425770308,0.7894882240670863,UNCHANGED_LEGACY
apache__airavata,20,10,0.7748832866479926,0.8212957515118621,UNCHANGED_LEGACY
apache__airavata,20,11,0.7789915966386555,0.832719820042142,UNCHANGED_LEGACY
apache__airavata,20,12,0.7571428571428571,0.8143164387966534,UNCHANGED_LEGACY
apache__airavata,20,13,0.7659197012138188,0.8242269766265379,UNCHANGED_LEGACY
apache__airavata,20,14,0.7659197012138188,0.7970215070422086,UNCHANGED_LEGACY
apache__airavata,20,15,0.7718954248366012,0.8383727238277201,UNCHANGED_LEGACY
apache__airavata,20,16,0.7685340802987861,0.8254787164847623,UNCHANGED_LEGACY
apache__airavata,20,17,0.7545284780578898,0.8166947115938484,UNCHANGED_LEGACY
apache__airavata,20,18,0.7707749766573295,0.8094128304601839,UNCHANGED_LEGACY
apache__airavata,20,19,0.7644257703081232,0.8085532379545157,UNCHANGED_LEGACY
apache__airavata,20,20,0.772642390289449,0.8047571509851069,UNCHANGED_LEGACY
apache__airavata,20,21,0.7702147525676937,0.8068318074819298,UNCHANGED_LEGACY
apache__airavata,20,22,0.7804855275443511,0.8375647769307829,UNCHANGED_LEGACY
apache__airavata,20,23,0.7580765639589169,0.8158306581051651,UNCHANGED_LEGACY
apache__airavata,20,24,0.7636788048552754,0.8108254351622994,UNCHANGED_LEGACY
apache__airavata,20,25,0.764985994397759,0.8181303098191556,UNCHANGED_LEGACY
apache__airavata,20,26,0.7597572362278244,0.8172498794330949,UNCHANGED_LEGACY
apache__airavata,20,27,0.777124183006536,0.8269666788664004,UNCHANGED_LEGACY
apache__airavata,20,28,0.7666666666666666,0.8201942479809492,UNCHANGED_LEGACY
apache__airavata,20,29,0.7761904761904762,0.8406451306118873,UNCHANGED_LEGACY
apache__airavata,20,30,0.7676003734827264,0.835838975293632,UNCHANGED_LEGACY
apache__airavata,25,1,0.7492997198879552,0.788220825859084,UNCHANGED_LEGACY
apache__airavata,25,2,0.7584500466853408,0.8180127075286654,UNCHANGED_LEGACY
apache__airavata,25,3,0.7567693744164332,0.7989122452929823,UNCHANGED_LEGACY
apache__airavata,25,4,0.7659197012138188,0.821806189763025,UNCHANGED_LEGACY
apache__airavata,25,5,0.7521008403361344,0.8261423850115692,UNCHANGED_LEGACY
apache__airavata,25,6,0.7513538748832866,0.7669907382351983,UNCHANGED_LEGACY
apache__airavata,25,7,0.7595704948646125,0.7961402084111316,UNCHANGED_LEGACY
apache__airavata,25,8,0.7765639589169001,0.8357678989602247,UNCHANGED_LEGACY
apache__airavata,25,9,0.7621848739495798,0.7633484503916165,UNCHANGED_LEGACY
apache__airavata,25,10,0.764985994397759,0.8088673031345671,UNCHANGED_LEGACY
apache__airavata,25,11,0.7676003734827264,0.8119580757558678,UNCHANGED_LEGACY
apache__airavata,25,12,0.7541549953314659,0.8112520727996431,UNCHANGED_LEGACY
apache__airavata,25,13,0.7586367880485527,0.8139981820889368,UNCHANGED_LEGACY
apache__airavata,25,14,0.7619981325863678,0.7929798564305899,UNCHANGED_LEGACY
apache__airavata,25,15,0.7636788048552754,0.8261543308654147,UNCHANGED_LEGACY
apache__airavata,25,16,0.7558356676003735,0.7959953911303014,UNCHANGED_LEGACY
apache__airavata,25,17,0.7405228758169935,0.8063906491951748,UNCHANGED_LEGACY
apache__airavata,25,18,0.7605042016806722,0.8070294380113407,UNCHANGED_LEGACY
apache__airavata,25,19,0.7591970121381886,0.8033890962341749,UNCHANGED_LEGACY
apache__airavata,25,20,0.7707749766573295,0.8024334279265253,UNCHANGED_LEGACY
apache__airavata,25,21,0.7661064425770308,0.8002911081973936,UNCHANGED_LEGACY
apache__airavata,25,22,0.7786181139122316,0.835859962871441,UNCHANGED_LEGACY
apache__airavata,25,23,0.7569561157796452,0.8140177625110295,UNCHANGED_LEGACY
apache__airavata,25,24,0.7586367880485527,0.8035995109229646,UNCHANGED_LEGACY
apache__airavata,25,25,0.7562091503267974,0.812182771578202,UNCHANGED_LEGACY
apache__airavata,25,26,0.7597572362278244,0.8172498794330949,UNCHANGED_LEGACY
apache__airavata,25,27,0.7741363211951446,0.8257885601976656,UNCHANGED_LEGACY
apache__airavata,25,28,0.7573295985060691,0.8181709975769907,UNCHANGED_LEGACY
apache__airavata,25,29,0.7750700280112045,0.8398869431362318,UNCHANGED_LEGACY
apache__airavata,25,30,0.7569561157796452,0.8053308214250465,UNCHANGED_LEGACY
apache__airavata,30,1,0.7466853408029879,0.7837772077443794,UNCHANGED_LEGACY
apache__airavata,30,2,0.7496732026143791,0.8156018905130988,UNCHANGED_LEGACY
apache__airavata,30,3,0.7532212885154062,0.7942483324599917,UNCHANGED_LEGACY
apache__airavata,30,4,0.7619981325863678,0.820406548857188,UNCHANGED_LEGACY
apache__airavata,30,5,0.7509803921568627,0.8177664552783389,UNCHANGED_LEGACY
apache__airavata,30,6,0.7472455648926237,0.7641264877447147,UNCHANGED_LEGACY
apache__airavata,30,7,0.753781512605042,0.7846598835916893,UNCHANGED_LEGACY
apache__airavata,30,8,0.7709617180205415,0.8318390603217647,UNCHANGED_LEGACY
apache__airavata,30,9,0.7526610644257703,0.7543273247927894,UNCHANGED_LEGACY
apache__airavata,30,10,0.7489262371615313,0.7751728696928828,UNCHANGED_LEGACY
apache__airavata,30,11,0.7573295985060691,0.8078050203268065,UNCHANGED_LEGACY
apache__airavata,30,12,0.749859943977591,0.8095581567122305,UNCHANGED_LEGACY
apache__airavata,30,13,0.7457516339869281,0.8081252530404225,UNCHANGED_LEGACY
apache__airavata,30,14,0.7451914098972923,0.758612293585369,UNCHANGED_LEGACY
apache__airavata,30,15,0.7556489262371615,0.8226621595912114,UNCHANGED_LEGACY
apache__airavata,30,16,0.7459383753501401,0.7880857089708503,UNCHANGED_LEGACY
apache__airavata,30,17,0.7336134453781512,0.8010490561571825,UNCHANGED_LEGACY
apache__airavata,30,18,0.7438842203548086,0.7812609738080349,UNCHANGED_LEGACY
apache__airavata,30,19,0.7496732026143791,0.8006234963412385,UNCHANGED_LEGACY
apache__airavata,30,20,0.7661064425770308,0.8009816324407406,UNCHANGED_LEGACY
apache__airavata,30,21,0.7595704948646125,0.7960228755759913,UNCHANGED_LEGACY
apache__airavata,30,22,0.7732026143790849,0.8313800281634662,UNCHANGED_LEGACY
apache__airavata,30,23,0.7478057889822596,0.7823580163559327,UNCHANGED_LEGACY
apache__airavata,30,24,0.7438842203548086,0.7912008822710586,UNCHANGED_LEGACY
apache__airavata,30,25,0.7438842203548086,0.8035510089599823,UNCHANGED_LEGACY
apache__airavata,30,26,0.7549019607843137,0.8094517517885029,UNCHANGED_LEGACY
apache__airavata,30,27,0.7657329598506069,0.8227463494183137,UNCHANGED_LEGACY
apache__airavata,30,28,0.7491129785247432,0.787799996481505,UNCHANGED_LEGACY
apache__airavata,30,29,0.7692810457516339,0.8354711388015336,UNCHANGED_LEGACY
apache__airavata,30,30,0.7567693744164332,0.8053043848612729,UNCHANGED_LEGACY
apache__airavata,40,1,0.7298786181139122,0.7554358940417665,UNCHANGED_LEGACY
apache__airavata,40,2,0.7367880485527544,0.8114152729232333,UNCHANGED_LEGACY
apache__airavata,40,3,0.7309990662931839,0.7766473293675424,UNCHANGED_LEGACY
apache__airavata,40,4,0.7479925303454715,0.8038698644573653,UNCHANGED_LEGACY
apache__airavata,40,5,0.7349206349206349,0.7925634880360258,UNCHANGED_LEGACY
apache__airavata,40,6,0.7319327731092437,0.7549695865890207,UNCHANGED_LEGACY
apache__airavata,40,7,0.7366013071895424,0.7663696137141927,UNCHANGED_LEGACY
apache__airavata,40,8,0.7491129785247432,0.7934539481489995,UNCHANGED_LEGACY
apache__airavata,40,9,0.7466853408029879,0.7534268948318694,UNCHANGED_LEGACY
apache__airavata,40,10,0.73062558356676,0.7542529850557,UNCHANGED_LEGACY
apache__airavata,40,11,0.7433239962651728,0.7831107847851069,UNCHANGED_LEGACY
apache__airavata,40,12,0.7319327731092437,0.7860600334687426,UNCHANGED_LEGACY
apache__airavata,40,13,0.7233426704014939,0.7666612242817523,UNCHANGED_LEGACY
apache__airavata,40,14,0.7338001867413632,0.7489390561002975,UNCHANGED_LEGACY
apache__airavata,40,15,0.7347338935574229,0.7924504066075173,UNCHANGED_LEGACY
apache__airavata,40,16,0.7338001867413632,0.7766305033779153,UNCHANGED_LEGACY
apache__airavata,40,17,0.7108309990662931,0.7461742645734109,UNCHANGED_LEGACY
apache__airavata,40,18,0.7235294117647059,0.7503402239197839,UNCHANGED_LEGACY
apache__airavata,40,19,0.7248366013071895,0.7691287766182147,UNCHANGED_LEGACY
apache__airavata,40,20,0.7526610644257703,0.768612230712454,UNCHANGED_LEGACY
apache__airavata,40,21,0.7364145658263305,0.7614141501926087,UNCHANGED_LEGACY
apache__airavata,40,22,0.7483660130718954,0.7526999941162857,UNCHANGED_LEGACY
apache__airavata,40,23,0.7352941176470588,0.7786111798365893,UNCHANGED_LEGACY
apache__airavata,40,24,0.718860877684407,0.7720007514953954,UNCHANGED_LEGACY
apache__airavata,40,25,0.730812324929972,0.7780147553893246,UNCHANGED_LEGACY
apache__airavata,40,26,0.7212885154061623,0.7414994837079741,UNCHANGED_LEGACY
apache__airavata,40,27,0.7403361344537815,0.8009797163138079,UNCHANGED_LEGACY
apache__airavata,40,28,0.7328664799253034,0.777479736822354,UNCHANGED_LEGACY
apache__airavata,40,29,0.738095238095238,0.7909104393433484,UNCHANGED_LEGACY
apache__airavata,40,30,0.7407096171802054,0.7889819174646219,UNCHANGED_LEGACY
apache__airavata,50,1,0.7183006535947711,0.7467802397158554,UNCHANGED_LEGACY
apache__airavata,50,2,0.7154995331465919,0.7948676007330314,UNCHANGED_LEGACY
apache__airavata,50,3,0.7272642390289449,0.7751196372915357,UNCHANGED_LEGACY
apache__airavata,50,4,0.7313725490196078,0.7824133145816292,UNCHANGED_LEGACY
apache__airavata,50,5,0.7184873949579831,0.7709397261459343,UNCHANGED_LEGACY
apache__airavata,50,6,0.7156862745098038,0.7414912204105771,UNCHANGED_LEGACY
apache__airavata,50,7,0.7084033613445377,0.744356608601427,UNCHANGED_LEGACY
apache__airavata,50,8,0.7408963585434174,0.7861907193134448,UNCHANGED_LEGACY
apache__airavata,50,9,0.734360410830999,0.7492730310367584,UNCHANGED_LEGACY
apache__airavata,50,10,0.7160597572362277,0.7378884826244642,UNCHANGED_LEGACY
apache__airavata,50,11,0.7285714285714285,0.7367462613962329,UNCHANGED_LEGACY
apache__airavata,50,12,0.7119514472455648,0.7632183932760641,UNCHANGED_LEGACY
apache__airavata,50,13,0.7080298786181138,0.7287785565181031,UNCHANGED_LEGACY
apache__airavata,50,14,0.7181139122315592,0.7395919494070566,UNCHANGED_LEGACY
apache__airavata,50,15,0.7220354808590101,0.7750209268150219,UNCHANGED_LEGACY
apache__airavata,50,16,0.7168067226890755,0.7612313995864091,UNCHANGED_LEGACY
apache__airavata,50,17,0.7013071895424836,0.7302024184659478,UNCHANGED_LEGACY
apache__airavata,50,18,0.7196078431372548,0.7443690933659723,UNCHANGED_LEGACY
apache__airavata,50,19,0.7140056022408963,0.7548991389847631,UNCHANGED_LEGACY
apache__airavata,50,20,0.7349206349206349,0.7515967241558569,UNCHANGED_LEGACY
apache__airavata,50,21,0.7143790849673202,0.7466880560467059,UNCHANGED_LEGACY
apache__airavata,50,22,0.7246498599439776,0.7429865479051124,UNCHANGED_LEGACY
apache__airavata,50,23,0.7196078431372548,0.7560612400299206,UNCHANGED_LEGACY
apache__airavata,50,24,0.7069094304388421,0.7631397422533763,UNCHANGED_LEGACY
apache__airavata,50,25,0.7108309990662931,0.7529390608906148,UNCHANGED_LEGACY
apache__airavata,50,26,0.7085901027077497,0.7332455573692825,UNCHANGED_LEGACY
apache__airavata,50,27,0.7214752567693743,0.7827971686973052,UNCHANGED_LEGACY
apache__airavata,50,28,0.7194211017740428,0.7491612070665494,UNCHANGED_LEGACY
apache__airavata,50,29,0.7220354808590101,0.7787962357830048,UNCHANGED_LEGACY
apache__airavata,50,30,0.7242763772175537,0.7524474845139449,UNCHANGED_LEGACY
b2ihealthcare__snow-owl,0,1,0.9309592084528144,0.7161839862196434,UNCHANGED_LEGACY
b2ihealthcare__snow-owl,0,2,0.9309592084528144,0.7161839862196434,UNCHANGED_LEGACY
b2ihealthcare__snow-owl,0,3,0.9309592084528144,0.7161839862196434,UNCHANGED_LEGACY
b2ihealthcare__snow-owl,0,4,0.9309592084528144,0.7161839862196434,UNCHANGED_LEGACY
b2ihealthcare__snow-owl,0,5,0.9309592084528144,0.7161839862196434,UNCHANGED_LEGACY
b2ihealthcare__snow-owl,0,6,0.9309592084528144,0.7161839862196434,UNCHANGED_LEGACY
b2ihealthcare__snow-owl,0,7,0.9309592084528144,0.7161839862196434,UNCHANGED_LEGACY
b2ihealthcare__snow-owl,0,8,0.9309592084528144,0.7161839862196434,UNCHANGED_LEGACY
b2ihealthcare__snow-owl,0,9,0.9309592084528144,0.7161839862196434,UNCHANGED_LEGACY
b2ihealthcare__snow-owl,0,10,0.9309592084528144,0.7161839862196434,UNCHANGED_LEGACY
b2ihealthcare__snow-owl,0,11,0.9309592084528144,0.7161839862196434,UNCHANGED_LEGACY
b2ihealthcare__snow-owl,0,12,0.9309592084528144,0.7161839862196434,UNCHANGED_LEGACY
b2ihealthcare__snow-owl,0,13,0.9309592084528144,0.7161839862196434,UNCHANGED_LEGACY
b2ihealthcare__snow-owl,0,14,0.9309592084528144,0.7161839862196434,UNCHANGED_LEGACY
b2ihealthcare__snow-owl,0,15,0.9309592084528144,0.7161839862196434,UNCHANGED_LEGACY
b2ihealthcare__snow-owl,0,16,0.9309592084528144,0.7161839862196434,UNCHANGED_LEGACY
b2ihealthcare__snow-owl,0,17,0.9309592084528144,0.7161839862196434,UNCHANGED_LEGACY
b2ihealthcare__snow-owl,0,18,0.9309592084528144,0.7161839862196434,UNCHANGED_LEGACY
b2ihealthcare__snow-owl,0,19,0.9309592084528144,0.7161839862196434,UNCHANGED_LEGACY
b2ihealthcare__snow-owl,0,20,0.9309592084528144,0.7161839862196434,UNCHANGED_LEGACY
b2ihealthcare__snow-owl,0,21,0.9309592084528144,0.7161839862196434,UNCHANGED_LEGACY
b2ihealthcare__snow-owl,0,22,0.9309592084528144,0.7161839862196434,UNCHANGED_LEGACY
b2ihealthcare__snow-owl,0,23,0.9309592084528144,0.7161839862196434,UNCHANGED_LEGACY
b2ihealthcare__snow-owl,0,24,0.9309592084528144,0.7161839862196434,UNCHANGED_LEGACY
b2ihealthcare__snow-owl,0,25,0.9309592084528144,0.7161839862196434,UNCHANGED_LEGACY
b2ihealthcare__snow-owl,0,26,0.9309592084528144,0.7161839862196434,UNCHANGED_LEGACY
b2ihealthcare__snow-owl,0,27,0.9309592084528144,0.7161839862196434,UNCHANGED_LEGACY
b2ihealthcare__snow-owl,0,28,0.9309592084528144,0.7161839862196434,UNCHANGED_LEGACY
b2ihealthcare__snow-owl,0,29,0.9309592084528144,0.7161839862196434,UNCHANGED_LEGACY
b2ihealthcare__snow-owl,0,30,0.9309592084528144,0.7161839862196434,UNCHANGED_LEGACY
b2ihealthcare__snow-owl,5,1,0.8989976491255264,0.6838042368698714,UNCHANGED_LEGACY
b2ihealthcare__snow-owl,5,2,0.8869022707897388,0.7038684067594154,UNCHANGED_LEGACY
b2ihealthcare__snow-owl,5,3,0.8389883489627735,0.6780256635021312,UNCHANGED_LEGACY
b2ihealthcare__snow-owl,5,4,0.8756103231806557,0.6752397727787263,UNCHANGED_LEGACY
b2ihealthcare__snow-owl,5,5,0.8762070836239635,0.6855282028339594,UNCHANGED_LEGACY
b2ihealthcare__snow-owl,5,6,0.9297579374305716,0.7223569130653981,UNCHANGED_LEGACY
b2ihealthcare__snow-owl,5,7,0.8925831202046036,0.6984482008032747,UNCHANGED_LEGACY
b2ihealthcare__snow-owl,5,8,0.8640264537962747,0.6839220702253621,UNCHANGED_LEGACY
b2ihealthcare__snow-owl,5,9,0.8564029037174817,0.6893751690541395,UNCHANGED_LEGACY
b2ihealthcare__snow-owl,5,10,0.8461494742824666,0.6786669338549723,UNCHANGED_LEGACY
b2ihealthcare__snow-owl,5,11,0.8445891136428221,0.6598879845437092,UNCHANGED_LEGACY
b2ihealthcare__snow-owl,5,12,0.9194915911028444,0.6973468696875201,UNCHANGED_LEGACY
b2ihealthcare__snow-owl,5,13,0.9496292851791572,0.7262079670292144,UNCHANGED_LEGACY
b2ihealthcare__snow-owl,5,14,0.8416388953473353,0.6622389003553593,UNCHANGED_LEGACY
b2ihealthcare__snow-owl,5,15,0.922599395489421,0.7181174051732232,UNCHANGED_LEGACY
b2ihealthcare__snow-owl,5,16,0.9082926451212896,0.7126763325097006,UNCHANGED_LEGACY
b2ihealthcare__snow-owl,5,17,0.9593402051202562,0.7376396949346817,UNCHANGED_LEGACY
b2ihealthcare__snow-owl,5,18,0.9040610710687438,0.6931776555634065,UNCHANGED_LEGACY
b2ihealthcare__snow-owl,5,19,0.9301609444831952,0.7022731311177534,UNCHANGED_LEGACY
b2ihealthcare__snow-owl,5,20,0.8638792012193547,0.6844465226771352,UNCHANGED_LEGACY
b2ihealthcare__snow-owl,5,21,0.9020977033764758,0.6838928661238334,UNCHANGED_LEGACY
b2ihealthcare__snow-owl,5,22,0.8848278178201452,0.6863026472730793,UNCHANGED_LEGACY
b2ihealthcare__snow-owl,5,23,0.8649900539926115,0.705391155581308,UNCHANGED_LEGACY
b2ihealthcare__snow-owl,5,24,0.8068072024593763,0.6440084998907457,UNCHANGED_LEGACY
b2ihealthcare__snow-owl,5,25,0.8847115657857345,0.7195973453035224,UNCHANGED_LEGACY
b2ihealthcare__snow-owl,5,26,0.821103619313338,0.6479498869734888,UNCHANGED_LEGACY
b2ihealthcare__snow-owl,5,27,0.8945981554677207,0.6798824127636061,UNCHANGED_LEGACY
b2ihealthcare__snow-owl,5,28,0.8346327727401895,0.6561187040798518,UNCHANGED_LEGACY
b2ihealthcare__snow-owl,5,29,0.8717145883386291,0.6936043588235667,UNCHANGED_LEGACY
b2ihealthcare__snow-owl,5,30,0.9202278539874448,0.702914649163188,UNCHANGED_LEGACY
b2ihealthcare__snow-owl,10,1,0.8760314138830763,0.6698863934483096,UNCHANGED_LEGACY
b2ihealthcare__snow-owl,10,2,0.8926322043969103,0.7128521669021803,UNCHANGED_LEGACY
b2ihealthcare__snow-owl,10,3,0.8426980805497429,0.6731256924060414,UNCHANGED_LEGACY
b2ihealthcare__snow-owl,10,4,0.8379653310599602,0.6551414637769248,UNCHANGED_LEGACY
b2ihealthcare__snow-owl,10,5,0.8999922498643725,0.6915559378519675,UNCHANGED_LEGACY
b2ihealthcare__snow-owl,10,6,0.9394688573716706,0.733575418718663,UNCHANGED_LEGACY
b2ihealthcare__snow-owl,10,7,0.8571727505231341,0.66996969508564,UNCHANGED_LEGACY
b2ihealthcare__snow-owl,10,8,0.8723242656746493,0.7058424431580295,UNCHANGED_LEGACY
b2ihealthcare__snow-owl,10,9,0.8957684259474541,0.6962078883125827,UNCHANGED_LEGACY
b2ihealthcare__snow-owl,10,10,0.8515151515151516,0.687207644467985,UNCHANGED_LEGACY
b2ihealthcare__snow-owl,10,11,0.8377018264486296,0.6572087351971809,UNCHANGED_LEGACY
b2ihealthcare__snow-owl,10,12,0.93046061639412,0.7069239313835569,UNCHANGED_LEGACY
b2ihealthcare__snow-owl,10,13,0.93445451962076,0.7217351000623154,UNCHANGED_LEGACY
b2ihealthcare__snow-owl,10,14,0.8257407837970498,0.6555973299255811,UNCHANGED_LEGACY
b2ihealthcare__snow-owl,10,15,0.8806918287736702,0.6827282118258625,UNCHANGED_LEGACY
b2ihealthcare__snow-owl,10,16,0.9332971660337388,0.7263537552698816,UNCHANGED_LEGACY
b2ihealthcare__snow-owl,10,17,0.9153866025988788,0.726746720851685,UNCHANGED_LEGACY
b2ihealthcare__snow-owl,10,18,0.9128471414916428,0.7066168214676047,UNCHANGED_LEGACY
b2ihealthcare__snow-owl,10,19,0.8835645457128832,0.6913744604778971,UNCHANGED_LEGACY
b2ihealthcare__snow-owl,10,20,0.8699759745795551,0.6800282701675968,UNCHANGED_LEGACY
b2ihealthcare__snow-owl,10,21,0.9224779766979256,0.7162987774312594,UNCHANGED_LEGACY
b2ihealthcare__snow-owl,10,22,0.8870624402593712,0.6789385883695912,UNCHANGED_LEGACY
b2ihealthcare__snow-owl,10,23,0.8316489705236508,0.6708604670895694,UNCHANGED_LEGACY
b2ihealthcare__snow-owl,10,24,0.8213309566250743,0.6647153598402527,UNCHANGED_LEGACY
b2ihealthcare__snow-owl,10,25,0.8718050065876153,0.7100917706637787,UNCHANGED_LEGACY
b2ihealthcare__snow-owl,10,26,0.8543310341264305,0.6894318518475109,UNCHANGED_LEGACY
b2ihealthcare__snow-owl,10,27,0.9261282905784184,0.7142205158893832,UNCHANGED_LEGACY
b2ihealthcare__snow-owl,10,28,0.8924462011418532,0.6912001726669146,UNCHANGED_LEGACY
b2ihealthcare__snow-owl,10,29,0.8928156242734248,0.6990029053578397,UNCHANGED_LEGACY
b2ihealthcare__snow-owl,10,30,0.8943992353199515,0.6982412380598083,UNCHANGED_LEGACY
b2ihealthcare__snow-owl,15,1,0.8725671032576403,0.6670644831562939,UNCHANGED_LEGACY
b2ihealthcare__snow-owl,15,2,0.8897336536722726,0.711022319200605,UNCHANGED_LEGACY
b2ihealthcare__snow-owl,15,3,0.8680126068872872,0.7072931323994127,UNCHANGED_LEGACY
b2ihealthcare__snow-owl,15,4,0.8506858870030225,0.6561495171232975,UNCHANGED_LEGACY
b2ihealthcare__snow-owl,15,5,0.8713580820997701,0.68711700134871,UNCHANGED_LEGACY
b2ihealthcare__snow-owl,15,6,0.937389237644992,0.7341347436116928,UNCHANGED_LEGACY
b2ihealthcare__snow-owl,15,7,0.8927484564313208,0.6786090580540586,UNCHANGED_LEGACY
b2ihealthcare__snow-owl,15,8,0.8785476245834302,0.7018504351840863,UNCHANGED_LEGACY
b2ihealthcare__snow-owl,15,9,0.8836807977472939,0.6910380686655447,UNCHANGED_LEGACY
b2ihealthcare__snow-owl,15,10,0.8465550647136325,0.6910750885433533,UNCHANGED_LEGACY
b2ihealthcare__snow-owl,15,11,0.8544369526466713,0.6643925200642341,UNCHANGED_LEGACY
b2ihealthcare__snow-owl,15,12,0.9190885840502208,0.7011016993523292,UNCHANGED_LEGACY
b2ihealthcare__snow-owl,15,13,0.9128523082487277,0.7178472558462794,UNCHANGED_LEGACY
b2ihealthcare__snow-owl,15,14,0.818716577540107,0.6506539378257694,UNCHANGED_LEGACY
b2ihealthcare__snow-owl,15,15,0.8700844764783383,0.681049642467988,UNCHANGED_LEGACY
b2ihealthcare__snow-owl,15,16,0.9170502983802216,0.7193597248621431,UNCHANGED_LEGACY
b2ihealthcare__snow-owl,15,17,0.904526079206386,0.7216411537172945,UNCHANGED_LEGACY
b2ihealthcare__snow-owl,15,18,0.8935389702653129,0.6969167531930028,UNCHANGED_LEGACY
b2ihealthcare__snow-owl,15,19,0.8636260301221939,0.6752801843674167,UNCHANGED_LEGACY
b2ihealthcare__snow-owl,15,20,0.8835619623343408,0.702799600379159,UNCHANGED_LEGACY
b2ihealthcare__snow-owl,15,21,0.9126998889147226,0.7156483354873191,UNCHANGED_LEGACY
b2ihealthcare__snow-owl,15,22,0.8851610736521223,0.669614009583962,UNCHANGED_LEGACY
b2ihealthcare__snow-owl,15,23,0.8164406210442016,0.6527434784763873,UNCHANGED_LEGACY
b2ihealthcare__snow-owl,15,24,0.8605647265493812,0.6940015335466158,UNCHANGED_LEGACY
b2ihealthcare__snow-owl,15,25,0.859580459324705,0.6989323181023113,UNCHANGED_LEGACY
b2ihealthcare__snow-owl,15,26,0.8587486114340334,0.6799798783511793,UNCHANGED_LEGACY
b2ihealthcare__snow-owl,15,27,0.9133069828722002,0.6927344378915923,UNCHANGED_LEGACY
b2ihealthcare__snow-owl,15,28,0.8781756180733162,0.686081634418802,UNCHANGED_LEGACY
b2ihealthcare__snow-owl,15,29,0.8772740189619985,0.6718601642640458,UNCHANGED_LEGACY
b2ihealthcare__snow-owl,15,30,0.91239246686817,0.7213876500110737,UNCHANGED_LEGACY
b2ihealthcare__snow-owl,20,1,0.8567878271203079,0.6638428896855026,UNCHANGED_LEGACY
b2ihealthcare__snow-owl,20,2,0.8920612777390271,0.7110494256254584,UNCHANGED_LEGACY
b2ihealthcare__snow-owl,20,3,0.8759926632049394,0.7074650620980416,UNCHANGED_LEGACY
b2ihealthcare__snow-owl,20,4,0.9136712392466868,0.7037756070761259,UNCHANGED_LEGACY
b2ihealthcare__snow-owl,20,5,0.9015319434756776,0.7132619202247795,UNCHANGED_LEGACY
b2ihealthcare__snow-owl,20,6,0.9315068847038156,0.7319458591499928,UNCHANGED_LEGACY
b2ihealthcare__snow-owl,20,7,0.8825182774031879,0.6777157669574603,UNCHANGED_LEGACY
b2ihealthcare__snow-owl,20,8,0.8580872665271642,0.6897081435973852,UNCHANGED_LEGACY
b2ihealthcare__snow-owl,20,9,0.8748404763750032,0.6879142545053358,UNCHANGED_LEGACY
b2ihealthcare__snow-owl,20,10,0.8628225993954894,0.6937961374730957,UNCHANGED_LEGACY
b2ihealthcare__snow-owl,20,11,0.8493296132682322,0.6630209053023572,UNCHANGED_LEGACY
b2ihealthcare__snow-owl,20,12,0.9111266113823658,0.6960934593491871,UNCHANGED_LEGACY
b2ihealthcare__snow-owl,20,13,0.9025032938076416,0.7141865003939805,UNCHANGED_LEGACY
b2ihealthcare__snow-owl,20,14,0.8149138443256091,0.648461135508419,UNCHANGED_LEGACY
b2ihealthcare__snow-owl,20,15,0.872949443281924,0.6981438918490477,UNCHANGED_LEGACY
b2ihealthcare__snow-owl,20,16,0.9020899532408484,0.6960698956396827,UNCHANGED_LEGACY
b2ihealthcare__snow-owl,20,17,0.8922756981580512,0.7126352179483137,UNCHANGED_LEGACY
b2ihealthcare__snow-owl,20,18,0.8934459686377845,0.6858584325582681,UNCHANGED_LEGACY
b2ihealthcare__snow-owl,20,19,0.8616058281019917,0.6749852459481596,UNCHANGED_LEGACY
b2ihealthcare__snow-owl,20,20,0.925549613784908,0.7108398889617067,UNCHANGED_LEGACY
b2ihealthcare__snow-owl,20,21,0.8911235113281148,0.6958888983576103,UNCHANGED_LEGACY
b2ihealthcare__snow-owl,20,22,0.8996589940323955,0.6806783074986352,UNCHANGED_LEGACY
b2ihealthcare__snow-owl,20,23,0.8086827352812007,0.6460456544754951,UNCHANGED_LEGACY
b2ihealthcare__snow-owl,20,24,0.8442739414606422,0.6794676545179902,UNCHANGED_LEGACY
b2ihealthcare__snow-owl,20,25,0.836350719470924,0.6840332470949945,UNCHANGED_LEGACY
b2ihealthcare__snow-owl,20,26,0.8621250871890258,0.6784912805944195,UNCHANGED_LEGACY
b2ihealthcare__snow-owl,20,27,0.8847063990286497,0.6845662131495265,UNCHANGED_LEGACY
b2ihealthcare__snow-owl,20,28,0.8747061406907954,0.6856608759184026,UNCHANGED_LEGACY
b2ihealthcare__snow-owl,20,29,0.9112092794957244,0.7049808452307194,UNCHANGED_LEGACY
b2ihealthcare__snow-owl,20,30,0.8927510398098633,0.703458363132383,UNCHANGED_LEGACY
b2ihealthcare__snow-owl,25,1,0.913722906817536,0.7194623312271679,UNCHANGED_LEGACY
b2ihealthcare__snow-owl,25,2,0.8838358004598414,0.6988333235723346,UNCHANGED_LEGACY
b2ihealthcare__snow-owl,25,3,0.8803844067271177,0.6977456370727448,UNCHANGED_LEGACY
b2ihealthcare__snow-owl,25,4,0.8931514634839443,0.6933565677626745,UNCHANGED_LEGACY
b2ihealthcare__snow-owl,25,5,0.8778501123769666,0.692886651299758,UNCHANGED_LEGACY
b2ihealthcare__snow-owl,25,6,0.92954610039009,0.7319440059082095,UNCHANGED_LEGACY
b2ihealthcare__snow-owl,25,7,0.8881267922188639,0.6815738313730599,UNCHANGED_LEGACY
b2ihealthcare__snow-owl,25,8,0.8919321088119042,0.7123913946454696,UNCHANGED_LEGACY
b2ihealthcare__snow-owl,25,9,0.8694696323852333,0.686113264668333,UNCHANGED_LEGACY
b2ihealthcare__snow-owl,25,10,0.8512025627115141,0.6729970063599884,UNCHANGED_LEGACY
b2ihealthcare__snow-owl,25,11,0.8926709550750471,0.6844525782990178,UNCHANGED_LEGACY
b2ihealthcare__snow-owl,25,12,0.9152264331292465,0.6887183254042494,UNCHANGED_LEGACY
b2ihealthcare__snow-owl,25,13,0.8985817251801907,0.7133165063346499,UNCHANGED_LEGACY
b2ihealthcare__snow-owl,25,14,0.8496964530212612,0.6648010386825197,UNCHANGED_LEGACY
b2ihealthcare__snow-owl,25,15,0.8896251517734893,0.7203470168825762,UNCHANGED_LEGACY
b2ihealthcare__snow-owl,25,16,0.8897801544860368,0.6937304223211516,UNCHANGED_LEGACY
b2ihealthcare__snow-owl,25,17,0.8771267663850784,0.7085714469303208,UNCHANGED_LEGACY
b2ihealthcare__snow-owl,25,18,0.8983208039474024,0.6936074836855011,UNCHANGED_LEGACY
b2ihealthcare__snow-owl,25,19,0.8569944974037045,0.6730191928370212,UNCHANGED_LEGACY
b2ihealthcare__snow-owl,25,20,0.9206308610400682,0.7093771615781373,UNCHANGED_LEGACY
b2ihealthcare__snow-owl,25,21,0.9470743238006666,0.719563512975318,UNCHANGED_LEGACY
b2ihealthcare__snow-owl,25,22,0.9412281381590843,0.7004530003500967,UNCHANGED_LEGACY
b2ihealthcare__snow-owl,25,23,0.8043943269007208,0.6473472965586011,UNCHANGED_LEGACY
b2ihealthcare__snow-owl,25,24,0.8512283964969387,0.7078410101032457,UNCHANGED_LEGACY
b2ihealthcare__snow-owl,25,25,0.830042109070242,0.6837759692623054,UNCHANGED_LEGACY
b2ihealthcare__snow-owl,25,26,0.8479139218269652,0.6745367630809078,UNCHANGED_LEGACY
b2ihealthcare__snow-owl,25,27,0.9116717042548244,0.6978691766365722,UNCHANGED_LEGACY
b2ihealthcare__snow-owl,25,28,0.8732568653284766,0.6854399691020238,UNCHANGED_LEGACY
b2ihealthcare__snow-owl,25,29,0.9012271048076674,0.701403907109874,UNCHANGED_LEGACY
b2ihealthcare__snow-owl,25,30,0.8878917047715001,0.7020732861417082,UNCHANGED_LEGACY
b2ihealthcare__snow-owl,30,1,0.9102534294350152,0.7194602185329356,UNCHANGED_LEGACY
b2ihealthcare__snow-owl,30,2,0.91516701542277,0.7176106800730964,UNCHANGED_LEGACY
b2ihealthcare__snow-owl,30,3,0.9363093854142448,0.7149439184945869,UNCHANGED_LEGACY
b2ihealthcare__snow-owl,30,4,0.8783099537575241,0.6861085229224031,UNCHANGED_LEGACY
b2ihealthcare__snow-owl,30,5,0.873869126043039,0.6908276880777164,UNCHANGED_LEGACY
b2ihealthcare__snow-owl,30,6,0.9133147330078276,0.7099172183779978,UNCHANGED_LEGACY
b2ihealthcare__snow-owl,30,7,0.8786561264822134,0.6776715136832256,UNCHANGED_LEGACY
b2ihealthcare__snow-owl,30,8,0.8799891498101217,0.7094674465634375,UNCHANGED_LEGACY
b2ihealthcare__snow-owl,30,9,0.8849182360691312,0.6832728904159369,UNCHANGED_LEGACY
b2ihealthcare__snow-owl,30,10,0.8394042729081092,0.6503914777605663,UNCHANGED_LEGACY
b2ihealthcare__snow-owl,30,11,0.9282879950399132,0.6954132202300473,UNCHANGED_LEGACY
b2ihealthcare__snow-owl,30,12,0.8993024877935364,0.6846814147833423,UNCHANGED_LEGACY
b2ihealthcare__snow-owl,30,13,0.8916427704151489,0.7117144286928292,UNCHANGED_LEGACY
b2ihealthcare__snow-owl,30,14,0.8605750600635511,0.6716013185642205,UNCHANGED_LEGACY
b2ihealthcare__snow-owl,30,15,0.8812963393526053,0.7198482969938481,UNCHANGED_LEGACY
b2ihealthcare__snow-owl,30,16,0.8823296907695884,0.6928489336314048,UNCHANGED_LEGACY
b2ihealthcare__snow-owl,30,17,0.8518768245110956,0.6819598067647361,UNCHANGED_LEGACY
b2ihealthcare__snow-owl,30,18,0.8800950683303624,0.688422788969283,UNCHANGED_LEGACY
b2ihealthcare__snow-owl,30,19,0.8535250200211837,0.6691542929888883,UNCHANGED_LEGACY
b2ihealthcare__snow-owl,30,20,0.905303676147666,0.7016399981116324,UNCHANGED_LEGACY
b2ihealthcare__snow-owl,30,21,0.937603658064016,0.7177499378185057,UNCHANGED_LEGACY
b2ihealthcare__snow-owl,30,22,0.9371877341186804,0.6992908865306794,UNCHANGED_LEGACY
b2ihealthcare__snow-owl,30,23,0.8300524425844119,0.6572538681220191,UNCHANGED_LEGACY
b2ihealthcare__snow-owl,30,24,0.8590637836162133,0.6974335155680411,UNCHANGED_LEGACY
b2ihealthcare__snow-owl,30,25,0.826001705029838,0.6796739967734274,UNCHANGED_LEGACY
b2ihealthcare__snow-owl,30,26,0.8330724121005451,0.6598959610357493,UNCHANGED_LEGACY
b2ihealthcare__snow-owl,30,27,0.9099150068459532,0.6936384604435728,UNCHANGED_LEGACY
b2ihealthcare__snow-owl,30,28,0.8718075899661578,0.6854324137518187,UNCHANGED_LEGACY
b2ihealthcare__snow-owl,30,29,0.889855072463768,0.6912507395285205,UNCHANGED_LEGACY
b2ihealthcare__snow-owl,30,30,0.9206463613113228,0.7206443200627384,UNCHANGED_LEGACY
b2ihealthcare__snow-owl,40,1,0.9071688754553204,0.7019524597094856,UNCHANGED_LEGACY
b2ihealthcare__snow-owl,40,2,0.8988762303340309,0.6968974188583645,UNCHANGED_LEGACY
b2ihealthcare__snow-owl,40,3,0.9262083753132349,0.6998251493332917,UNCHANGED_LEGACY
b2ihealthcare__snow-owl,40,4,0.8841845565630732,0.6819432013232596,UNCHANGED_LEGACY
b2ihealthcare__snow-owl,40,5,0.8604768916789377,0.6670209732712487,UNCHANGED_LEGACY
b2ihealthcare__snow-owl,40,6,0.8973313699656411,0.7003274169665595,UNCHANGED_LEGACY
b2ihealthcare__snow-owl,40,7,0.8540365289725904,0.6648896528975958,UNCHANGED_LEGACY
b2ihealthcare__snow-owl,40,8,0.8532046810819189,0.685598544603715,UNCHANGED_LEGACY
b2ihealthcare__snow-owl,40,9,0.8685086155674391,0.6722116087224311,UNCHANGED_LEGACY
b2ihealthcare__snow-owl,40,10,0.8642202071869591,0.6763292523238762,UNCHANGED_LEGACY
b2ihealthcare__snow-owl,40,11,0.918186984938903,0.6929983237230919,UNCHANGED_LEGACY
b2ihealthcare__snow-owl,40,12,0.8844609780671162,0.6756494230195484,UNCHANGED_LEGACY
b2ihealthcare__snow-owl,40,13,0.8901934950528301,0.7117134988035733,UNCHANGED_LEGACY
b2ihealthcare__snow-owl,40,14,0.8757756594073729,0.6763156686788198,UNCHANGED_LEGACY
b2ihealthcare__snow-owl,40,15,0.905303676147666,0.7207762565682821,UNCHANGED_LEGACY
b2ihealthcare__snow-owl,40,16,0.8948926606215609,0.6930025987905821,UNCHANGED_LEGACY
b2ihealthcare__snow-owl,40,17,0.8402567878271203,0.6751363867011523,UNCHANGED_LEGACY
b2ihealthcare__snow-owl,40,18,0.8691157095249167,0.6806810348290606,UNCHANGED_LEGACY
b2ihealthcare__snow-owl,40,19,0.8823787749618951,0.6817187253499095,UNCHANGED_LEGACY
b2ihealthcare__snow-owl,40,20,0.8885272158929448,0.6856798122474043,UNCHANGED_LEGACY
b2ihealthcare__snow-owl,40,21,0.9155596889612236,0.7099088982437376,UNCHANGED_LEGACY
b2ihealthcare__snow-owl,40,22,0.9533493502802964,0.7238625025885946,UNCHANGED_LEGACY
b2ihealthcare__snow-owl,40,23,0.838195251750239,0.6674015061002002,UNCHANGED_LEGACY
b2ihealthcare__snow-owl,40,24,0.8225012271048077,0.659559032558405,UNCHANGED_LEGACY
b2ihealthcare__snow-owl,40,25,0.856258234519104,0.6978826901608779,UNCHANGED_LEGACY
b2ihealthcare__snow-owl,40,26,0.8434989278979048,0.6649556438067286,UNCHANGED_LEGACY
b2ihealthcare__snow-owl,40,27,0.8931385465912319,0.6818199931722023,UNCHANGED_LEGACY
b2ihealthcare__snow-owl,40,28,0.8818646826319461,0.6954568022779618,UNCHANGED_LEGACY
b2ihealthcare__snow-owl,40,29,0.8779121134619855,0.6865617230557863,UNCHANGED_LEGACY
b2ihealthcare__snow-owl,40,30,0.8998294970161977,0.7114539611711257,UNCHANGED_LEGACY
b2ihealthcare__snow-owl,50,1,0.899599576325919,0.7007335407955779,UNCHANGED_LEGACY
b2ihealthcare__snow-owl,50,2,0.8936836394636906,0.7012072229404699,UNCHANGED_LEGACY
b2ihealthcare__snow-owl,50,3,0.9201477692526284,0.6941673414031173,UNCHANGED_LEGACY
b2ihealthcare__snow-owl,50,4,0.8812860058384354,0.6816929448772383,UNCHANGED_LEGACY
b2ihealthcare__snow-owl,50,5,0.8593944560696478,0.6666872622638369,UNCHANGED_LEGACY
b2ihealthcare__snow-owl,50,6,0.8819783512878142,0.6811149230332055,UNCHANGED_LEGACY
b2ihealthcare__snow-owl,50,7,0.8810612519052418,0.6821555977397507,UNCHANGED_LEGACY
b2ihealthcare__snow-owl,50,8,0.9042109070242064,0.7099821957413844,UNCHANGED_LEGACY
b2ihealthcare__snow-owl,50,9,0.8970239479190886,0.6800449150416839,UNCHANGED_LEGACY
b2ihealthcare__snow-owl,50,10,0.9047327494897828,0.6843794514975088,UNCHANGED_LEGACY
b2ihealthcare__snow-owl,50,11,0.9147175075563824,0.6889031828823066,UNCHANGED_LEGACY
b2ihealthcare__snow-owl,50,12,0.8750497300369423,0.6713687156375826,UNCHANGED_LEGACY
b2ihealthcare__snow-owl,50,13,0.8719083417293135,0.7092643382641897,UNCHANGED_LEGACY
b2ihealthcare__snow-owl,50,14,0.8738148750936474,0.6763138154370366,UNCHANGED_LEGACY
b2ihealthcare__snow-owl,50,15,0.9000775013562737,0.6934560056097443,UNCHANGED_LEGACY
b2ihealthcare__snow-owl,50,16,0.9159756129065592,0.7019951877316498,UNCHANGED_LEGACY
b2ihealthcare__snow-owl,50,17,0.8338190084993153,0.65616768886693,UNCHANGED_LEGACY
b2ihealthcare__snow-owl,50,18,0.8699940582293524,0.6797307821099918,UNCHANGED_LEGACY
b2ihealthcare__snow-owl,50,19,0.9371877341186804,0.6955918960050267,UNCHANGED_LEGACY
b2ihealthcare__snow-owl,50,20,0.8703014802759047,0.6721036005729703,UNCHANGED_LEGACY
b2ihealthcare__snow-owl,50,21,0.9158593608721486,0.7023145464177323,UNCHANGED_LEGACY
b2ihealthcare__snow-owl,50,22,0.9363688031207212,0.7181690497936197,UNCHANGED_LEGACY
b2ihealthcare__snow-owl,50,23,0.8371980676328502,0.666449801587309,UNCHANGED_LEGACY
b2ihealthcare__snow-owl,50,24,0.8233950760804981,0.6751261510807217,UNCHANGED_LEGACY
b2ihealthcare__snow-owl,50,25,0.8349040274871478,0.6875894579476568,UNCHANGED_LEGACY
b2ihealthcare__snow-owl,50,26,0.8767030923041154,0.6735784617771969,UNCHANGED_LEGACY
b2ihealthcare__snow-owl,50,27,0.895773592704539,0.6920271432570794,UNCHANGED_LEGACY
b2ihealthcare__snow-owl,50,28,0.8822237722493477,0.6854808946044284,UNCHANGED_LEGACY
b2ihealthcare__snow-owl,50,29,0.8674442636079465,0.6789448763885595,UNCHANGED_LEGACY
b2ihealthcare__snow-owl,50,30,0.8885427161641996,0.7045036552907739,UNCHANGED_LEGACY
camunda__camunda-bpm-platform,0,1,0.7948257828629871,0.7527394429899698,UNCHANGED_LEGACY
camunda__camunda-bpm-platform,0,2,0.7948257828629871,0.7527394429899698,UNCHANGED_LEGACY
camunda__camunda-bpm-platform,0,3,0.7948257828629871,0.7527394429899698,UNCHANGED_LEGACY
camunda__camunda-bpm-platform,0,4,0.7948257828629871,0.7527394429899698,UNCHANGED_LEGACY
camunda__camunda-bpm-platform,0,5,0.7948257828629871,0.7527394429899698,UNCHANGED_LEGACY
camunda__camunda-bpm-platform,0,6,0.7948257828629871,0.7527394429899698,UNCHANGED_LEGACY
camunda__camunda-bpm-platform,0,7,0.7948257828629871,0.7527394429899698,UNCHANGED_LEGACY
camunda__camunda-bpm-platform,0,8,0.7948257828629871,0.7527394429899698,UNCHANGED_LEGACY
camunda__camunda-bpm-platform,0,9,0.7948257828629871,0.7527394429899698,UNCHANGED_LEGACY
camunda__camunda-bpm-platform,0,10,0.7948257828629871,0.7527394429899698,UNCHANGED_LEGACY
camunda__camunda-bpm-platform,0,11,0.7948257828629871,0.7527394429899698,UNCHANGED_LEGACY
camunda__camunda-bpm-platform,0,12,0.7948257828629871,0.7527394429899698,UNCHANGED_LEGACY
camunda__camunda-bpm-platform,0,13,0.7948257828629871,0.7527394429899698,UNCHANGED_LEGACY
camunda__camunda-bpm-platform,0,14,0.7948257828629871,0.7527394429899698,UNCHANGED_LEGACY
camunda__camunda-bpm-platform,0,15,0.7948257828629871,0.7527394429899698,UNCHANGED_LEGACY
camunda__camunda-bpm-platform,0,16,0.7948257828629871,0.7527394429899698,UNCHANGED_LEGACY
camunda__camunda-bpm-platform,0,17,0.7948257828629871,0.7527394429899698,UNCHANGED_LEGACY
camunda__camunda-bpm-platform,0,18,0.7948257828629871,0.7527394429899698,UNCHANGED_LEGACY
camunda__camunda-bpm-platform,0,19,0.7948257828629871,0.7527394429899698,UNCHANGED_LEGACY
camunda__camunda-bpm-platform,0,20,0.7948257828629871,0.7527394429899698,UNCHANGED_LEGACY
camunda__camunda-bpm-platform,0,21,0.7948257828629871,0.7527394429899698,UNCHANGED_LEGACY
camunda__camunda-bpm-platform,0,22,0.7948257828629871,0.7527394429899698,UNCHANGED_LEGACY
camunda__camunda-bpm-platform,0,23,0.7948257828629871,0.7527394429899698,UNCHANGED_LEGACY
camunda__camunda-bpm-platform,0,24,0.7948257828629871,0.7527394429899698,UNCHANGED_LEGACY
camunda__camunda-bpm-platform,0,25,0.7948257828629871,0.7527394429899698,UNCHANGED_LEGACY
camunda__camunda-bpm-platform,0,26,0.7948257828629871,0.7527394429899698,UNCHANGED_LEGACY
camunda__camunda-bpm-platform,0,27,0.7948257828629871,0.7527394429899698,UNCHANGED_LEGACY
camunda__camunda-bpm-platform,0,28,0.7948257828629871,0.7527394429899698,UNCHANGED_LEGACY
camunda__camunda-bpm-platform,0,29,0.7948257828629871,0.7527394429899698,UNCHANGED_LEGACY
camunda__camunda-bpm-platform,0,30,0.7948257828629871,0.7527394429899698,UNCHANGED_LEGACY
camunda__camunda-bpm-platform,5,1,0.7989600300903495,0.782134274623319,UNCHANGED_LEGACY
camunda__camunda-bpm-platform,5,2,0.8168512134285716,0.805228350784658,UNCHANGED_LEGACY
camunda__camunda-bpm-platform,5,3,0.8353403920001178,0.8246516810988532,UNCHANGED_LEGACY
camunda__camunda-bpm-platform,5,4,0.7890270527185599,0.7651908465114639,UNCHANGED_LEGACY
camunda__camunda-bpm-platform,5,5,0.8192909908757061,0.8158054239969533,UNCHANGED_LEGACY
camunda__camunda-bpm-platform,5,6,0.8067895990411682,0.8034114317762354,UNCHANGED_LEGACY
camunda__camunda-bpm-platform,5,7,0.8088430919183068,0.7805951332067221,UNCHANGED_LEGACY
camunda__camunda-bpm-platform,5,8,0.8063009131391771,0.7950524351702974,UNCHANGED_LEGACY
camunda__camunda-bpm-platform,5,9,0.8126512963990759,0.80262065221733,UNCHANGED_LEGACY
camunda__camunda-bpm-platform,5,10,0.8093761279504597,0.8075820750524955,UNCHANGED_LEGACY
camunda__camunda-bpm-platform,5,11,0.8195978434828148,0.8105501845709883,UNCHANGED_LEGACY
camunda__camunda-bpm-platform,5,12,0.8250798496466465,0.8135977054890199,UNCHANGED_LEGACY
camunda__camunda-bpm-platform,5,13,0.8187545971222956,0.796654199649744,UNCHANGED_LEGACY
camunda__camunda-bpm-platform,5,14,0.8501510205985354,0.8422244768709654,UNCHANGED_LEGACY
camunda__camunda-bpm-platform,5,15,0.8201446011001334,0.8128610134004607,UNCHANGED_LEGACY
camunda__camunda-bpm-platform,5,16,0.7814490013403218,0.7765323086758136,UNCHANGED_LEGACY
camunda__camunda-bpm-platform,5,17,0.8108402258024278,0.7974986136061284,UNCHANGED_LEGACY
camunda__camunda-bpm-platform,5,18,0.8277563110693188,0.8015236276399051,UNCHANGED_LEGACY
camunda__camunda-bpm-platform,5,19,0.8120102437826515,0.8014529070956825,UNCHANGED_LEGACY
camunda__camunda-bpm-platform,5,20,0.8123877588060204,0.7905843274263304,UNCHANGED_LEGACY
camunda__camunda-bpm-platform,5,21,0.789840312183949,0.7792631035257869,UNCHANGED_LEGACY
camunda__camunda-bpm-platform,5,22,0.7862936072380726,0.7646690116615732,UNCHANGED_LEGACY
camunda__camunda-bpm-platform,5,23,0.8180592501763636,0.8010823871863756,UNCHANGED_LEGACY
camunda__camunda-bpm-platform,5,24,0.8486684999981726,0.8461285705382339,UNCHANGED_LEGACY
camunda__camunda-bpm-platform,5,25,0.8188183970696331,0.798707463956033,UNCHANGED_LEGACY
camunda__camunda-bpm-platform,5,26,0.7829686151349076,0.7666689095291003,UNCHANGED_LEGACY
camunda__camunda-bpm-platform,5,27,0.7992303553090231,0.7899770044518195,UNCHANGED_LEGACY
camunda__camunda-bpm-platform,5,28,0.8312373040070314,0.8140337812260529,UNCHANGED_LEGACY
camunda__camunda-bpm-platform,5,29,0.824699792058453,0.8024411729539054,UNCHANGED_LEGACY
camunda__camunda-bpm-platform,5,30,0.8054355323746897,0.7834977616198053,UNCHANGED_LEGACY
camunda__camunda-bpm-platform,10,1,0.773465228142432,0.7661113492434928,UNCHANGED_LEGACY
camunda__camunda-bpm-platform,10,2,0.803630282539093,0.7854926143451768,UNCHANGED_LEGACY
camunda__camunda-bpm-platform,10,3,0.8140774229953187,0.8105574704843901,UNCHANGED_LEGACY
camunda__camunda-bpm-platform,10,4,0.8308264631254019,0.8029054406642349,UNCHANGED_LEGACY
camunda__camunda-bpm-platform,10,5,0.8240642853499255,0.8224025928864349,UNCHANGED_LEGACY
camunda__camunda-bpm-platform,10,6,0.7906363376226369,0.7865101921773473,UNCHANGED_LEGACY
camunda__camunda-bpm-platform,10,7,0.7875490700578032,0.7742179788069935,UNCHANGED_LEGACY
camunda__camunda-bpm-platform,10,8,0.7903560921027485,0.7716712092762175,UNCHANGED_LEGACY
camunda__camunda-bpm-platform,10,9,0.814405112690802,0.7945556765772813,UNCHANGED_LEGACY
camunda__camunda-bpm-platform,10,10,0.7655361873224905,0.7515125850584858,UNCHANGED_LEGACY
camunda__camunda-bpm-platform,10,11,0.786372466961584,0.7715926595531731,UNCHANGED_LEGACY
camunda__camunda-bpm-platform,10,12,0.7982392219867063,0.7810869289338774,UNCHANGED_LEGACY
camunda__camunda-bpm-platform,10,13,0.8051821790380165,0.7823210143321352,UNCHANGED_LEGACY
camunda__camunda-bpm-platform,10,14,0.832865610760002,0.8198949769248071,UNCHANGED_LEGACY
camunda__camunda-bpm-platform,10,15,0.8077482893164195,0.7965051148999324,UNCHANGED_LEGACY
camunda__camunda-bpm-platform,10,16,0.7882096242272049,0.7867398014539244,UNCHANGED_LEGACY
camunda__camunda-bpm-platform,10,17,0.8321355024184068,0.8197044939355026,UNCHANGED_LEGACY
camunda__camunda-bpm-platform,10,18,0.8096471226790244,0.7885506013808252,UNCHANGED_LEGACY
camunda__camunda-bpm-platform,10,19,0.8086822640563852,0.7883280149203564,UNCHANGED_LEGACY
camunda__camunda-bpm-platform,10,20,0.8286664522227558,0.8083580226205507,UNCHANGED_LEGACY
camunda__camunda-bpm-platform,10,21,0.772576842047218,0.7698260938079254,UNCHANGED_LEGACY
camunda__camunda-bpm-platform,10,22,0.7986106791544411,0.7791430283464449,UNCHANGED_LEGACY
camunda__camunda-bpm-platform,10,23,0.8125180657985148,0.8044021164429042,UNCHANGED_LEGACY
camunda__camunda-bpm-platform,10,24,0.8220355961765333,0.799608031347616,UNCHANGED_LEGACY
camunda__camunda-bpm-platform,10,25,0.8092478716197106,0.7941788671021222,UNCHANGED_LEGACY
camunda__camunda-bpm-platform,10,26,0.7939013679498779,0.7696745216554374,UNCHANGED_LEGACY
camunda__camunda-bpm-platform,10,27,0.7992643537362931,0.8089613939058454,UNCHANGED_LEGACY
camunda__camunda-bpm-platform,10,28,0.8272332919825675,0.8073366589201519,UNCHANGED_LEGACY
camunda__camunda-bpm-platform,10,29,0.7961567056395388,0.7799364904151871,UNCHANGED_LEGACY
camunda__camunda-bpm-platform,10,30,0.8117670089343395,0.8033996783113164,UNCHANGED_LEGACY
camunda__camunda-bpm-platform,15,1,0.7833700673238121,0.7840626996697603,UNCHANGED_LEGACY
camunda__camunda-bpm-platform,15,2,0.8191320624009621,0.7987491643694425,UNCHANGED_LEGACY
camunda__camunda-bpm-platform,15,3,0.7884236946864772,0.7723293011676979,UNCHANGED_LEGACY
camunda__camunda-bpm-platform,15,4,0.8291344413359464,0.8075067426138762,UNCHANGED_LEGACY
camunda__camunda-bpm-platform,15,5,0.810440543304644,0.8142227985644312,UNCHANGED_LEGACY
camunda__camunda-bpm-platform,15,6,0.8253654447877727,0.8231582145996913,UNCHANGED_LEGACY
camunda__camunda-bpm-platform,15,7,0.7909807116450704,0.7824347157947679,UNCHANGED_LEGACY
camunda__camunda-bpm-platform,15,8,0.7995471841616736,0.7756136308644668,UNCHANGED_LEGACY
camunda__camunda-bpm-platform,15,9,0.8121844632270496,0.7938141583559272,UNCHANGED_LEGACY
camunda__camunda-bpm-platform,15,10,0.7796024312650887,0.7684937041950097,UNCHANGED_LEGACY
camunda__camunda-bpm-platform,15,11,0.7705784222131192,0.7687104729416027,UNCHANGED_LEGACY
camunda__camunda-bpm-platform,15,12,0.7882117594279839,0.7666320525404842,UNCHANGED_LEGACY
camunda__camunda-bpm-platform,15,13,0.8396261973355871,0.8221471902476658,UNCHANGED_LEGACY
camunda__camunda-bpm-platform,15,14,0.8136132716076669,0.7890036161055092,UNCHANGED_LEGACY
camunda__camunda-bpm-platform,15,15,0.793600293882194,0.79230904168616,UNCHANGED_LEGACY
camunda__camunda-bpm-platform,15,16,0.7952284142312249,0.7918166165256781,UNCHANGED_LEGACY
camunda__camunda-bpm-platform,15,17,0.8271598045628361,0.8208646822923825,UNCHANGED_LEGACY
camunda__camunda-bpm-platform,15,18,0.8049404668607949,0.7808475933348351,UNCHANGED_LEGACY
camunda__camunda-bpm-platform,15,19,0.8066856692635812,0.7913158248055275,UNCHANGED_LEGACY
camunda__camunda-bpm-platform,15,20,0.8161154974877793,0.7969299240093178,UNCHANGED_LEGACY
camunda__camunda-bpm-platform,15,21,0.7929095303641707,0.7912312962475191,UNCHANGED_LEGACY
camunda__camunda-bpm-platform,15,22,0.795059420024477,0.7781344853022233,UNCHANGED_LEGACY
camunda__camunda-bpm-platform,15,23,0.7963046433752112,0.7910948698575918,UNCHANGED_LEGACY
camunda__camunda-bpm-platform,15,24,0.8099812882589222,0.7875613399183437,UNCHANGED_LEGACY
camunda__camunda-bpm-platform,15,25,0.8181711869427747,0.8060511431711088,UNCHANGED_LEGACY
camunda__camunda-bpm-platform,15,26,0.8129164046984164,0.791821129133354,UNCHANGED_LEGACY
camunda__camunda-bpm-platform,15,27,0.8143614706993478,0.8319350474661942,UNCHANGED_LEGACY
camunda__camunda-bpm-platform,15,28,0.8085538776071132,0.793661890501928,UNCHANGED_LEGACY
camunda__camunda-bpm-platform,15,29,0.7795047426559485,0.7758783977517225,UNCHANGED_LEGACY
camunda__camunda-bpm-platform,15,30,0.7930487951812665,0.7859725539773484,UNCHANGED_LEGACY
camunda__camunda-bpm-platform,20,1,0.7614055206636817,0.7516082947190663,UNCHANGED_LEGACY
camunda__camunda-bpm-platform,20,2,0.8384053885499593,0.8232820958914188,UNCHANGED_LEGACY
camunda__camunda-bpm-platform,20,3,0.7833192938930388,0.7714075118889168,UNCHANGED_LEGACY
camunda__camunda-bpm-platform,20,4,0.8203431698074842,0.8013147060688861,UNCHANGED_LEGACY
camunda__camunda-bpm-platform,20,5,0.8087994792930098,0.8038648515436218,UNCHANGED_LEGACY
camunda__camunda-bpm-platform,20,6,0.8217669095935478,0.8046026829739594,UNCHANGED_LEGACY
camunda__camunda-bpm-platform,20,7,0.7929459385881119,0.7919821101984593,UNCHANGED_LEGACY
camunda__camunda-bpm-platform,20,8,0.8112118243957646,0.7901357941777898,UNCHANGED_LEGACY
camunda__camunda-bpm-platform,20,9,0.7899035751752259,0.7776041919488624,UNCHANGED_LEGACY
camunda__camunda-bpm-platform,20,10,0.7782100172302722,0.7558671107013141,UNCHANGED_LEGACY
camunda__camunda-bpm-platform,20,11,0.759674698952075,0.7616202049098949,UNCHANGED_LEGACY
camunda__camunda-bpm-platform,20,12,0.8018829569768935,0.7874990866260393,UNCHANGED_LEGACY
camunda__camunda-bpm-platform,20,13,0.8298831997765995,0.8191216408424695,UNCHANGED_LEGACY
camunda__camunda-bpm-platform,20,14,0.8290686328823461,0.8028664377237082,UNCHANGED_LEGACY
camunda__camunda-bpm-platform,20,15,0.8071659862692047,0.8131182046428016,UNCHANGED_LEGACY
camunda__camunda-bpm-platform,20,16,0.7818502709371428,0.7789801119851436,UNCHANGED_LEGACY
camunda__camunda-bpm-platform,20,17,0.8113302031069363,0.8091893193397576,UNCHANGED_LEGACY
camunda__camunda-bpm-platform,20,18,0.7778892115016358,0.7542889067380768,UNCHANGED_LEGACY
camunda__camunda-bpm-platform,20,19,0.8087842191196531,0.8017982624815017,UNCHANGED_LEGACY
camunda__camunda-bpm-platform,20,20,0.8014724382126039,0.7830547598526972,UNCHANGED_LEGACY
camunda__camunda-bpm-platform,20,21,0.8055188763561636,0.810135155469192,UNCHANGED_LEGACY
camunda__camunda-bpm-platform,20,22,0.8015870704487429,0.7850956623695016,UNCHANGED_LEGACY
camunda__camunda-bpm-platform,20,23,0.7841645294197969,0.7870077099197818,UNCHANGED_LEGACY
camunda__camunda-bpm-platform,20,24,0.7979680952895635,0.7702188707824749,UNCHANGED_LEGACY
camunda__camunda-bpm-platform,20,25,0.7968159762429553,0.7844395337724129,UNCHANGED_LEGACY
camunda__camunda-bpm-platform,20,26,0.8013775446256018,0.7849632189699673,UNCHANGED_LEGACY
camunda__camunda-bpm-platform,20,27,0.7981309368407618,0.8001001386551921,UNCHANGED_LEGACY
camunda__camunda-bpm-platform,20,28,0.7986897085843088,0.7931302068641469,UNCHANGED_LEGACY
camunda__camunda-bpm-platform,20,29,0.7712681842701837,0.7710410370942383,UNCHANGED_LEGACY
camunda__camunda-bpm-platform,20,30,0.7900552999078111,0.783763979233123,UNCHANGED_LEGACY
camunda__camunda-bpm-platform,25,1,0.7592013936382714,0.7554994437887894,UNCHANGED_LEGACY
camunda__camunda-bpm-platform,25,2,0.8244870664682568,0.7939850068940986,UNCHANGED_LEGACY
camunda__camunda-bpm-platform,25,3,0.7776010517772826,0.7616902279918114,UNCHANGED_LEGACY
camunda__camunda-bpm-platform,25,4,0.8009848869369314,0.7854818157384169,UNCHANGED_LEGACY
camunda__camunda-bpm-platform,25,5,0.8025250038512947,0.7907966012828052,UNCHANGED_LEGACY
camunda__camunda-bpm-platform,25,6,0.8194750689066963,0.8015009227905293,UNCHANGED_LEGACY
camunda__camunda-bpm-platform,25,7,0.8069651743673646,0.8002830678036236,UNCHANGED_LEGACY
camunda__camunda-bpm-platform,25,8,0.8148202638212505,0.7932708972847133,UNCHANGED_LEGACY
camunda__camunda-bpm-platform,25,9,0.8027427458598705,0.7976583331078954,UNCHANGED_LEGACY
camunda__camunda-bpm-platform,25,10,0.7783867854878742,0.7574674831613432,UNCHANGED_LEGACY
camunda__camunda-bpm-platform,25,11,0.7482662348580184,0.7533437827334168,UNCHANGED_LEGACY
camunda__camunda-bpm-platform,25,12,0.8097085134421314,0.7929819623631864,UNCHANGED_LEGACY
camunda__camunda-bpm-platform,25,13,0.8297723255274908,0.8232498554416102,UNCHANGED_LEGACY
camunda__camunda-bpm-platform,25,14,0.8247927025432763,0.8039632536313717,UNCHANGED_LEGACY
camunda__camunda-bpm-platform,25,15,0.7967537602622891,0.7974364929230503,UNCHANGED_LEGACY
camunda__camunda-bpm-platform,25,16,0.7679582978734576,0.7463870869727974,UNCHANGED_LEGACY
camunda__camunda-bpm-platform,25,17,0.8045967066888224,0.7956214657345999,UNCHANGED_LEGACY
camunda__camunda-bpm-platform,25,18,0.7735453283099527,0.7557467279630325,UNCHANGED_LEGACY
camunda__camunda-bpm-platform,25,19,0.7990648823934408,0.7832601472223105,UNCHANGED_LEGACY
camunda__camunda-bpm-platform,25,20,0.8125971002720622,0.796926011481517,UNCHANGED_LEGACY
camunda__camunda-bpm-platform,25,21,0.7998902671112638,0.8006111423388463,UNCHANGED_LEGACY
camunda__camunda-bpm-platform,25,22,0.7987370955834726,0.781480936853795,UNCHANGED_LEGACY
camunda__camunda-bpm-platform,25,23,0.800895828972735,0.7938735583692552,UNCHANGED_LEGACY
camunda__camunda-bpm-platform,25,24,0.8025733266318112,0.7779552101145364,UNCHANGED_LEGACY
camunda__camunda-bpm-platform,25,25,0.8018975937291157,0.7877644421097839,UNCHANGED_LEGACY
camunda__camunda-bpm-platform,25,26,0.7915878150072532,0.7788021122474335,UNCHANGED_LEGACY
camunda__camunda-bpm-platform,25,27,0.778557297217184,0.7761650835279855,UNCHANGED_LEGACY
camunda__camunda-bpm-platform,25,28,0.8031273294327403,0.7983202845398001,UNCHANGED_LEGACY
camunda__camunda-bpm-platform,25,29,0.7715990306380637,0.780704452403861,UNCHANGED_LEGACY
camunda__camunda-bpm-platform,25,30,0.7756719764685915,0.7712884395400254,UNCHANGED_LEGACY
camunda__camunda-bpm-platform,30,1,0.7553464951900258,0.7564091081173692,UNCHANGED_LEGACY
camunda__camunda-bpm-platform,30,2,0.8194465587330391,0.7909396244902405,UNCHANGED_LEGACY
camunda__camunda-bpm-platform,30,3,0.7696023063246442,0.7564764621340785,UNCHANGED_LEGACY
camunda__camunda-bpm-platform,30,4,0.7902933435316049,0.7789120064839848,UNCHANGED_LEGACY
camunda__camunda-bpm-platform,30,5,0.8079609631927392,0.8041462987791825,UNCHANGED_LEGACY
camunda__camunda-bpm-platform,30,6,0.8104487986161332,0.7913758462161965,UNCHANGED_LEGACY
camunda__camunda-bpm-platform,30,7,0.8078672409048462,0.8019184068982985,UNCHANGED_LEGACY
camunda__camunda-bpm-platform,30,8,0.8080292588952392,0.7893122175739655,UNCHANGED_LEGACY
camunda__camunda-bpm-platform,30,9,0.7986256412018048,0.7873109545421374,UNCHANGED_LEGACY
camunda__camunda-bpm-platform,30,10,0.7742101376300887,0.7518774553724454,UNCHANGED_LEGACY
camunda__camunda-bpm-platform,30,11,0.7388751578369875,0.7349125300208958,UNCHANGED_LEGACY
camunda__camunda-bpm-platform,30,12,0.8080009941644936,0.7965416547860034,UNCHANGED_LEGACY
camunda__camunda-bpm-platform,30,13,0.8282031937537018,0.8245306985824126,UNCHANGED_LEGACY
camunda__camunda-bpm-platform,30,14,0.8098287526140474,0.7952023172600899,UNCHANGED_LEGACY
camunda__camunda-bpm-platform,30,15,0.7842472254673261,0.7899676148101198,UNCHANGED_LEGACY
camunda__camunda-bpm-platform,30,16,0.7849208022916182,0.7676986988783925,UNCHANGED_LEGACY
camunda__camunda-bpm-platform,30,17,0.7932957454507943,0.7759298570935873,UNCHANGED_LEGACY
camunda__camunda-bpm-platform,30,18,0.7814345850403429,0.7701162801755917,UNCHANGED_LEGACY
camunda__camunda-bpm-platform,30,19,0.791912520819432,0.7780278379130025,UNCHANGED_LEGACY
camunda__camunda-bpm-platform,30,20,0.803464318495762,0.783135126137386,UNCHANGED_LEGACY
camunda__camunda-bpm-platform,30,21,0.7922178957314394,0.7897641488984579,UNCHANGED_LEGACY
camunda__camunda-bpm-platform,30,22,0.8079561158280496,0.782471253968913,UNCHANGED_LEGACY
camunda__camunda-bpm-platform,30,23,0.8201900770132947,0.8036079214113634,UNCHANGED_LEGACY
camunda__camunda-bpm-platform,30,24,0.7754889141112032,0.7527521494884051,UNCHANGED_LEGACY
camunda__camunda-bpm-platform,30,25,0.7906490754135332,0.7752584343247586,UNCHANGED_LEGACY
camunda__camunda-bpm-platform,30,26,0.7831627026541184,0.7645054012163357,UNCHANGED_LEGACY
camunda__camunda-bpm-platform,30,27,0.7823025933480423,0.7795842406296208,UNCHANGED_LEGACY
camunda__camunda-bpm-platform,30,28,0.7882446234491987,0.7875006960440004,UNCHANGED_LEGACY
camunda__camunda-bpm-platform,30,29,0.7638102363037205,0.7599186061655743,UNCHANGED_LEGACY
camunda__camunda-bpm-platform,30,30,0.7643066807942005,0.7599027623282785,UNCHANGED_LEGACY
camunda__camunda-bpm-platform,40,1,0.7753182211787292,0.7789282791219581,UNCHANGED_LEGACY
camunda__camunda-bpm-platform,40,2,0.7998148102724562,0.7798081786337085,UNCHANGED_LEGACY
camunda__camunda-bpm-platform,40,3,0.7682591268608921,0.7564161894340943,UNCHANGED_LEGACY
camunda__camunda-bpm-platform,40,4,0.7658307908793951,0.7462416639760888,UNCHANGED_LEGACY
camunda__camunda-bpm-platform,40,5,0.7922286072041348,0.7836441439509019,UNCHANGED_LEGACY
camunda__camunda-bpm-platform,40,6,0.7969359727491249,0.7656081196809627,UNCHANGED_LEGACY
camunda__camunda-bpm-platform,40,7,0.7904835697797813,0.7835761723676112,UNCHANGED_LEGACY
camunda__camunda-bpm-platform,40,8,0.8172611805679887,0.8036997073631517,UNCHANGED_LEGACY
camunda__camunda-bpm-platform,40,9,0.7700689474390342,0.7578892794878753,UNCHANGED_LEGACY
camunda__camunda-bpm-platform,40,10,0.7744779495001511,0.7507522541605177,UNCHANGED_LEGACY
camunda__camunda-bpm-platform,40,11,0.7576352599896544,0.7445682097731693,UNCHANGED_LEGACY
camunda__camunda-bpm-platform,40,12,0.7957860266851355,0.7822172177465873,UNCHANGED_LEGACY
camunda__camunda-bpm-platform,40,13,0.8121588334300189,0.8093645974243291,UNCHANGED_LEGACY
camunda__camunda-bpm-platform,40,14,0.7881701531009024,0.781118901616967,UNCHANGED_LEGACY
camunda__camunda-bpm-platform,40,15,0.758262111515225,0.7563574668567293,UNCHANGED_LEGACY
camunda__camunda-bpm-platform,40,16,0.7666635927011239,0.7563163426949978,UNCHANGED_LEGACY
camunda__camunda-bpm-platform,40,17,0.7835926516259538,0.7502017278105378,UNCHANGED_LEGACY
camunda__camunda-bpm-platform,40,18,0.7662245019757971,0.7543418309469394,UNCHANGED_LEGACY
camunda__camunda-bpm-platform,40,19,0.768326464299609,0.7613775924086902,UNCHANGED_LEGACY
camunda__camunda-bpm-platform,40,20,0.7795981768090964,0.7644032294758513,UNCHANGED_LEGACY
camunda__camunda-bpm-platform,40,21,0.7775697920530888,0.7806625718452759,UNCHANGED_LEGACY
camunda__camunda-bpm-platform,40,22,0.7863509616160136,0.7645698633788445,UNCHANGED_LEGACY
camunda__camunda-bpm-platform,40,23,0.7967360269881554,0.7742525344142355,UNCHANGED_LEGACY
camunda__camunda-bpm-platform,40,24,0.7558857772603077,0.7351254650993685,UNCHANGED_LEGACY
camunda__camunda-bpm-platform,40,25,0.7951242975210243,0.7684506885598787,UNCHANGED_LEGACY
camunda__camunda-bpm-platform,40,26,0.7753783349785748,0.7537645534957099,UNCHANGED_LEGACY
camunda__camunda-bpm-platform,40,27,0.781013382175924,0.7855443165746562,UNCHANGED_LEGACY
camunda__camunda-bpm-platform,40,28,0.7913300967654158,0.8026147307902529,UNCHANGED_LEGACY
camunda__camunda-bpm-platform,40,29,0.7606262529554264,0.752875564194475,UNCHANGED_LEGACY
camunda__camunda-bpm-platform,40,30,0.766284863261667,0.7608645338099386,UNCHANGED_LEGACY
camunda__camunda-bpm-platform,50,1,0.7720526334683107,0.7780462369454813,UNCHANGED_LEGACY
camunda__camunda-bpm-platform,50,2,0.7857641127703336,0.7618870413387009,UNCHANGED_LEGACY
camunda__camunda-bpm-platform,50,3,0.7659891417599611,0.7558547238214571,UNCHANGED_LEGACY
camunda__camunda-bpm-platform,50,4,0.765348379230963,0.7542993016203194,UNCHANGED_LEGACY
camunda__camunda-bpm-platform,50,5,0.7778000405761661,0.7742603051693274,UNCHANGED_LEGACY
camunda__camunda-bpm-platform,50,6,0.7871236176546099,0.7577928767236395,UNCHANGED_LEGACY
camunda__camunda-bpm-platform,50,7,0.7891635995759082,0.775802265193555,UNCHANGED_LEGACY
camunda__camunda-bpm-platform,50,8,0.7901176044219043,0.7803909832793344,UNCHANGED_LEGACY
camunda__camunda-bpm-platform,50,9,0.7591188494993028,0.7356157559961856,UNCHANGED_LEGACY
camunda__camunda-bpm-platform,50,10,0.7569794297743684,0.7333981633620446,UNCHANGED_LEGACY
camunda__camunda-bpm-platform,50,11,0.7627353723722606,0.7518999271542108,UNCHANGED_LEGACY
camunda__camunda-bpm-platform,50,12,0.8057584029285025,0.7835772562631715,UNCHANGED_LEGACY
camunda__camunda-bpm-platform,50,13,0.785510615869369,0.7815170146313996,UNCHANGED_LEGACY
camunda__camunda-bpm-platform,50,14,0.7860213764708366,0.7754641941134185,UNCHANGED_LEGACY
camunda__camunda-bpm-platform,50,15,0.746680384075438,0.7386771740407554,UNCHANGED_LEGACY
camunda__camunda-bpm-platform,50,16,0.7522117618490071,0.7470935693590143,UNCHANGED_LEGACY
camunda__camunda-bpm-platform,50,17,0.7738794723703112,0.7445293869149062,UNCHANGED_LEGACY
camunda__camunda-bpm-platform,50,18,0.7575441512589521,0.7488585643754863,UNCHANGED_LEGACY
camunda__camunda-bpm-platform,50,19,0.7548898969599374,0.7476341890946275,UNCHANGED_LEGACY
camunda__camunda-bpm-platform,50,20,0.7724183479135416,0.7603837143497114,UNCHANGED_LEGACY
camunda__camunda-bpm-platform,50,21,0.7688919865625069,0.7698313748214619,UNCHANGED_LEGACY
camunda__camunda-bpm-platform,50,22,0.7621011775140177,0.7369184840754804,UNCHANGED_LEGACY
camunda__camunda-bpm-platform,50,23,0.7883787662278015,0.7551645310235003,UNCHANGED_LEGACY
camunda__camunda-bpm-platform,50,24,0.7355113320716096,0.7191150437145737,UNCHANGED_LEGACY
camunda__camunda-bpm-platform,50,25,0.7965923256939275,0.773843729862365,UNCHANGED_LEGACY
camunda__camunda-bpm-platform,50,26,0.7628314804911087,0.7487904218037802,UNCHANGED_LEGACY
camunda__camunda-bpm-platform,50,27,0.7697019875606773,0.7461461600889658,UNCHANGED_LEGACY
camunda__camunda-bpm-platform,50,28,0.7812164481964223,0.7980090324090449,UNCHANGED_LEGACY
camunda__camunda-bpm-platform,50,29,0.7568305554391537,0.7572293829015211,UNCHANGED_LEGACY
camunda__camunda-bpm-platform,50,30,0.7424546858051558,0.7362052686183991,UNCHANGED_LEGACY
eclipse__jetty.project,0,1,0.9771211986402412,0.9584700517945758,UNCHANGED_LEGACY
eclipse__jetty.project,0,2,0.9771211986402412,0.9584700517945758,UNCHANGED_LEGACY
eclipse__jetty.project,0,3,0.9771211986402412,0.9584700517945758,UNCHANGED_LEGACY
eclipse__jetty.project,0,4,0.9771211986402412,0.9584700517945758,UNCHANGED_LEGACY
eclipse__jetty.project,0,5,0.9771211986402412,0.9584700517945758,UNCHANGED_LEGACY
eclipse__jetty.project,0,6,0.9771211986402412,0.9584700517945758,UNCHANGED_LEGACY
eclipse__jetty.project,0,7,0.9771211986402412,0.9584700517945758,UNCHANGED_LEGACY
eclipse__jetty.project,0,8,0.9771211986402412,0.9584700517945758,UNCHANGED_LEGACY
eclipse__jetty.project,0,9,0.9771211986402412,0.9584700517945758,UNCHANGED_LEGACY
eclipse__jetty.project,0,10,0.9771211986402412,0.9584700517945758,UNCHANGED_LEGACY
eclipse__jetty.project,0,11,0.9771211986402412,0.9584700517945758,UNCHANGED_LEGACY
eclipse__jetty.project,0,12,0.9771211986402412,0.9584700517945758,UNCHANGED_LEGACY
eclipse__jetty.project,0,13,0.9771211986402412,0.9584700517945758,UNCHANGED_LEGACY
eclipse__jetty.project,0,14,0.9771211986402412,0.9584700517945758,UNCHANGED_LEGACY
eclipse__jetty.project,0,15,0.9771211986402412,0.9584700517945758,UNCHANGED_LEGACY
eclipse__jetty.project,0,16,0.9771211986402412,0.9584700517945758,UNCHANGED_LEGACY
eclipse__jetty.project,0,17,0.9771211986402412,0.9584700517945758,UNCHANGED_LEGACY
eclipse__jetty.project,0,18,0.9771211986402412,0.9584700517945758,UNCHANGED_LEGACY
eclipse__jetty.project,0,19,0.9771211986402412,0.9584700517945758,UNCHANGED_LEGACY
eclipse__jetty.project,0,20,0.9771211986402412,0.9584700517945758,UNCHANGED_LEGACY
eclipse__jetty.project,0,21,0.9771211986402412,0.9584700517945758,UNCHANGED_LEGACY
eclipse__jetty.project,0,22,0.9771211986402412,0.9584700517945758,UNCHANGED_LEGACY
eclipse__jetty.project,0,23,0.9771211986402412,0.9584700517945758,UNCHANGED_LEGACY
eclipse__jetty.project,0,24,0.9771211986402412,0.9584700517945758,UNCHANGED_LEGACY
eclipse__jetty.project,0,25,0.9771211986402412,0.9584700517945758,UNCHANGED_LEGACY
eclipse__jetty.project,0,26,0.9771211986402412,0.9584700517945758,UNCHANGED_LEGACY
eclipse__jetty.project,0,27,0.9771211986402412,0.9584700517945758,UNCHANGED_LEGACY
eclipse__jetty.project,0,28,0.9771211986402412,0.9584700517945758,UNCHANGED_LEGACY
eclipse__jetty.project,0,29,0.9771211986402412,0.9584700517945758,UNCHANGED_LEGACY
eclipse__jetty.project,0,30,0.9771211986402412,0.9584700517945758,UNCHANGED_LEGACY
eclipse__jetty.project,5,1,0.9520556389882152,0.94131742297553,UNCHANGED_LEGACY
eclipse__jetty.project,5,2,0.9386205067560908,0.92705316781853,UNCHANGED_LEGACY
eclipse__jetty.project,5,3,0.971869829138292,0.9568853711703478,UNCHANGED_LEGACY
eclipse__jetty.project,5,4,0.9391441926532572,0.9313816168618348,UNCHANGED_LEGACY
eclipse__jetty.project,5,5,0.9419344695036844,0.9318892306019182,UNCHANGED_LEGACY
eclipse__jetty.project,5,6,0.9528688119994068,0.9441685837160207,UNCHANGED_LEGACY
eclipse__jetty.project,5,7,0.9528721988448988,0.9438405860025414,UNCHANGED_LEGACY
eclipse__jetty.project,5,8,0.9765999545275418,0.9643415325506944,UNCHANGED_LEGACY
eclipse__jetty.project,5,9,0.9447807174802816,0.935336245726019,UNCHANGED_LEGACY
eclipse__jetty.project,5,10,0.9476933819943796,0.9380373544167774,UNCHANGED_LEGACY
eclipse__jetty.project,5,11,0.9450824542130492,0.9360420897086849,UNCHANGED_LEGACY
eclipse__jetty.project,5,12,0.9475905014755056,0.9373357109917496,UNCHANGED_LEGACY
eclipse__jetty.project,5,13,0.939748172562978,0.9291555631941264,UNCHANGED_LEGACY
eclipse__jetty.project,5,14,0.9515345486175008,0.9367959012109636,UNCHANGED_LEGACY
eclipse__jetty.project,5,15,0.9519017794358596,0.9386832412198696,UNCHANGED_LEGACY
eclipse__jetty.project,5,16,0.944300246646357,0.9321809556522342,UNCHANGED_LEGACY
eclipse__jetty.project,5,17,0.9452256693938584,0.9323862076021818,UNCHANGED_LEGACY
eclipse__jetty.project,5,18,0.9506005931898346,0.9346934133733952,UNCHANGED_LEGACY
eclipse__jetty.project,5,19,0.9458594074213142,0.9310644345975292,UNCHANGED_LEGACY
eclipse__jetty.project,5,20,0.9477217745215424,0.9377670585020448,UNCHANGED_LEGACY
eclipse__jetty.project,5,21,0.9430000280704728,0.9341163016846836,UNCHANGED_LEGACY
eclipse__jetty.project,5,22,0.9536186026163886,0.942042692736482,UNCHANGED_LEGACY
eclipse__jetty.project,5,23,0.9574474970116524,0.9418147456228408,UNCHANGED_LEGACY
eclipse__jetty.project,5,24,0.9449121442683032,0.9308332415563446,UNCHANGED_LEGACY
eclipse__jetty.project,5,25,0.9566025898460369,0.9454574253197752,UNCHANGED_LEGACY
eclipse__jetty.project,5,26,0.9391082125069544,0.9250315337032976,UNCHANGED_LEGACY
eclipse__jetty.project,5,27,0.9522757839452024,0.9404332566578965,UNCHANGED_LEGACY
eclipse__jetty.project,5,28,0.9668721203460502,0.9498105264154596,UNCHANGED_LEGACY
eclipse__jetty.project,5,29,0.9789142914107776,0.9639612378174806,UNCHANGED_LEGACY
eclipse__jetty.project,5,30,0.9415043401261866,0.931574093756094,UNCHANGED_LEGACY
eclipse__jetty.project,10,1,0.9459373907822716,0.934143716630942,UNCHANGED_LEGACY
eclipse__jetty.project,10,2,0.937035463065784,0.9279382603966436,UNCHANGED_LEGACY
eclipse__jetty.project,10,3,0.9656875609610832,0.9544286076287192,UNCHANGED_LEGACY
eclipse__jetty.project,10,4,0.9413711136525764,0.9332205714431524,UNCHANGED_LEGACY
eclipse__jetty.project,10,5,0.9379736418762136,0.932249979197094,UNCHANGED_LEGACY
eclipse__jetty.project,10,6,0.957624603256498,0.9453889686340246,UNCHANGED_LEGACY
eclipse__jetty.project,10,7,0.9596167059829132,0.9436784647962267,UNCHANGED_LEGACY
eclipse__jetty.project,10,8,0.972692195015819,0.957461737978092,UNCHANGED_LEGACY
eclipse__jetty.project,10,9,0.9587811454256184,0.9472873515913566,UNCHANGED_LEGACY
eclipse__jetty.project,10,10,0.9437067573661978,0.9328036515819506,UNCHANGED_LEGACY
eclipse__jetty.project,10,11,0.9487352552518384,0.9362601099598532,UNCHANGED_LEGACY
eclipse__jetty.project,10,12,0.9484496388183756,0.9394528932915694,UNCHANGED_LEGACY
eclipse__jetty.project,10,13,0.9446795959505886,0.93166726121934,UNCHANGED_LEGACY
eclipse__jetty.project,10,14,0.972093360940771,0.9574954146359008,UNCHANGED_LEGACY
eclipse__jetty.project,10,15,0.9478462738765946,0.9367451719757336,UNCHANGED_LEGACY
eclipse__jetty.project,10,16,0.9363668979569124,0.9240531942590317,UNCHANGED_LEGACY
eclipse__jetty.project,10,17,0.9414845119319504,0.9270396917069614,UNCHANGED_LEGACY
eclipse__jetty.project,10,18,0.951967757356521,0.9368537796579344,UNCHANGED_LEGACY
eclipse__jetty.project,10,19,0.9396045006780372,0.9279499485458098,UNCHANGED_LEGACY
eclipse__jetty.project,10,20,0.9445974977306224,0.9332594715322218,UNCHANGED_LEGACY
eclipse__jetty.project,10,21,0.9395446543494816,0.9296419206237666,UNCHANGED_LEGACY
eclipse__jetty.project,10,22,0.952846401844188,0.9360716679962438,UNCHANGED_LEGACY
eclipse__jetty.project,10,23,0.9340088893063032,0.9214367306941992,UNCHANGED_LEGACY
eclipse__jetty.project,10,24,0.9431393725707192,0.9317801694849812,UNCHANGED_LEGACY
eclipse__jetty.project,10,25,0.9619212350318732,0.9480477811050698,UNCHANGED_LEGACY
eclipse__jetty.project,10,26,0.942398137243018,0.929093894384048,UNCHANGED_LEGACY
eclipse__jetty.project,10,27,0.9437414171401592,0.9338034895827046,UNCHANGED_LEGACY
eclipse__jetty.project,10,28,0.9598163535158472,0.9429986921643788,UNCHANGED_LEGACY
eclipse__jetty.project,10,29,0.9748876622137456,0.9611648312358428,UNCHANGED_LEGACY
eclipse__jetty.project,10,30,0.949897427090702,0.9401550504824806,UNCHANGED_LEGACY
eclipse__jetty.project,15,1,0.9507188252980884,0.9379223656061983,UNCHANGED_LEGACY
eclipse__jetty.project,15,2,0.9347154739036896,0.925100986568328,UNCHANGED_LEGACY
eclipse__jetty.project,15,3,0.9633249943128024,0.952769853644798,UNCHANGED_LEGACY
eclipse__jetty.project,15,4,0.9430824835144628,0.9385160574222998,UNCHANGED_LEGACY
eclipse__jetty.project,15,5,0.941824485200741,0.9355602733472816,UNCHANGED_LEGACY
eclipse__jetty.project,15,6,0.956989834253378,0.951471920098526,UNCHANGED_LEGACY
eclipse__jetty.project,15,7,0.9522583884917872,0.9381084672545514,UNCHANGED_LEGACY
eclipse__jetty.project,15,8,0.9706479918437964,0.9557368924349646,UNCHANGED_LEGACY
eclipse__jetty.project,15,9,0.9572377115513576,0.9427823417096772,UNCHANGED_LEGACY
eclipse__jetty.project,15,10,0.946549464755318,0.9379122475181516,UNCHANGED_LEGACY
eclipse__jetty.project,15,11,0.9518853516525848,0.9380137917830056,UNCHANGED_LEGACY
eclipse__jetty.project,15,12,0.9498648563990068,0.935788374761352,UNCHANGED_LEGACY
eclipse__jetty.project,15,13,0.9468294515190374,0.9370710194448594,UNCHANGED_LEGACY
eclipse__jetty.project,15,14,0.9701938244547684,0.9567362810370276,UNCHANGED_LEGACY
eclipse__jetty.project,15,15,0.9461799458944774,0.9324426871196078,UNCHANGED_LEGACY
eclipse__jetty.project,15,16,0.9362231130263944,0.9245275235774296,UNCHANGED_LEGACY
eclipse__jetty.project,15,17,0.9486896933624144,0.9399586684913226,UNCHANGED_LEGACY
eclipse__jetty.project,15,18,0.9481362900439207,0.9345368879000352,UNCHANGED_LEGACY
eclipse__jetty.project,15,19,0.9487788501482196,0.9354946943497,UNCHANGED_LEGACY
eclipse__jetty.project,15,20,0.9439709313145824,0.9330753801182876,UNCHANGED_LEGACY
eclipse__jetty.project,15,21,0.9331409705829984,0.920733752308371,UNCHANGED_LEGACY
eclipse__jetty.project,15,22,0.9498656703271624,0.9352147885903598,UNCHANGED_LEGACY
eclipse__jetty.project,15,23,0.9365731970916076,0.923372311095859,UNCHANGED_LEGACY
eclipse__jetty.project,15,24,0.9382653944236052,0.9294161309879708,UNCHANGED_LEGACY
eclipse__jetty.project,15,25,0.9437361311289706,0.935335584880812,UNCHANGED_LEGACY
eclipse__jetty.project,15,26,0.9405379044432868,0.9242349970531047,UNCHANGED_LEGACY
eclipse__jetty.project,15,27,0.9431974327791556,0.9297168964703376,UNCHANGED_LEGACY
eclipse__jetty.project,15,28,0.950932173954976,0.9387438679097764,UNCHANGED_LEGACY
eclipse__jetty.project,15,29,0.9708028190662928,0.9601558905455856,UNCHANGED_LEGACY
eclipse__jetty.project,15,30,0.9496506712048484,0.9390431674229006,UNCHANGED_LEGACY
eclipse__jetty.project,20,1,0.9476076120540666,0.9369009489099832,UNCHANGED_LEGACY
eclipse__jetty.project,20,2,0.9468937789742718,0.9349523827658208,UNCHANGED_LEGACY
eclipse__jetty.project,20,3,0.9644831417291184,0.9535807408834578,UNCHANGED_LEGACY
eclipse__jetty.project,20,4,0.9375576160649238,0.9308032642423596,UNCHANGED_LEGACY
eclipse__jetty.project,20,5,0.945722744362158,0.9372412021112908,UNCHANGED_LEGACY
eclipse__jetty.project,20,6,0.953044335606172,0.9484870751424482,UNCHANGED_LEGACY
eclipse__jetty.project,20,7,0.9462454625891836,0.9294911378757088,UNCHANGED_LEGACY
eclipse__jetty.project,20,8,0.947760983249529,0.9342754361167882,UNCHANGED_LEGACY
eclipse__jetty.project,20,9,0.95451130093021,0.9412492015406284,UNCHANGED_LEGACY
eclipse__jetty.project,20,10,0.94272169177218,0.9334910007746516,UNCHANGED_LEGACY
eclipse__jetty.project,20,11,0.9475527849491376,0.9324524170518526,UNCHANGED_LEGACY
eclipse__jetty.project,20,12,0.9479369499949568,0.9330924218296376,UNCHANGED_LEGACY
eclipse__jetty.project,20,13,0.9427602448358192,0.933024779394575,UNCHANGED_LEGACY
eclipse__jetty.project,20,14,0.9773362203716708,0.958141283808082,UNCHANGED_LEGACY
eclipse__jetty.project,20,15,0.94284311176571,0.9287621494548426,UNCHANGED_LEGACY
eclipse__jetty.project,20,16,0.9367786416017388,0.922746004874356,UNCHANGED_LEGACY
eclipse__jetty.project,20,17,0.941299248318256,0.9297249284830372,UNCHANGED_LEGACY
eclipse__jetty.project,20,18,0.9453826309168516,0.9318324625707746,UNCHANGED_LEGACY
eclipse__jetty.project,20,19,0.94469761541559,0.932729794382714,UNCHANGED_LEGACY
eclipse__jetty.project,20,20,0.9437004901193994,0.9341412168644512,UNCHANGED_LEGACY
eclipse__jetty.project,20,21,0.926918150696346,0.9183794438703452,UNCHANGED_LEGACY
eclipse__jetty.project,20,22,0.9468570301180448,0.934413842563431,UNCHANGED_LEGACY
eclipse__jetty.project,20,23,0.9444238958986692,0.9266124176290006,UNCHANGED_LEGACY
eclipse__jetty.project,20,24,0.9392712875347614,0.9272226457827756,UNCHANGED_LEGACY
eclipse__jetty.project,20,25,0.9500120824368942,0.940815833458596,UNCHANGED_LEGACY
eclipse__jetty.project,20,26,0.9433825697818036,0.92766101913839,UNCHANGED_LEGACY
eclipse__jetty.project,20,27,0.9418664025007568,0.9290367964884486,UNCHANGED_LEGACY
eclipse__jetty.project,20,28,0.9634320529962084,0.9524979100786752,UNCHANGED_LEGACY
eclipse__jetty.project,20,29,0.967335173117444,0.9584784724682474,UNCHANGED_LEGACY
eclipse__jetty.project,20,30,0.947836619784304,0.936538455635716,UNCHANGED_LEGACY
eclipse__jetty.project,25,1,0.9448587912777004,0.9326236405951028,UNCHANGED_LEGACY
eclipse__jetty.project,25,2,0.9489692776838792,0.9344586080061856,UNCHANGED_LEGACY
eclipse__jetty.project,25,3,0.9602978146290276,0.9411019231379428,UNCHANGED_LEGACY
eclipse__jetty.project,25,4,0.931053819135296,0.9228260599216526,UNCHANGED_LEGACY
eclipse__jetty.project,25,5,0.9415222646329032,0.9334498987326372,UNCHANGED_LEGACY
eclipse__jetty.project,25,6,0.9544668107128578,0.949007880906066,UNCHANGED_LEGACY
eclipse__jetty.project,25,7,0.9415230785610588,0.9251924495886638,UNCHANGED_LEGACY
eclipse__jetty.project,25,8,0.9451072790217964,0.9312644741468986,UNCHANGED_LEGACY
eclipse__jetty.project,25,9,0.9534288081359612,0.9405444946096664,UNCHANGED_LEGACY
eclipse__jetty.project,25,10,0.9399119077769555,0.9299173733611442,UNCHANGED_LEGACY
eclipse__jetty.project,25,11,0.9446467177749236,0.9303112141636052,UNCHANGED_LEGACY
eclipse__jetty.project,25,12,0.94702637239265,0.9298896839921148,UNCHANGED_LEGACY
eclipse__jetty.project,25,13,0.9449476631886508,0.9327629327633647,UNCHANGED_LEGACY
eclipse__jetty.project,25,14,0.9746449759686704,0.9551172521468958,UNCHANGED_LEGACY
eclipse__jetty.project,25,15,0.9409402110433308,0.928254775113161,UNCHANGED_LEGACY
eclipse__jetty.project,25,16,0.9543647079475548,0.935573196609127,UNCHANGED_LEGACY
eclipse__jetty.project,25,17,0.937799560731013,0.9230583257557032,UNCHANGED_LEGACY
eclipse__jetty.project,25,18,0.943311332980892,0.9301835441417378,UNCHANGED_LEGACY
eclipse__jetty.project,25,19,0.9418472344926914,0.9276420658474434,UNCHANGED_LEGACY
eclipse__jetty.project,25,20,0.946775745826234,0.936841313902062,UNCHANGED_LEGACY
eclipse__jetty.project,25,21,0.9294305750835508,0.9196248869703983,UNCHANGED_LEGACY
eclipse__jetty.project,25,22,0.944790263048818,0.9338123035677814,UNCHANGED_LEGACY
eclipse__jetty.project,25,23,0.938684712122102,0.9253607797769712,UNCHANGED_LEGACY
eclipse__jetty.project,25,24,0.9383108749202136,0.9272184761723564,UNCHANGED_LEGACY
eclipse__jetty.project,25,25,0.9440681052927204,0.938737682075032,UNCHANGED_LEGACY
eclipse__jetty.project,25,26,0.9397048082795744,0.9251397179352386,UNCHANGED_LEGACY
eclipse__jetty.project,25,27,0.9493140757379036,0.9340025023502756,UNCHANGED_LEGACY
eclipse__jetty.project,25,28,0.9583309798500224,0.9481886156688568,UNCHANGED_LEGACY
eclipse__jetty.project,25,29,0.9641633267476494,0.952957917630234,UNCHANGED_LEGACY
eclipse__jetty.project,25,30,0.9461546553379522,0.9346486956990656,UNCHANGED_LEGACY
eclipse__jetty.project,30,1,0.9441907913967148,0.9339906011199128,UNCHANGED_LEGACY
eclipse__jetty.project,30,2,0.9455532483455676,0.9322498764853236,UNCHANGED_LEGACY
eclipse__jetty.project,30,3,0.9587876116326328,0.9431628569509778,UNCHANGED_LEGACY
eclipse__jetty.project,30,4,0.9281126083520502,0.9154823043031032,UNCHANGED_LEGACY
eclipse__jetty.project,30,5,0.9388068284763876,0.9306513336341,UNCHANGED_LEGACY
eclipse__jetty.project,30,6,0.9545853503050816,0.9495422777942912,UNCHANGED_LEGACY
eclipse__jetty.project,30,7,0.9383063892717112,0.9240600706000563,UNCHANGED_LEGACY
eclipse__jetty.project,30,8,0.940353622065202,0.9278055768069852,UNCHANGED_LEGACY
eclipse__jetty.project,30,9,0.9504340454018968,0.9396368683643403,UNCHANGED_LEGACY
eclipse__jetty.project,30,10,0.937122598596669,0.9283141252732964,UNCHANGED_LEGACY
eclipse__jetty.project,30,11,0.9545498539938492,0.9351459188367478,UNCHANGED_LEGACY
eclipse__jetty.project,30,12,0.9443825438265392,0.9294976310660714,UNCHANGED_LEGACY
eclipse__jetty.project,30,13,0.9414848555905052,0.9268086982648378,UNCHANGED_LEGACY
eclipse__jetty.project,30,14,0.9704791560133768,0.9535505481722146,UNCHANGED_LEGACY
eclipse__jetty.project,30,15,0.9404131609097878,0.9304307574804596,UNCHANGED_LEGACY
eclipse__jetty.project,30,16,0.9493506391993846,0.9304533301516884,UNCHANGED_LEGACY
eclipse__jetty.project,30,17,0.934521315863983,0.921658240682924,UNCHANGED_LEGACY
eclipse__jetty.project,30,18,0.9410323160577884,0.9292626241687748,UNCHANGED_LEGACY
eclipse__jetty.project,30,19,0.9387028355890346,0.9273216311960792,UNCHANGED_LEGACY
eclipse__jetty.project,30,20,0.9593015982192776,0.9496054161553572,UNCHANGED_LEGACY
eclipse__jetty.project,30,21,0.9294041857240156,0.9129813625804092,UNCHANGED_LEGACY
eclipse__jetty.project,30,22,0.9434660064614036,0.933543286208016,UNCHANGED_LEGACY
eclipse__jetty.project,30,23,0.9364886299562356,0.9200159184408596,UNCHANGED_LEGACY
eclipse__jetty.project,30,24,0.943157297077436,0.932826404633157,UNCHANGED_LEGACY
eclipse__jetty.project,30,25,0.950076848508968,0.9442529663714604,UNCHANGED_LEGACY
eclipse__jetty.project,30,26,0.9400870832033432,0.9247984174531496,UNCHANGED_LEGACY
eclipse__jetty.project,30,27,0.94870574131255,0.9326492480250356,UNCHANGED_LEGACY
eclipse__jetty.project,30,28,0.9573929999998086,0.9480259873608308,UNCHANGED_LEGACY
eclipse__jetty.project,30,29,0.9627360132902608,0.9524239273863097,UNCHANGED_LEGACY
eclipse__jetty.project,30,30,0.9437479059562888,0.9343064653767812,UNCHANGED_LEGACY
eclipse__jetty.project,40,1,0.931867959816628,0.925216136789456,UNCHANGED_LEGACY
eclipse__jetty.project,40,2,0.93383149366478,0.9114735149186972,UNCHANGED_LEGACY
eclipse__jetty.project,40,3,0.9437767461439374,0.9263216535372772,UNCHANGED_LEGACY
eclipse__jetty.project,40,4,0.940175344668177,0.9223755638900684,UNCHANGED_LEGACY
eclipse__jetty.project,40,5,0.9353354881980768,0.9284218513184256,UNCHANGED_LEGACY
eclipse__jetty.project,40,6,0.9614234139627644,0.9502857226366842,UNCHANGED_LEGACY
eclipse__jetty.project,40,7,0.9376283825962344,0.924274298239735,UNCHANGED_LEGACY
eclipse__jetty.project,40,8,0.9474924231327504,0.932037331230181,UNCHANGED_LEGACY
eclipse__jetty.project,40,9,0.9482398397926116,0.9364188785879408,UNCHANGED_LEGACY
eclipse__jetty.project,40,10,0.9375229065509086,0.9294322038834651,UNCHANGED_LEGACY
eclipse__jetty.project,40,11,0.9490262390893052,0.9312040029424288,UNCHANGED_LEGACY
eclipse__jetty.project,40,12,0.9487198403569352,0.9404261435630282,UNCHANGED_LEGACY
eclipse__jetty.project,40,13,0.9368057092347372,0.9245420773671632,UNCHANGED_LEGACY
eclipse__jetty.project,40,14,0.9622420402925984,0.9432944985376914,UNCHANGED_LEGACY
eclipse__jetty.project,40,15,0.9488349704945512,0.937956610699108,UNCHANGED_LEGACY
eclipse__jetty.project,40,16,0.9431213078874872,0.927419119414347,UNCHANGED_LEGACY
eclipse__jetty.project,40,17,0.9291323201545602,0.914721805191606,UNCHANGED_LEGACY
eclipse__jetty.project,40,18,0.9399119303860712,0.9293091457247328,UNCHANGED_LEGACY
eclipse__jetty.project,40,19,0.9361801873598302,0.9199586518679648,UNCHANGED_LEGACY
eclipse__jetty.project,40,20,0.9700159721091136,0.9594054475463584,UNCHANGED_LEGACY
eclipse__jetty.project,40,21,0.9230688086170834,0.9120096981435492,UNCHANGED_LEGACY
eclipse__jetty.project,40,22,0.9512638225474636,0.9416802691128184,UNCHANGED_LEGACY
eclipse__jetty.project,40,23,0.9368380493134548,0.9189779523803572,UNCHANGED_LEGACY
eclipse__jetty.project,40,24,0.9430182826702748,0.9323507047673104,UNCHANGED_LEGACY
eclipse__jetty.project,40,25,0.9598149110542824,0.9419387929006472,UNCHANGED_LEGACY
eclipse__jetty.project,40,26,0.949239397829623,0.9304903619679714,UNCHANGED_LEGACY
eclipse__jetty.project,40,27,0.9438304880113254,0.9266528469795546,UNCHANGED_LEGACY
eclipse__jetty.project,40,28,0.9581884474644994,0.9439576319823682,UNCHANGED_LEGACY
eclipse__jetty.project,40,29,0.9576202713499808,0.9436699442895704,UNCHANGED_LEGACY
eclipse__jetty.project,40,30,0.9417191855065158,0.9331313364115372,UNCHANGED_LEGACY
eclipse__jetty.project,50,1,0.9405567604455592,0.9379104635137492,UNCHANGED_LEGACY
eclipse__jetty.project,50,2,0.9297947491495026,0.9063074528168812,UNCHANGED_LEGACY
eclipse__jetty.project,50,3,0.9381199680713066,0.9192806443330134,UNCHANGED_LEGACY
eclipse__jetty.project,50,4,0.9358899315358804,0.9149856231844548,UNCHANGED_LEGACY
eclipse__jetty.project,50,5,0.9412199129321958,0.9372409516631236,UNCHANGED_LEGACY
eclipse__jetty.project,50,6,0.9386416146262606,0.932723606726762,UNCHANGED_LEGACY
eclipse__jetty.project,50,7,0.9538209135031208,0.9440812059835774,UNCHANGED_LEGACY
eclipse__jetty.project,50,8,0.9505193857690164,0.9392209407305424,UNCHANGED_LEGACY
eclipse__jetty.project,50,9,0.9469543804472828,0.9373422147931788,UNCHANGED_LEGACY
eclipse__jetty.project,50,10,0.9456455523202412,0.938662110313976,UNCHANGED_LEGACY
eclipse__jetty.project,50,11,0.9320894115804872,0.9146830004729806,UNCHANGED_LEGACY
eclipse__jetty.project,50,12,0.9557361090624736,0.9454725228072322,UNCHANGED_LEGACY
eclipse__jetty.project,50,13,0.9350611763223314,0.9243998215710234,UNCHANGED_LEGACY
eclipse__jetty.project,50,14,0.9593537212740004,0.9390569062731164,UNCHANGED_LEGACY
eclipse__jetty.project,50,15,0.9601641450167552,0.9488398237931128,UNCHANGED_LEGACY
eclipse__jetty.project,50,16,0.9373956714928888,0.9245213869473828,UNCHANGED_LEGACY
eclipse__jetty.project,50,17,0.927306787825198,0.9111679970568046,UNCHANGED_LEGACY
eclipse__jetty.project,50,18,0.9361746345610796,0.924540224427006,UNCHANGED_LEGACY
eclipse__jetty.project,50,19,0.9448583662263302,0.9295336780239568,UNCHANGED_LEGACY
eclipse__jetty.project,50,20,0.9667964024184597,0.9566525552222224,UNCHANGED_LEGACY
eclipse__jetty.project,50,21,0.9192046394799188,0.9055097357810794,UNCHANGED_LEGACY
eclipse__jetty.project,50,22,0.9475578222600564,0.9355852982033396,UNCHANGED_LEGACY
eclipse__jetty.project,50,23,0.9305495815992264,0.9150963656543252,UNCHANGED_LEGACY
eclipse__jetty.project,50,24,0.9543610045744466,0.94527274813667,UNCHANGED_LEGACY
eclipse__jetty.project,50,25,0.9544153568879516,0.9370611331890945,UNCHANGED_LEGACY
eclipse__jetty.project,50,26,0.9415116745232336,0.9220596442997252,UNCHANGED_LEGACY
eclipse__jetty.project,50,27,0.9408336361949948,0.924994093373825,UNCHANGED_LEGACY
eclipse__jetty.project,50,28,0.95463131463676,0.9388674882138066,UNCHANGED_LEGACY
eclipse__jetty.project,50,29,0.9356668202629482,0.9249891400022155,UNCHANGED_LEGACY
eclipse__jetty.project,50,30,0.9393304917644384,0.9313091334583616,UNCHANGED_LEGACY
eclipse__paho.mqtt.java,0,1,0.929591836734694,0.6031164388666922,UNCHANGED_LEGACY
eclipse__paho.mqtt.java,0,2,0.929591836734694,0.6031164388666922,UNCHANGED_LEGACY
eclipse__paho.mqtt.java,0,3,0.929591836734694,0.6031164388666922,UNCHANGED_LEGACY
eclipse__paho.mqtt.java,0,4,0.929591836734694,0.6031164388666922,UNCHANGED_LEGACY
eclipse__paho.mqtt.java,0,5,0.929591836734694,0.6031164388666922,UNCHANGED_LEGACY
eclipse__paho.mqtt.java,0,6,0.929591836734694,0.6031164388666922,UNCHANGED_LEGACY
eclipse__paho.mqtt.java,0,7,0.929591836734694,0.6031164388666922,UNCHANGED_LEGACY
eclipse__paho.mqtt.java,0,8,0.929591836734694,0.6031164388666922,UNCHANGED_LEGACY
eclipse__paho.mqtt.java,0,9,0.929591836734694,0.6031164388666922,UNCHANGED_LEGACY
eclipse__paho.mqtt.java,0,10,0.929591836734694,0.6031164388666922,UNCHANGED_LEGACY
eclipse__paho.mqtt.java,0,11,0.929591836734694,0.6031164388666922,UNCHANGED_LEGACY
eclipse__paho.mqtt.java,0,12,0.929591836734694,0.6031164388666922,UNCHANGED_LEGACY
eclipse__paho.mqtt.java,0,13,0.929591836734694,0.6031164388666922,UNCHANGED_LEGACY
eclipse__paho.mqtt.java,0,14,0.929591836734694,0.6031164388666922,UNCHANGED_LEGACY
eclipse__paho.mqtt.java,0,15,0.929591836734694,0.6031164388666922,UNCHANGED_LEGACY
eclipse__paho.mqtt.java,0,16,0.929591836734694,0.6031164388666922,UNCHANGED_LEGACY
eclipse__paho.mqtt.java,0,17,0.929591836734694,0.6031164388666922,UNCHANGED_LEGACY
eclipse__paho.mqtt.java,0,18,0.929591836734694,0.6031164388666922,UNCHANGED_LEGACY
eclipse__paho.mqtt.java,0,19,0.929591836734694,0.6031164388666922,UNCHANGED_LEGACY
eclipse__paho.mqtt.java,0,20,0.929591836734694,0.6031164388666922,UNCHANGED_LEGACY
eclipse__paho.mqtt.java,0,21,0.929591836734694,0.6031164388666922,UNCHANGED_LEGACY
eclipse__paho.mqtt.java,0,22,0.929591836734694,0.6031164388666922,UNCHANGED_LEGACY
eclipse__paho.mqtt.java,0,23,0.929591836734694,0.6031164388666922,UNCHANGED_LEGACY
eclipse__paho.mqtt.java,0,24,0.929591836734694,0.6031164388666922,UNCHANGED_LEGACY
eclipse__paho.mqtt.java,0,25,0.929591836734694,0.6031164388666922,UNCHANGED_LEGACY
eclipse__paho.mqtt.java,0,26,0.929591836734694,0.6031164388666922,UNCHANGED_LEGACY
eclipse__paho.mqtt.java,0,27,0.929591836734694,0.6031164388666922,UNCHANGED_LEGACY
eclipse__paho.mqtt.java,0,28,0.929591836734694,0.6031164388666922,UNCHANGED_LEGACY
eclipse__paho.mqtt.java,0,29,0.929591836734694,0.6031164388666922,UNCHANGED_LEGACY
eclipse__paho.mqtt.java,0,30,0.929591836734694,0.6031164388666922,UNCHANGED_LEGACY
eclipse__paho.mqtt.java,5,1,0.8714285714285716,0.5826745848570385,UNCHANGED_LEGACY
eclipse__paho.mqtt.java,5,2,0.8448979591836736,0.5969224420192504,UNCHANGED_LEGACY
eclipse__paho.mqtt.java,5,3,0.8642857142857142,0.5803697404536333,UNCHANGED_LEGACY
eclipse__paho.mqtt.java,5,4,0.8928571428571429,0.6273459527239468,UNCHANGED_LEGACY
eclipse__paho.mqtt.java,5,5,0.8642857142857142,0.6050786208660769,UNCHANGED_LEGACY
eclipse__paho.mqtt.java,5,6,0.8489795918367348,0.5660444568270571,UNCHANGED_LEGACY
eclipse__paho.mqtt.java,5,7,0.8969387755102041,0.5519737405837202,UNCHANGED_LEGACY
eclipse__paho.mqtt.java,5,8,0.8612244897959183,0.5967454474807068,UNCHANGED_LEGACY
eclipse__paho.mqtt.java,5,9,0.863265306122449,0.6060557858247704,UNCHANGED_LEGACY
eclipse__paho.mqtt.java,5,10,0.8918367346938776,0.5532289573362535,UNCHANGED_LEGACY
eclipse__paho.mqtt.java,5,11,0.846938775510204,0.5965415609099194,UNCHANGED_LEGACY
eclipse__paho.mqtt.java,5,12,0.8775510204081632,0.6058633555344779,UNCHANGED_LEGACY
eclipse__paho.mqtt.java,5,13,0.8540816326530611,0.594216230933515,UNCHANGED_LEGACY
eclipse__paho.mqtt.java,5,14,0.8846938775510204,0.5790980273116405,UNCHANGED_LEGACY
eclipse__paho.mqtt.java,5,15,0.866326530612245,0.6114563555095063,UNCHANGED_LEGACY
eclipse__paho.mqtt.java,5,16,0.8438775510204082,0.5961963826719414,UNCHANGED_LEGACY
eclipse__paho.mqtt.java,5,17,0.8846938775510204,0.5834375794587146,UNCHANGED_LEGACY
eclipse__paho.mqtt.java,5,18,0.8530612244897959,0.5930917305763516,UNCHANGED_LEGACY
eclipse__paho.mqtt.java,5,19,0.8989795918367347,0.5967075135543245,UNCHANGED_LEGACY
eclipse__paho.mqtt.java,5,20,0.8510204081632653,0.596603758951182,UNCHANGED_LEGACY
eclipse__paho.mqtt.java,5,21,0.8673469387755102,0.5804008632585752,UNCHANGED_LEGACY
eclipse__paho.mqtt.java,5,22,0.85,0.6098291042379366,UNCHANGED_LEGACY
eclipse__paho.mqtt.java,5,23,0.8357142857142857,0.6103157382389016,UNCHANGED_LEGACY
eclipse__paho.mqtt.java,5,24,0.8448979591836736,0.6002376082256375,UNCHANGED_LEGACY
eclipse__paho.mqtt.java,5,25,0.8755102040816327,0.6159964194362526,UNCHANGED_LEGACY
eclipse__paho.mqtt.java,5,26,0.8326530612244898,0.5974343224093747,UNCHANGED_LEGACY
eclipse__paho.mqtt.java,5,27,0.85,0.5957158521082502,UNCHANGED_LEGACY
eclipse__paho.mqtt.java,5,28,0.8704081632653061,0.6067797968879439,UNCHANGED_LEGACY
eclipse__paho.mqtt.java,5,29,0.8306122448979592,0.5932065504022909,UNCHANGED_LEGACY
eclipse__paho.mqtt.java,5,30,0.8806122448979592,0.6091366130131701,UNCHANGED_LEGACY
eclipse__paho.mqtt.java,10,1,0.8408163265306122,0.5805587447274815,UNCHANGED_LEGACY
eclipse__paho.mqtt.java,10,2,0.8163265306122449,0.5796051108850736,UNCHANGED_LEGACY
eclipse__paho.mqtt.java,10,3,0.8591836734693878,0.5954858391671329,UNCHANGED_LEGACY
eclipse__paho.mqtt.java,10,4,0.8336734693877551,0.6178510669528156,UNCHANGED_LEGACY
eclipse__paho.mqtt.java,10,5,0.8704081632653061,0.5366762786009202,UNCHANGED_LEGACY
eclipse__paho.mqtt.java,10,6,0.8112244897959183,0.5881122881321159,UNCHANGED_LEGACY
eclipse__paho.mqtt.java,10,7,0.8448979591836736,0.520272012166732,UNCHANGED_LEGACY
eclipse__paho.mqtt.java,10,8,0.813265306122449,0.6201412374270889,UNCHANGED_LEGACY
eclipse__paho.mqtt.java,10,9,0.8418367346938777,0.6054117993570822,UNCHANGED_LEGACY
eclipse__paho.mqtt.java,10,10,0.8795918367346939,0.5495350190500116,UNCHANGED_LEGACY
eclipse__paho.mqtt.java,10,11,0.8326530612244898,0.5601772578613259,UNCHANGED_LEGACY
eclipse__paho.mqtt.java,10,12,0.8418367346938777,0.5866065882938022,UNCHANGED_LEGACY
eclipse__paho.mqtt.java,10,13,0.863265306122449,0.6072058285717199,UNCHANGED_LEGACY
eclipse__paho.mqtt.java,10,14,0.8571428571428571,0.5875444083579224,UNCHANGED_LEGACY
eclipse__paho.mqtt.java,10,15,0.8316326530612244,0.6043667340033649,UNCHANGED_LEGACY
eclipse__paho.mqtt.java,10,16,0.846938775510204,0.6032143940744608,UNCHANGED_LEGACY
eclipse__paho.mqtt.java,10,17,0.860204081632653,0.546675361816227,UNCHANGED_LEGACY
eclipse__paho.mqtt.java,10,18,0.8387755102040817,0.551699685596336,UNCHANGED_LEGACY
eclipse__paho.mqtt.java,10,19,0.8714285714285713,0.5942233554451765,UNCHANGED_LEGACY
eclipse__paho.mqtt.java,10,20,0.8255102040816327,0.5938796166718097,UNCHANGED_LEGACY
eclipse__paho.mqtt.java,10,21,0.8428571428571429,0.5904479500577856,UNCHANGED_LEGACY
eclipse__paho.mqtt.java,10,22,0.8489795918367348,0.6281285931596183,UNCHANGED_LEGACY
eclipse__paho.mqtt.java,10,23,0.8306122448979592,0.5930417788376554,UNCHANGED_LEGACY
eclipse__paho.mqtt.java,10,24,0.8357142857142857,0.6033576786769526,UNCHANGED_LEGACY
eclipse__paho.mqtt.java,10,25,0.8285714285714286,0.6106364412818099,UNCHANGED_LEGACY
eclipse__paho.mqtt.java,10,26,0.8255102040816327,0.5801819308464213,UNCHANGED_LEGACY
eclipse__paho.mqtt.java,10,27,0.8295918367346939,0.602150734493723,UNCHANGED_LEGACY
eclipse__paho.mqtt.java,10,28,0.8530612244897959,0.5878323484264973,UNCHANGED_LEGACY
eclipse__paho.mqtt.java,10,29,0.8418367346938777,0.5407887364879046,UNCHANGED_LEGACY
eclipse__paho.mqtt.java,10,30,0.8714285714285713,0.6111945355086396,UNCHANGED_LEGACY
eclipse__paho.mqtt.java,15,1,0.8479591836734693,0.5976719332393052,UNCHANGED_LEGACY
eclipse__paho.mqtt.java,15,2,0.789795918367347,0.574979860400499,UNCHANGED_LEGACY
eclipse__paho.mqtt.java,15,3,0.8489795918367348,0.5953493568691615,UNCHANGED_LEGACY
eclipse__paho.mqtt.java,15,4,0.8081632653061224,0.6163673397953703,UNCHANGED_LEGACY
eclipse__paho.mqtt.java,15,5,0.8561224489795919,0.5339457620699783,UNCHANGED_LEGACY
eclipse__paho.mqtt.java,15,6,0.7755102040816326,0.567564930941607,UNCHANGED_LEGACY
eclipse__paho.mqtt.java,15,7,0.846938775510204,0.5237439831612929,UNCHANGED_LEGACY
eclipse__paho.mqtt.java,15,8,0.8061224489795918,0.5977288902851644,UNCHANGED_LEGACY
eclipse__paho.mqtt.java,15,9,0.8204081632653061,0.5849677128967012,UNCHANGED_LEGACY
eclipse__paho.mqtt.java,15,10,0.8693877551020408,0.5494507732236771,UNCHANGED_LEGACY
eclipse__paho.mqtt.java,15,11,0.8122448979591838,0.5559200648661756,UNCHANGED_LEGACY
eclipse__paho.mqtt.java,15,12,0.8336734693877551,0.5827604380798308,UNCHANGED_LEGACY
eclipse__paho.mqtt.java,15,13,0.8479591836734693,0.6066508251994415,UNCHANGED_LEGACY
eclipse__paho.mqtt.java,15,14,0.846938775510204,0.5856783142164164,UNCHANGED_LEGACY
eclipse__paho.mqtt.java,15,15,0.8510204081632653,0.5616603375751572,UNCHANGED_LEGACY
eclipse__paho.mqtt.java,15,16,0.8173469387755101,0.5940084212689324,UNCHANGED_LEGACY
eclipse__paho.mqtt.java,15,17,0.8591836734693878,0.5465994271363013,UNCHANGED_LEGACY
eclipse__paho.mqtt.java,15,18,0.8142857142857143,0.5491238658548481,UNCHANGED_LEGACY
eclipse__paho.mqtt.java,15,19,0.8540816326530611,0.5924528468830839,UNCHANGED_LEGACY
eclipse__paho.mqtt.java,15,20,0.823469387755102,0.6038411395372536,UNCHANGED_LEGACY
eclipse__paho.mqtt.java,15,21,0.7969387755102041,0.5738194668135431,UNCHANGED_LEGACY
eclipse__paho.mqtt.java,15,22,0.8255102040816327,0.6249837439293119,UNCHANGED_LEGACY
eclipse__paho.mqtt.java,15,23,0.8428571428571429,0.5302129489421322,UNCHANGED_LEGACY
eclipse__paho.mqtt.java,15,24,0.8551020408163266,0.559579136680676,UNCHANGED_LEGACY
eclipse__paho.mqtt.java,15,25,0.8224489795918368,0.6066989376716119,UNCHANGED_LEGACY
eclipse__paho.mqtt.java,15,26,0.7938775510204081,0.5800558644058824,UNCHANGED_LEGACY
eclipse__paho.mqtt.java,15,27,0.8244897959183672,0.6050615274237312,UNCHANGED_LEGACY
eclipse__paho.mqtt.java,15,28,0.8418367346938777,0.5877392506528201,UNCHANGED_LEGACY
eclipse__paho.mqtt.java,15,29,0.8346938775510203,0.540998140883107,UNCHANGED_LEGACY
eclipse__paho.mqtt.java,15,30,0.8377551020408163,0.6022588277068736,UNCHANGED_LEGACY
eclipse__paho.mqtt.java,20,1,0.8367346938775511,0.6036593387934716,UNCHANGED_LEGACY
eclipse__paho.mqtt.java,20,2,0.8255102040816327,0.603884939397033,UNCHANGED_LEGACY
eclipse__paho.mqtt.java,20,3,0.8377551020408163,0.59489869600378,UNCHANGED_LEGACY
eclipse__paho.mqtt.java,20,4,0.8357142857142857,0.6208019444690034,UNCHANGED_LEGACY
eclipse__paho.mqtt.java,20,5,0.85,0.533879757189694,UNCHANGED_LEGACY
eclipse__paho.mqtt.java,20,6,0.7408163265306122,0.5555569816945157,UNCHANGED_LEGACY
eclipse__paho.mqtt.java,20,7,0.8295918367346939,0.5195529346222837,UNCHANGED_LEGACY
eclipse__paho.mqtt.java,20,8,0.7948979591836735,0.6109732003078746,UNCHANGED_LEGACY
eclipse__paho.mqtt.java,20,9,0.8357142857142857,0.5866193348024555,UNCHANGED_LEGACY
eclipse__paho.mqtt.java,20,10,0.8785714285714287,0.5480541478514601,UNCHANGED_LEGACY
eclipse__paho.mqtt.java,20,11,0.8214285714285715,0.5694048154124618,UNCHANGED_LEGACY
eclipse__paho.mqtt.java,20,12,0.8214285714285714,0.6012435219701368,UNCHANGED_LEGACY
eclipse__paho.mqtt.java,20,13,0.8295918367346939,0.598944357918519,UNCHANGED_LEGACY
eclipse__paho.mqtt.java,20,14,0.8204081632653061,0.5849667164104083,UNCHANGED_LEGACY
eclipse__paho.mqtt.java,20,15,0.8397959183673469,0.5587935339432621,UNCHANGED_LEGACY
eclipse__paho.mqtt.java,20,16,0.7836734693877551,0.537309192814219,UNCHANGED_LEGACY
eclipse__paho.mqtt.java,20,17,0.8418367346938777,0.5432202773652124,UNCHANGED_LEGACY
eclipse__paho.mqtt.java,20,18,0.789795918367347,0.5479330281402194,UNCHANGED_LEGACY
eclipse__paho.mqtt.java,20,19,0.8357142857142857,0.5845693122549325,UNCHANGED_LEGACY
eclipse__paho.mqtt.java,20,20,0.8142857142857143,0.6031031672248026,UNCHANGED_LEGACY
eclipse__paho.mqtt.java,20,21,0.7683673469387755,0.5720473620219189,UNCHANGED_LEGACY
eclipse__paho.mqtt.java,20,22,0.8377551020408163,0.5634207411893268,UNCHANGED_LEGACY
eclipse__paho.mqtt.java,20,23,0.8316326530612246,0.5280464790820582,UNCHANGED_LEGACY
eclipse__paho.mqtt.java,20,24,0.8316326530612244,0.5390191198094789,UNCHANGED_LEGACY
eclipse__paho.mqtt.java,20,25,0.8112244897959183,0.5921615838177958,UNCHANGED_LEGACY
eclipse__paho.mqtt.java,20,26,0.7959183673469388,0.576202056726166,UNCHANGED_LEGACY
eclipse__paho.mqtt.java,20,27,0.7989795918367347,0.5951130861676398,UNCHANGED_LEGACY
eclipse__paho.mqtt.java,20,28,0.8275510204081632,0.5822232792379138,UNCHANGED_LEGACY
eclipse__paho.mqtt.java,20,29,0.7979591836734694,0.5122082490068995,UNCHANGED_LEGACY
eclipse__paho.mqtt.java,20,30,0.8010204081632653,0.5967649311432297,UNCHANGED_LEGACY
eclipse__paho.mqtt.java,25,1,0.8051020408163266,0.5990602408661505,UNCHANGED_LEGACY
eclipse__paho.mqtt.java,25,2,0.7826530612244899,0.5783215837666474,UNCHANGED_LEGACY
eclipse__paho.mqtt.java,25,3,0.8285714285714286,0.592628978114691,UNCHANGED_LEGACY
eclipse__paho.mqtt.java,25,4,0.8214285714285715,0.6176976640385236,UNCHANGED_LEGACY
eclipse__paho.mqtt.java,25,5,0.8295918367346939,0.5317873851816911,UNCHANGED_LEGACY
eclipse__paho.mqtt.java,25,6,0.7295918367346939,0.5534638947814118,UNCHANGED_LEGACY
eclipse__paho.mqtt.java,25,7,0.823469387755102,0.5126440854625469,UNCHANGED_LEGACY
eclipse__paho.mqtt.java,25,8,0.8397959183673469,0.6085862618789432,UNCHANGED_LEGACY
eclipse__paho.mqtt.java,25,9,0.8581632653061225,0.5097680803406143,UNCHANGED_LEGACY
eclipse__paho.mqtt.java,25,10,0.863265306122449,0.5447622925299938,UNCHANGED_LEGACY
eclipse__paho.mqtt.java,25,11,0.8408163265306122,0.5927776706661129,UNCHANGED_LEGACY
eclipse__paho.mqtt.java,25,12,0.7928571428571429,0.5978896404145884,UNCHANGED_LEGACY
eclipse__paho.mqtt.java,25,13,0.8561224489795919,0.5384566552731711,UNCHANGED_LEGACY
eclipse__paho.mqtt.java,25,14,0.8,0.5837144257823761,UNCHANGED_LEGACY
eclipse__paho.mqtt.java,25,15,0.8397959183673469,0.5434576913034764,UNCHANGED_LEGACY
eclipse__paho.mqtt.java,25,16,0.7602040816326531,0.529293100936102,UNCHANGED_LEGACY
eclipse__paho.mqtt.java,25,17,0.8581632653061225,0.5449266358542657,UNCHANGED_LEGACY
eclipse__paho.mqtt.java,25,18,0.7918367346938775,0.5308183159691631,UNCHANGED_LEGACY
eclipse__paho.mqtt.java,25,19,0.813265306122449,0.5821648655099203,UNCHANGED_LEGACY
eclipse__paho.mqtt.java,25,20,0.8122448979591838,0.5873029595540339,UNCHANGED_LEGACY
eclipse__paho.mqtt.java,25,21,0.7653061224489796,0.569132703395016,UNCHANGED_LEGACY
eclipse__paho.mqtt.java,25,22,0.8408163265306122,0.5647792203450095,UNCHANGED_LEGACY
eclipse__paho.mqtt.java,25,23,0.8183673469387756,0.5234993583286384,UNCHANGED_LEGACY
eclipse__paho.mqtt.java,25,24,0.8224489795918368,0.5374868562082531,UNCHANGED_LEGACY
eclipse__paho.mqtt.java,25,25,0.7877551020408163,0.5667563144276982,UNCHANGED_LEGACY
eclipse__paho.mqtt.java,25,26,0.8040816326530612,0.5958947869402784,UNCHANGED_LEGACY
eclipse__paho.mqtt.java,25,27,0.786734693877551,0.5896375494806703,UNCHANGED_LEGACY
eclipse__paho.mqtt.java,25,28,0.8163265306122449,0.5821203995016887,UNCHANGED_LEGACY
eclipse__paho.mqtt.java,25,29,0.7908163265306123,0.511163316219271,UNCHANGED_LEGACY
eclipse__paho.mqtt.java,25,30,0.7846938775510204,0.5961318009917429,UNCHANGED_LEGACY
eclipse__paho.mqtt.java,30,1,0.7979591836734694,0.597003458305349,UNCHANGED_LEGACY
eclipse__paho.mqtt.java,30,2,0.7775510204081633,0.4963462021076446,UNCHANGED_LEGACY
eclipse__paho.mqtt.java,30,3,0.8316326530612246,0.5944594101167986,UNCHANGED_LEGACY
eclipse__paho.mqtt.java,30,4,0.8173469387755101,0.6162633005951605,UNCHANGED_LEGACY
eclipse__paho.mqtt.java,30,5,0.8153061224489797,0.5313464731787994,UNCHANGED_LEGACY
eclipse__paho.mqtt.java,30,6,0.6785714285714286,0.4916137373504848,UNCHANGED_LEGACY
eclipse__paho.mqtt.java,30,7,0.8122448979591838,0.5120566502972967,UNCHANGED_LEGACY
eclipse__paho.mqtt.java,30,8,0.826530612244898,0.6050768982495677,UNCHANGED_LEGACY
eclipse__paho.mqtt.java,30,9,0.8377551020408163,0.5080291573550029,UNCHANGED_LEGACY
eclipse__paho.mqtt.java,30,10,0.8540816326530611,0.5446559086316736,UNCHANGED_LEGACY
eclipse__paho.mqtt.java,30,11,0.7969387755102041,0.562054976015504,UNCHANGED_LEGACY
eclipse__paho.mqtt.java,30,12,0.8020408163265307,0.601493013054703,UNCHANGED_LEGACY
eclipse__paho.mqtt.java,30,13,0.8510204081632653,0.537766409064519,UNCHANGED_LEGACY
eclipse__paho.mqtt.java,30,14,0.763265306122449,0.5974708229817491,UNCHANGED_LEGACY
eclipse__paho.mqtt.java,30,15,0.8326530612244898,0.5432846885124691,UNCHANGED_LEGACY
eclipse__paho.mqtt.java,30,16,0.7673469387755102,0.5453507424600862,UNCHANGED_LEGACY
eclipse__paho.mqtt.java,30,17,0.8459183673469388,0.5423107336560655,UNCHANGED_LEGACY
eclipse__paho.mqtt.java,30,18,0.7979591836734694,0.5460194355730346,UNCHANGED_LEGACY
eclipse__paho.mqtt.java,30,19,0.8040816326530612,0.5818856164440744,UNCHANGED_LEGACY
eclipse__paho.mqtt.java,30,20,0.8142857142857143,0.6044828578593378,UNCHANGED_LEGACY
eclipse__paho.mqtt.java,30,21,0.7489795918367348,0.5678731801569674,UNCHANGED_LEGACY
eclipse__paho.mqtt.java,30,22,0.8255102040816327,0.5644531913038009,UNCHANGED_LEGACY
eclipse__paho.mqtt.java,30,23,0.7714285714285715,0.4937237097116974,UNCHANGED_LEGACY
eclipse__paho.mqtt.java,30,24,0.8163265306122449,0.5368890965582703,UNCHANGED_LEGACY
eclipse__paho.mqtt.java,30,25,0.7795918367346939,0.5805573408800869,UNCHANGED_LEGACY
eclipse__paho.mqtt.java,30,26,0.8122448979591838,0.5471801529714575,UNCHANGED_LEGACY
eclipse__paho.mqtt.java,30,27,0.7693877551020408,0.5871859519882665,UNCHANGED_LEGACY
eclipse__paho.mqtt.java,30,28,0.8071428571428572,0.5818429095367587,UNCHANGED_LEGACY
eclipse__paho.mqtt.java,30,29,0.7663265306122449,0.5046544466243109,UNCHANGED_LEGACY
eclipse__paho.mqtt.java,30,30,0.7816326530612245,0.5956235379151733,UNCHANGED_LEGACY
eclipse__paho.mqtt.java,40,1,0.7928571428571429,0.5947687709755425,UNCHANGED_LEGACY
eclipse__paho.mqtt.java,40,2,0.7510204081632653,0.5257844402725144,UNCHANGED_LEGACY
eclipse__paho.mqtt.java,40,3,0.823469387755102,0.5938999219813337,UNCHANGED_LEGACY
eclipse__paho.mqtt.java,40,4,0.7989795918367347,0.5247525650693935,UNCHANGED_LEGACY
eclipse__paho.mqtt.java,40,5,0.7673469387755102,0.5229942905885119,UNCHANGED_LEGACY
eclipse__paho.mqtt.java,40,6,0.6816326530612244,0.5189819143403247,UNCHANGED_LEGACY
eclipse__paho.mqtt.java,40,7,0.8326530612244898,0.5136512712778448,UNCHANGED_LEGACY
eclipse__paho.mqtt.java,40,8,0.8285714285714286,0.542326150398379,UNCHANGED_LEGACY
eclipse__paho.mqtt.java,40,9,0.810204081632653,0.5063230877475755,UNCHANGED_LEGACY
eclipse__paho.mqtt.java,40,10,0.8275510204081632,0.5387593434190213,UNCHANGED_LEGACY
eclipse__paho.mqtt.java,40,11,0.8081632653061226,0.5617243514352122,UNCHANGED_LEGACY
eclipse__paho.mqtt.java,40,12,0.7744897959183674,0.5632673646941588,UNCHANGED_LEGACY
eclipse__paho.mqtt.java,40,13,0.8020408163265307,0.5059689174412175,UNCHANGED_LEGACY
eclipse__paho.mqtt.java,40,14,0.7479591836734694,0.6138943066768217,UNCHANGED_LEGACY
eclipse__paho.mqtt.java,40,15,0.8326530612244898,0.5366346876566193,UNCHANGED_LEGACY
eclipse__paho.mqtt.java,40,16,0.7663265306122449,0.5004740206257716,UNCHANGED_LEGACY
eclipse__paho.mqtt.java,40,17,0.8387755102040817,0.5412732811840208,UNCHANGED_LEGACY
eclipse__paho.mqtt.java,40,18,0.7857142857142858,0.5121852206835131,UNCHANGED_LEGACY
eclipse__paho.mqtt.java,40,19,0.7418367346938776,0.5665532061723575,UNCHANGED_LEGACY
eclipse__paho.mqtt.java,40,20,0.7816326530612245,0.5740815279751728,UNCHANGED_LEGACY
eclipse__paho.mqtt.java,40,21,0.7448979591836735,0.5839561489702678,UNCHANGED_LEGACY
eclipse__paho.mqtt.java,40,22,0.7693877551020408,0.5403894178847438,UNCHANGED_LEGACY
eclipse__paho.mqtt.java,40,23,0.7612244897959184,0.4936501847958492,UNCHANGED_LEGACY
eclipse__paho.mqtt.java,40,24,0.8153061224489797,0.5042800301285,UNCHANGED_LEGACY
eclipse__paho.mqtt.java,40,25,0.7928571428571429,0.5696327985962923,UNCHANGED_LEGACY
eclipse__paho.mqtt.java,40,26,0.8163265306122449,0.5628036331762802,UNCHANGED_LEGACY
eclipse__paho.mqtt.java,40,27,0.7979591836734694,0.5754000110583153,UNCHANGED_LEGACY
eclipse__paho.mqtt.java,40,28,0.8081632653061226,0.596609508564202,UNCHANGED_LEGACY
eclipse__paho.mqtt.java,40,29,0.7551020408163265,0.4982643685518031,UNCHANGED_LEGACY
eclipse__paho.mqtt.java,40,30,0.7622448979591836,0.5322182223015041,UNCHANGED_LEGACY
eclipse__paho.mqtt.java,50,1,0.7642857142857143,0.6166370687785,UNCHANGED_LEGACY
eclipse__paho.mqtt.java,50,2,0.7438775510204081,0.5381452259516029,UNCHANGED_LEGACY
eclipse__paho.mqtt.java,50,3,0.7959183673469388,0.6148364464640438,UNCHANGED_LEGACY
eclipse__paho.mqtt.java,50,4,0.7887755102040817,0.524666713141629,UNCHANGED_LEGACY
eclipse__paho.mqtt.java,50,5,0.7561224489795919,0.521974543492697,UNCHANGED_LEGACY
eclipse__paho.mqtt.java,50,6,0.710204081632653,0.5642019577027979,UNCHANGED_LEGACY
eclipse__paho.mqtt.java,50,7,0.8214285714285715,0.5117371662537606,UNCHANGED_LEGACY
eclipse__paho.mqtt.java,50,8,0.8122448979591838,0.5343189643416711,UNCHANGED_LEGACY
eclipse__paho.mqtt.java,50,9,0.7755102040816326,0.5058255088514807,UNCHANGED_LEGACY
eclipse__paho.mqtt.java,50,10,0.7581632653061224,0.4962247758705221,UNCHANGED_LEGACY
eclipse__paho.mqtt.java,50,11,0.7928571428571429,0.5561695972591614,UNCHANGED_LEGACY
eclipse__paho.mqtt.java,50,12,0.7510204081632653,0.5597688312013152,UNCHANGED_LEGACY
eclipse__paho.mqtt.java,50,13,0.726530612244898,0.4962674765206906,UNCHANGED_LEGACY
eclipse__paho.mqtt.java,50,14,0.7316326530612245,0.6125546405668142,UNCHANGED_LEGACY
eclipse__paho.mqtt.java,50,15,0.85,0.5402175353245235,UNCHANGED_LEGACY
eclipse__paho.mqtt.java,50,16,0.7622448979591836,0.4985707600614176,UNCHANGED_LEGACY
eclipse__paho.mqtt.java,50,17,0.7836734693877551,0.5049729521686295,UNCHANGED_LEGACY
eclipse__paho.mqtt.java,50,18,0.8275510204081632,0.512232479526885,UNCHANGED_LEGACY
eclipse__paho.mqtt.java,50,19,0.6989795918367346,0.5851554551254733,UNCHANGED_LEGACY
eclipse__paho.mqtt.java,50,20,0.7775510204081633,0.577626636540296,UNCHANGED_LEGACY
eclipse__paho.mqtt.java,50,21,0.7336734693877551,0.581927681354695,UNCHANGED_LEGACY
eclipse__paho.mqtt.java,50,22,0.7785714285714286,0.5729801616225678,UNCHANGED_LEGACY
eclipse__paho.mqtt.java,50,23,0.7714285714285715,0.5040945327983897,UNCHANGED_LEGACY
eclipse__paho.mqtt.java,50,24,0.8091836734693878,0.5077630464565162,UNCHANGED_LEGACY
eclipse__paho.mqtt.java,50,25,0.8010204081632653,0.5786931223505285,UNCHANGED_LEGACY
eclipse__paho.mqtt.java,50,26,0.8051020408163266,0.5623170782324517,UNCHANGED_LEGACY
eclipse__paho.mqtt.java,50,27,0.7571428571428571,0.571915832848857,UNCHANGED_LEGACY
eclipse__paho.mqtt.java,50,28,0.8326530612244898,0.6054557659492458,UNCHANGED_LEGACY
eclipse__paho.mqtt.java,50,29,0.7418367346938776,0.4971133051595869,UNCHANGED_LEGACY
eclipse__paho.mqtt.java,50,30,0.75,0.5633156246784857,UNCHANGED_LEGACY
optimatika__ojAlgo,0,1,0.9348926935133832,0.8524008320645321,UNCHANGED_LEGACY
optimatika__ojAlgo,0,2,0.9348926935133832,0.8524008320645321,UNCHANGED_LEGACY
optimatika__ojAlgo,0,3,0.9348926935133832,0.8524008320645321,UNCHANGED_LEGACY
optimatika__ojAlgo,0,4,0.9348926935133832,0.8524008320645321,UNCHANGED_LEGACY
optimatika__ojAlgo,0,5,0.9348926935133832,0.8524008320645321,UNCHANGED_LEGACY
optimatika__ojAlgo,0,6,0.9348926935133832,0.8524008320645321,UNCHANGED_LEGACY
optimatika__ojAlgo,0,7,0.9348926935133832,0.8524008320645321,UNCHANGED_LEGACY
optimatika__ojAlgo,0,8,0.9348926935133832,0.8524008320645321,UNCHANGED_LEGACY
optimatika__ojAlgo,0,9,0.9348926935133832,0.8524008320645321,UNCHANGED_LEGACY
optimatika__ojAlgo,0,10,0.9348926935133832,0.8524008320645321,UNCHANGED_LEGACY
optimatika__ojAlgo,0,11,0.9348926935133832,0.8524008320645321,UNCHANGED_LEGACY
optimatika__ojAlgo,0,12,0.9348926935133832,0.8524008320645321,UNCHANGED_LEGACY
optimatika__ojAlgo,0,13,0.9348926935133832,0.8524008320645321,UNCHANGED_LEGACY
optimatika__ojAlgo,0,14,0.9348926935133832,0.8524008320645321,UNCHANGED_LEGACY
optimatika__ojAlgo,0,15,0.9348926935133832,0.8524008320645321,UNCHANGED_LEGACY
optimatika__ojAlgo,0,16,0.9348926935133832,0.8524008320645321,UNCHANGED_LEGACY
optimatika__ojAlgo,0,17,0.9348926935133832,0.8524008320645321,UNCHANGED_LEGACY
optimatika__ojAlgo,0,18,0.9348926935133832,0.8524008320645321,UNCHANGED_LEGACY
optimatika__ojAlgo,0,19,0.9348926935133832,0.8524008320645321,UNCHANGED_LEGACY
optimatika__ojAlgo,0,20,0.9348926935133832,0.8524008320645321,UNCHANGED_LEGACY
optimatika__ojAlgo,0,21,0.9348926935133832,0.8524008320645321,UNCHANGED_LEGACY
optimatika__ojAlgo,0,22,0.9348926935133832,0.8524008320645321,UNCHANGED_LEGACY
optimatika__ojAlgo,0,23,0.9348926935133832,0.8524008320645321,UNCHANGED_LEGACY
optimatika__ojAlgo,0,24,0.9348926935133832,0.8524008320645321,UNCHANGED_LEGACY
optimatika__ojAlgo,0,25,0.9348926935133832,0.8524008320645321,UNCHANGED_LEGACY
optimatika__ojAlgo,0,26,0.9348926935133832,0.8524008320645321,UNCHANGED_LEGACY
optimatika__ojAlgo,0,27,0.9348926935133832,0.8524008320645321,UNCHANGED_LEGACY
optimatika__ojAlgo,0,28,0.9348926935133832,0.8524008320645321,UNCHANGED_LEGACY
optimatika__ojAlgo,0,29,0.9348926935133832,0.8524008320645321,UNCHANGED_LEGACY
optimatika__ojAlgo,0,30,0.9348926935133832,0.8524008320645321,UNCHANGED_LEGACY
optimatika__ojAlgo,5,1,0.9018215979422876,0.9095983551121142,UNCHANGED_LEGACY
optimatika__ojAlgo,5,2,0.8740195388902285,0.8026868228654025,UNCHANGED_LEGACY
optimatika__ojAlgo,5,3,0.857107631353321,0.7721457369110124,UNCHANGED_LEGACY
optimatika__ojAlgo,5,4,0.8866124147643545,0.9082152581477968,UNCHANGED_LEGACY
optimatika__ojAlgo,5,5,0.8957300332569729,0.800411995156968,UNCHANGED_LEGACY
optimatika__ojAlgo,5,6,0.883155368338558,0.6807340541833855,UNCHANGED_LEGACY
optimatika__ojAlgo,5,7,0.9091727537309434,0.8399125326723684,UNCHANGED_LEGACY
optimatika__ojAlgo,5,8,0.8375490649197546,0.8661621832378404,UNCHANGED_LEGACY
optimatika__ojAlgo,5,9,0.8540087337231734,0.7792372952702398,UNCHANGED_LEGACY
optimatika__ojAlgo,5,10,0.8540481907938805,0.7987326479422854,UNCHANGED_LEGACY
optimatika__ojAlgo,5,11,0.8775160423867321,0.8001378174783194,UNCHANGED_LEGACY
optimatika__ojAlgo,5,12,0.8202091999236396,0.8205343524710866,UNCHANGED_LEGACY
optimatika__ojAlgo,5,13,0.8697065775460172,0.8405445019890596,UNCHANGED_LEGACY
optimatika__ojAlgo,5,14,0.875782966434906,0.7754323699428237,UNCHANGED_LEGACY
optimatika__ojAlgo,5,15,0.8987925089756986,0.8037779592589966,UNCHANGED_LEGACY
optimatika__ojAlgo,5,16,0.8545489920759317,0.8113453275085277,UNCHANGED_LEGACY
optimatika__ojAlgo,5,17,0.8848914794496692,0.9278745686311736,UNCHANGED_LEGACY
optimatika__ojAlgo,5,18,0.901372394368084,0.8948092762926402,UNCHANGED_LEGACY
optimatika__ojAlgo,5,19,0.8366172710192107,0.7393109594939824,UNCHANGED_LEGACY
optimatika__ojAlgo,5,20,0.9360824759531656,0.6964022028540143,UNCHANGED_LEGACY
optimatika__ojAlgo,5,21,0.8692513036532433,0.8101590027194836,UNCHANGED_LEGACY
optimatika__ojAlgo,5,22,0.9499683296827692,0.8524737743155021,UNCHANGED_LEGACY
optimatika__ojAlgo,5,23,0.8566341465048362,0.795551569786389,UNCHANGED_LEGACY
optimatika__ojAlgo,5,24,0.8779804217573615,0.8557079164407346,UNCHANGED_LEGACY
optimatika__ojAlgo,5,25,0.8975086365980762,0.8244605155930503,UNCHANGED_LEGACY
optimatika__ojAlgo,5,26,0.8571319126276022,0.8683662722927028,UNCHANGED_LEGACY
optimatika__ojAlgo,5,27,0.8527825293719691,0.8552588610569815,UNCHANGED_LEGACY
optimatika__ojAlgo,5,28,0.8662495311202207,0.9061341529181284,UNCHANGED_LEGACY
optimatika__ojAlgo,5,29,0.8731575536532433,0.892620324183526,UNCHANGED_LEGACY
optimatika__ojAlgo,5,30,0.8818502498459395,0.9133547889198708,UNCHANGED_LEGACY
optimatika__ojAlgo,10,1,0.8474983170565067,0.9262991180949436,UNCHANGED_LEGACY
optimatika__ojAlgo,10,2,0.849219252371192,0.799742681360153,UNCHANGED_LEGACY
optimatika__ojAlgo,10,3,0.8214475449119846,0.765676086220742,UNCHANGED_LEGACY
optimatika__ojAlgo,10,4,0.8509644689601586,0.8753590139112677,UNCHANGED_LEGACY
optimatika__ojAlgo,10,5,0.8435799264193661,0.7398221022299258,UNCHANGED_LEGACY
optimatika__ojAlgo,10,6,0.8597725012056909,0.7834887698579694,UNCHANGED_LEGACY
optimatika__ojAlgo,10,7,0.9030356616563512,0.8680699347812786,UNCHANGED_LEGACY
optimatika__ojAlgo,10,8,0.7945196117340514,0.836012362186927,UNCHANGED_LEGACY
optimatika__ojAlgo,10,9,0.8243977197371595,0.7609086314456275,UNCHANGED_LEGACY
optimatika__ojAlgo,10,10,0.8136198691155588,0.7966002641382144,UNCHANGED_LEGACY
optimatika__ojAlgo,10,11,0.8757252984084881,0.8241224167468594,UNCHANGED_LEGACY
optimatika__ojAlgo,10,12,0.8101476468933365,0.8164154467815006,UNCHANGED_LEGACY
optimatika__ojAlgo,10,13,0.8853740697760094,0.8841312698042328,UNCHANGED_LEGACY
optimatika__ojAlgo,10,14,0.8218967484861881,0.7690326754652719,UNCHANGED_LEGACY
optimatika__ojAlgo,10,15,0.8587951799158696,0.8275405265764599,UNCHANGED_LEGACY
optimatika__ojAlgo,10,16,0.8293086074605471,0.8892765698795274,UNCHANGED_LEGACY
optimatika__ojAlgo,10,17,0.9195560336454732,0.8766236095990498,UNCHANGED_LEGACY
optimatika__ojAlgo,10,18,0.908231854352544,0.9321292223846648,UNCHANGED_LEGACY
optimatika__ojAlgo,10,19,0.8400803877635774,0.7584389986316906,UNCHANGED_LEGACY
optimatika__ojAlgo,10,20,0.916481417289607,0.7383300746062404,UNCHANGED_LEGACY
optimatika__ojAlgo,10,21,0.8926311356268253,0.8255098570647998,UNCHANGED_LEGACY
optimatika__ojAlgo,10,22,0.921668504507944,0.8517646021543106,UNCHANGED_LEGACY
optimatika__ojAlgo,10,23,0.818788745378185,0.7759750736449897,UNCHANGED_LEGACY
optimatika__ojAlgo,10,24,0.8310174021380918,0.752757805388692,UNCHANGED_LEGACY
optimatika__ojAlgo,10,25,0.913950094445784,0.8229668535771858,UNCHANGED_LEGACY
optimatika__ojAlgo,10,26,0.8014701264970662,0.7661370600744968,UNCHANGED_LEGACY
optimatika__ojAlgo,10,27,0.8331602245934142,0.7993713594813231,UNCHANGED_LEGACY
optimatika__ojAlgo,10,28,0.8223398817418214,0.8117656324089328,UNCHANGED_LEGACY
optimatika__ojAlgo,10,29,0.8748177857822255,0.9140620342772712,UNCHANGED_LEGACY
optimatika__ojAlgo,10,30,0.9105142941349836,0.910145668375301,UNCHANGED_LEGACY
optimatika__ojAlgo,15,1,0.817492732363422,0.7813774523406907,UNCHANGED_LEGACY
optimatika__ojAlgo,15,2,0.8617514250596148,0.8507990840886266,UNCHANGED_LEGACY
optimatika__ojAlgo,15,3,0.8240547467379364,0.8259144477287282,UNCHANGED_LEGACY
optimatika__ojAlgo,15,4,0.845692397281837,0.8766048575086687,UNCHANGED_LEGACY
optimatika__ojAlgo,15,5,0.8344167805374701,0.7087749945891878,UNCHANGED_LEGACY
optimatika__ojAlgo,15,6,0.8610563735833132,0.8033612723938378,UNCHANGED_LEGACY
optimatika__ojAlgo,15,7,0.9096705198537096,0.9087604420502888,UNCHANGED_LEGACY
optimatika__ojAlgo,15,8,0.7640799992631889,0.8349511832810363,UNCHANGED_LEGACY
optimatika__ojAlgo,15,9,0.813947666318356,0.7588080778330539,UNCHANGED_LEGACY
optimatika__ojAlgo,15,10,0.878220199340889,0.92461376419218,UNCHANGED_LEGACY
optimatika__ojAlgo,15,11,0.8200999341893739,0.695931307298526,UNCHANGED_LEGACY
optimatika__ojAlgo,15,12,0.7562553586260483,0.8168083520351649,UNCHANGED_LEGACY
optimatika__ojAlgo,15,13,0.8931774642981539,0.8745768580396065,UNCHANGED_LEGACY
optimatika__ojAlgo,15,14,0.7853534306928703,0.7575044619043915,UNCHANGED_LEGACY
optimatika__ojAlgo,15,15,0.8214202284784181,0.8013353437479207,UNCHANGED_LEGACY
optimatika__ojAlgo,15,16,0.8496654207861105,0.8116336890200696,UNCHANGED_LEGACY
optimatika__ojAlgo,15,17,0.926008782285722,0.8764297908807861,UNCHANGED_LEGACY
optimatika__ojAlgo,15,18,0.8782809025265922,0.9316765884414236,UNCHANGED_LEGACY
optimatika__ojAlgo,15,19,0.8582549215631112,0.6854932174282365,UNCHANGED_LEGACY
optimatika__ojAlgo,15,20,0.8982067232336629,0.737711585206081,UNCHANGED_LEGACY
optimatika__ojAlgo,15,21,0.9300819660464056,0.881685245564874,UNCHANGED_LEGACY
optimatika__ojAlgo,15,22,0.902953712355652,0.8475689218697455,UNCHANGED_LEGACY
optimatika__ojAlgo,15,23,0.8096104236998634,0.7090240003756854,UNCHANGED_LEGACY
optimatika__ojAlgo,15,24,0.8565643378412775,0.7377165732484706,UNCHANGED_LEGACY
optimatika__ojAlgo,15,25,0.8943733170565067,0.8202534793105848,UNCHANGED_LEGACY
optimatika__ojAlgo,15,26,0.762404591337781,0.726299524477669,UNCHANGED_LEGACY
optimatika__ojAlgo,15,27,0.8222579324411221,0.7983734773406651,UNCHANGED_LEGACY
optimatika__ojAlgo,15,28,0.7684931208638105,0.6977624024278984,UNCHANGED_LEGACY
optimatika__ojAlgo,15,29,0.8417770418039815,0.9094889701438786,UNCHANGED_LEGACY
optimatika__ojAlgo,15,30,0.915264318416258,0.9418238567784856,UNCHANGED_LEGACY
optimatika__ojAlgo,20,1,0.8347870699702596,0.7436169073948172,UNCHANGED_LEGACY
optimatika__ojAlgo,20,2,0.8447636385405782,0.7916248982005814,UNCHANGED_LEGACY
optimatika__ojAlgo,20,3,0.8743655470487367,0.897870569282864,UNCHANGED_LEGACY
optimatika__ojAlgo,20,4,0.8196052032258929,0.8058088172256442,UNCHANGED_LEGACY
optimatika__ojAlgo,20,5,0.8091824662406559,0.6971245970740241,UNCHANGED_LEGACY
optimatika__ojAlgo,20,6,0.8484604625499023,0.8011282876386332,UNCHANGED_LEGACY
optimatika__ojAlgo,20,7,0.9066201847721244,0.9393881031857269,UNCHANGED_LEGACY
optimatika__ojAlgo,20,8,0.7549198885405782,0.714748190614591,UNCHANGED_LEGACY
optimatika__ojAlgo,20,9,0.837366955362645,0.7589245857344686,UNCHANGED_LEGACY
optimatika__ojAlgo,20,10,0.8777527848109745,0.8695043245494071,UNCHANGED_LEGACY
optimatika__ojAlgo,20,11,0.8139901585483482,0.6931490750712316,UNCHANGED_LEGACY
optimatika__ojAlgo,20,12,0.7349151536920934,0.8148760897758566,UNCHANGED_LEGACY
optimatika__ojAlgo,20,13,0.8849066552460949,0.8748368637102771,UNCHANGED_LEGACY
optimatika__ojAlgo,20,14,0.8043929848886745,0.7731873373597236,UNCHANGED_LEGACY
optimatika__ojAlgo,20,15,0.8317944029150925,0.8316496529093146,UNCHANGED_LEGACY
optimatika__ojAlgo,20,16,0.8726324710969108,0.8608159109702375,UNCHANGED_LEGACY
optimatika__ojAlgo,20,17,0.9129424215631112,0.8759430436357094,UNCHANGED_LEGACY
optimatika__ojAlgo,20,18,0.8634845010114407,0.9261390920025508,UNCHANGED_LEGACY
optimatika__ojAlgo,20,19,0.8165093407550305,0.6759383951280895,UNCHANGED_LEGACY
optimatika__ojAlgo,20,20,0.8942519106851003,0.7846130009064894,UNCHANGED_LEGACY
optimatika__ojAlgo,20,21,0.9196531587425985,0.849269933251901,UNCHANGED_LEGACY
optimatika__ojAlgo,20,22,0.8864120942515339,0.8465269270607136,UNCHANGED_LEGACY
optimatika__ojAlgo,20,23,0.8117168242437639,0.7377861755388484,UNCHANGED_LEGACY
optimatika__ojAlgo,20,24,0.8226585734667632,0.7368645895396936,UNCHANGED_LEGACY
optimatika__ojAlgo,20,25,0.8787058248265145,0.8190626997358437,UNCHANGED_LEGACY
optimatika__ojAlgo,20,26,0.8357218990300886,0.8703546382945317,UNCHANGED_LEGACY
optimatika__ojAlgo,20,27,0.8434676255258152,0.790157083220227,UNCHANGED_LEGACY
optimatika__ojAlgo,20,28,0.7927501138708035,0.7187288047858921,UNCHANGED_LEGACY
optimatika__ojAlgo,20,29,0.8334758811590708,0.8698645124292255,UNCHANGED_LEGACY
optimatika__ojAlgo,20,30,0.8900573205530102,0.8665408170961569,UNCHANGED_LEGACY
optimatika__ojAlgo,25,1,0.8169494388513785,0.6845195133431738,UNCHANGED_LEGACY
optimatika__ojAlgo,25,2,0.8542818980588377,0.8248702407851144,UNCHANGED_LEGACY
optimatika__ojAlgo,25,3,0.8678247787892185,0.8979109215526668,UNCHANGED_LEGACY
optimatika__ojAlgo,25,4,0.8226100109182006,0.7802208726192209,UNCHANGED_LEGACY
optimatika__ojAlgo,25,5,0.8238999536143933,0.7492323730075302,UNCHANGED_LEGACY
optimatika__ojAlgo,25,6,0.8280399108793506,0.8009683403530001,UNCHANGED_LEGACY
optimatika__ojAlgo,25,7,0.8961822719904616,0.8815736052104958,UNCHANGED_LEGACY
optimatika__ojAlgo,25,8,0.7852714813921711,0.7628441421023548,UNCHANGED_LEGACY
optimatika__ojAlgo,25,9,0.8091126575770973,0.7576036467913952,UNCHANGED_LEGACY
optimatika__ojAlgo,25,10,0.8620852925809822,0.8682286948896343,UNCHANGED_LEGACY
optimatika__ojAlgo,25,11,0.820464153303593,0.7094833377091325,UNCHANGED_LEGACY
optimatika__ojAlgo,25,12,0.8316578207472605,0.8597143585976073,UNCHANGED_LEGACY
optimatika__ojAlgo,25,13,0.9039887016718914,0.8924461588489605,UNCHANGED_LEGACY
optimatika__ojAlgo,25,14,0.8382076944846342,0.8268923408222216,UNCHANGED_LEGACY
optimatika__ojAlgo,25,15,0.8104906198925595,0.7703287322193961,UNCHANGED_LEGACY
optimatika__ojAlgo,25,16,0.8861996331015728,0.9002013483665419,UNCHANGED_LEGACY
optimatika__ojAlgo,25,17,0.8968439367146264,0.8752049816215035,UNCHANGED_LEGACY
optimatika__ojAlgo,25,18,0.8504090348109745,0.926115691060113,UNCHANGED_LEGACY
optimatika__ojAlgo,25,19,0.8475590202422099,0.6975207280985626,UNCHANGED_LEGACY
optimatika__ojAlgo,25,20,0.8785904887736784,0.7833339430374376,UNCHANGED_LEGACY
optimatika__ojAlgo,25,21,0.9087781830238728,0.8432335133874607,UNCHANGED_LEGACY
optimatika__ojAlgo,25,22,0.8755280130549528,0.8458742414621803,UNCHANGED_LEGACY
optimatika__ojAlgo,25,23,0.8127457432414329,0.7862541529317014,UNCHANGED_LEGACY
optimatika__ojAlgo,25,24,0.800037531314471,0.7536870624993001,UNCHANGED_LEGACY
optimatika__ojAlgo,25,25,0.8882271195040592,0.8146728454691585,UNCHANGED_LEGACY
optimatika__ojAlgo,25,26,0.8877688104520001,0.9277774832506124,UNCHANGED_LEGACY
optimatika__ojAlgo,25,27,0.8317185239329636,0.8004060948206909,UNCHANGED_LEGACY
optimatika__ojAlgo,25,28,0.771874288307478,0.7100798689051134,UNCHANGED_LEGACY
optimatika__ojAlgo,25,29,0.7830861667068564,0.8155762893732272,UNCHANGED_LEGACY
optimatika__ojAlgo,25,30,0.8830855596749994,0.8665345957520943,UNCHANGED_LEGACY
optimatika__ojAlgo,30,1,0.8290779353548751,0.708501002558763,UNCHANGED_LEGACY
optimatika__ojAlgo,30,2,0.8381864483696381,0.8231822869061678,UNCHANGED_LEGACY
optimatika__ojAlgo,30,3,0.8686685530704927,0.9003450508857531,UNCHANGED_LEGACY
optimatika__ojAlgo,30,4,0.8113040425809822,0.7778781284640268,UNCHANGED_LEGACY
optimatika__ojAlgo,30,5,0.8204884345778742,0.7703262202239293,UNCHANGED_LEGACY
optimatika__ojAlgo,30,6,0.8380104091310988,0.8518820125304933,UNCHANGED_LEGACY
optimatika__ojAlgo,30,7,0.8796740406384803,0.8761259751182727,UNCHANGED_LEGACY
optimatika__ojAlgo,30,8,0.806499385432575,0.7945963540022805,UNCHANGED_LEGACY
optimatika__ojAlgo,30,9,0.7930232782064679,0.7569562215749339,UNCHANGED_LEGACY
optimatika__ojAlgo,30,10,0.8442598020992418,0.80160585653742,UNCHANGED_LEGACY
optimatika__ojAlgo,30,11,0.8208769349663746,0.7098544545050444,UNCHANGED_LEGACY
optimatika__ojAlgo,30,12,0.8238301449508346,0.839860409151332,UNCHANGED_LEGACY
optimatika__ojAlgo,30,13,0.8874683296827693,0.8903303197266897,UNCHANGED_LEGACY
optimatika__ojAlgo,30,14,0.8694212725732122,0.8775391190768185,UNCHANGED_LEGACY
optimatika__ojAlgo,30,15,0.7935362201256598,0.7676947762911135,UNCHANGED_LEGACY
optimatika__ojAlgo,30,16,0.8840021777791175,0.8954285931504881,UNCHANGED_LEGACY
optimatika__ojAlgo,30,17,0.877704222262412,0.8746515404541793,UNCHANGED_LEGACY
optimatika__ojAlgo,30,18,0.8364988998070895,0.9259902672134904,UNCHANGED_LEGACY
optimatika__ojAlgo,30,19,0.8249652945234842,0.69708164434485,UNCHANGED_LEGACY
optimatika__ojAlgo,30,20,0.866844422340112,0.7827387002123839,UNCHANGED_LEGACY
optimatika__ojAlgo,30,21,0.9334843796050692,0.877005337293516,UNCHANGED_LEGACY
optimatika__ojAlgo,30,22,0.8764992640262037,0.8442640822963201,UNCHANGED_LEGACY
optimatika__ojAlgo,30,23,0.791444995378185,0.7859995310833259,UNCHANGED_LEGACY
optimatika__ojAlgo,30,24,0.7791859870254267,0.7511406054163866,UNCHANGED_LEGACY
optimatika__ojAlgo,30,25,0.8868795087814485,0.7873079564054349,UNCHANGED_LEGACY
optimatika__ojAlgo,30,26,0.8917327284784181,0.9296933880923562,UNCHANGED_LEGACY
optimatika__ojAlgo,30,27,0.8338643815475713,0.8050692755173191,UNCHANGED_LEGACY
optimatika__ojAlgo,30,28,0.7566256480588377,0.7084253742081614,UNCHANGED_LEGACY
optimatika__ojAlgo,30,29,0.7678557374139271,0.814278306325918,UNCHANGED_LEGACY
optimatika__ojAlgo,30,30,0.8639640561784958,0.8655474861101154,UNCHANGED_LEGACY
optimatika__ojAlgo,40,1,0.8056040134434531,0.7079627214208772,UNCHANGED_LEGACY
optimatika__ojAlgo,40,2,0.8077680820137717,0.8177325200872173,UNCHANGED_LEGACY
optimatika__ojAlgo,40,3,0.8722864629384026,0.901227482389749,UNCHANGED_LEGACY
optimatika__ojAlgo,40,4,0.8485909743991641,0.8362849248803208,UNCHANGED_LEGACY
optimatika__ojAlgo,40,5,0.845674186326126,0.7918811581837518,UNCHANGED_LEGACY
optimatika__ojAlgo,40,6,0.8284253761085658,0.8719530491270209,UNCHANGED_LEGACY
optimatika__ojAlgo,40,7,0.8496988075382472,0.7256674412537043,UNCHANGED_LEGACY
optimatika__ojAlgo,40,8,0.7978309705141602,0.746637663309448,UNCHANGED_LEGACY
optimatika__ojAlgo,40,9,0.8054006577713475,0.8125407582386943,UNCHANGED_LEGACY
optimatika__ojAlgo,40,10,0.833821889317579,0.7821196737041686,UNCHANGED_LEGACY
optimatika__ojAlgo,40,11,0.7856660520992418,0.7088033230435531,UNCHANGED_LEGACY
optimatika__ojAlgo,40,12,0.8051426692321089,0.8073996480060747,UNCHANGED_LEGACY
optimatika__ojAlgo,40,13,0.864862463326903,0.8622455571912004,UNCHANGED_LEGACY
optimatika__ojAlgo,40,14,0.8472463988358385,0.8773693445105183,UNCHANGED_LEGACY
optimatika__ojAlgo,40,15,0.7622224817806714,0.783699099069183,UNCHANGED_LEGACY
optimatika__ojAlgo,40,16,0.8679097632492029,0.9031906857423034,UNCHANGED_LEGACY
optimatika__ojAlgo,40,17,0.8433401488358385,0.8725418356534888,UNCHANGED_LEGACY
optimatika__ojAlgo,40,18,0.8399164891621789,0.8898137773078889,UNCHANGED_LEGACY
optimatika__ojAlgo,40,19,0.7884796447565845,0.6959466293550401,UNCHANGED_LEGACY
optimatika__ojAlgo,40,20,0.8459716319360716,0.781612663102941,UNCHANGED_LEGACY
optimatika__ojAlgo,40,21,0.9490820631715028,0.8773875878952362,UNCHANGED_LEGACY
optimatika__ojAlgo,40,22,0.8521390756035153,0.8355713467148468,UNCHANGED_LEGACY
optimatika__ojAlgo,40,23,0.7888074419593817,0.804944854181125,UNCHANGED_LEGACY
optimatika__ojAlgo,40,24,0.8035492106074003,0.8003751547199633,UNCHANGED_LEGACY
optimatika__ojAlgo,40,25,0.9156588891233288,0.8569642815285646,UNCHANGED_LEGACY
optimatika__ojAlgo,40,26,0.8743078790223187,0.9067362876516066,UNCHANGED_LEGACY
optimatika__ojAlgo,40,27,0.825287021407711,0.7654076674090302,UNCHANGED_LEGACY
optimatika__ojAlgo,40,28,0.777859622417812,0.7489231068842782,UNCHANGED_LEGACY
optimatika__ojAlgo,40,29,0.8295878421147818,0.915741896275692,UNCHANGED_LEGACY
optimatika__ojAlgo,40,30,0.907849424282614,0.9234885638306256,UNCHANGED_LEGACY
optimatika__ojAlgo,50,1,0.8077286249430646,0.7546191900079134,UNCHANGED_LEGACY
optimatika__ojAlgo,50,2,0.8052337240106637,0.8502168348309288,UNCHANGED_LEGACY
optimatika__ojAlgo,50,3,0.8705139299158696,0.880608409809489,UNCHANGED_LEGACY
optimatika__ojAlgo,50,4,0.8538478702810599,0.8635233836187493,UNCHANGED_LEGACY
optimatika__ojAlgo,50,5,0.8638244388513785,0.7987790168214239,UNCHANGED_LEGACY
optimatika__ojAlgo,50,6,0.8921758617340514,0.8872620654129362,UNCHANGED_LEGACY
optimatika__ojAlgo,50,7,0.8258060336454733,0.7235638436698084,UNCHANGED_LEGACY
optimatika__ojAlgo,50,8,0.8051608801878198,0.743900716793075,UNCHANGED_LEGACY
optimatika__ojAlgo,50,9,0.8761137987969885,0.8883654561766765,UNCHANGED_LEGACY
optimatika__ojAlgo,50,10,0.8355337191544088,0.8101684150182591,UNCHANGED_LEGACY
optimatika__ojAlgo,50,11,0.8233839765359162,0.7612639316933809,UNCHANGED_LEGACY
optimatika__ojAlgo,50,12,0.7956031635988533,0.7777435768729403,UNCHANGED_LEGACY
optimatika__ojAlgo,50,13,0.8661281247488144,0.8812785226228942,UNCHANGED_LEGACY
optimatika__ojAlgo,50,14,0.8711027508171905,0.8791589799300126,UNCHANGED_LEGACY
optimatika__ojAlgo,50,15,0.8016795524877421,0.7730947560945368,UNCHANGED_LEGACY
optimatika__ojAlgo,50,16,0.8635269932414329,0.9240127128934812,UNCHANGED_LEGACY
optimatika__ojAlgo,50,17,0.8246708840728237,0.852337215227001,UNCHANGED_LEGACY
optimatika__ojAlgo,50,18,0.8277940629772527,0.9014651401392376,UNCHANGED_LEGACY
optimatika__ojAlgo,50,19,0.8635391338785735,0.8015827869874352,UNCHANGED_LEGACY
optimatika__ojAlgo,50,20,0.8613659598303995,0.8045505025272216,UNCHANGED_LEGACY
optimatika__ojAlgo,50,21,0.9399401634046032,0.8770821216189241,UNCHANGED_LEGACY
optimatika__ojAlgo,50,22,0.8399620165514562,0.835405711714623,UNCHANGED_LEGACY
optimatika__ojAlgo,50,23,0.910423239356429,0.9306577613657132,UNCHANGED_LEGACY
optimatika__ojAlgo,50,24,0.7822575682220079,0.7381355796533571,UNCHANGED_LEGACY
optimatika__ojAlgo,50,25,0.9147513764970662,0.8560361775517552,UNCHANGED_LEGACY
optimatika__ojAlgo,50,26,0.8891315969710366,0.9080323492263136,UNCHANGED_LEGACY
optimatika__ojAlgo,50,27,0.810041416318356,0.7847248526484435,UNCHANGED_LEGACY
optimatika__ojAlgo,50,28,0.7730519301101197,0.7676363681754852,UNCHANGED_LEGACY
optimatika__ojAlgo,50,29,0.8525609627441524,0.9317092918160472,UNCHANGED_LEGACY
optimatika__ojAlgo,50,30,0.8834892358599256,0.8315407793325478,UNCHANGED_LEGACY
spring-cloud__spring-cloud-dataflow,0,1,0.8736647693246782,0.7549625592174842,UNCHANGED_LEGACY
spring-cloud__spring-cloud-dataflow,0,2,0.8736647693246782,0.7549625592174842,UNCHANGED_LEGACY
spring-cloud__spring-cloud-dataflow,0,3,0.8736647693246782,0.7549625592174842,UNCHANGED_LEGACY
spring-cloud__spring-cloud-dataflow,0,4,0.8736647693246782,0.7549625592174842,UNCHANGED_LEGACY
spring-cloud__spring-cloud-dataflow,0,5,0.8736647693246782,0.7549625592174842,UNCHANGED_LEGACY
spring-cloud__spring-cloud-dataflow,0,6,0.8736647693246782,0.7549625592174842,UNCHANGED_LEGACY
spring-cloud__spring-cloud-dataflow,0,7,0.8736647693246782,0.7549625592174842,UNCHANGED_LEGACY
spring-cloud__spring-cloud-dataflow,0,8,0.8736647693246782,0.7549625592174842,UNCHANGED_LEGACY
spring-cloud__spring-cloud-dataflow,0,9,0.8736647693246782,0.7549625592174842,UNCHANGED_LEGACY
spring-cloud__spring-cloud-dataflow,0,10,0.8736647693246782,0.7549625592174842,UNCHANGED_LEGACY
spring-cloud__spring-cloud-dataflow,0,11,0.8736647693246782,0.7549625592174842,UNCHANGED_LEGACY
spring-cloud__spring-cloud-dataflow,0,12,0.8736647693246782,0.7549625592174842,UNCHANGED_LEGACY
spring-cloud__spring-cloud-dataflow,0,13,0.8736647693246782,0.7549625592174842,UNCHANGED_LEGACY
spring-cloud__spring-cloud-dataflow,0,14,0.8736647693246782,0.7549625592174842,UNCHANGED_LEGACY
spring-cloud__spring-cloud-dataflow,0,15,0.8736647693246782,0.7549625592174842,UNCHANGED_LEGACY
spring-cloud__spring-cloud-dataflow,0,16,0.8736647693246782,0.7549625592174842,UNCHANGED_LEGACY
spring-cloud__spring-cloud-dataflow,0,17,0.8736647693246782,0.7549625592174842,UNCHANGED_LEGACY
spring-cloud__spring-cloud-dataflow,0,18,0.8736647693246782,0.7549625592174842,UNCHANGED_LEGACY
spring-cloud__spring-cloud-dataflow,0,19,0.8736647693246782,0.7549625592174842,UNCHANGED_LEGACY
spring-cloud__spring-cloud-dataflow,0,20,0.8736647693246782,0.7549625592174842,UNCHANGED_LEGACY
spring-cloud__spring-cloud-dataflow,0,21,0.8736647693246782,0.7549625592174842,UNCHANGED_LEGACY
spring-cloud__spring-cloud-dataflow,0,22,0.8736647693246782,0.7549625592174842,UNCHANGED_LEGACY
spring-cloud__spring-cloud-dataflow,0,23,0.8736647693246782,0.7549625592174842,UNCHANGED_LEGACY
spring-cloud__spring-cloud-dataflow,0,24,0.8736647693246782,0.7549625592174842,UNCHANGED_LEGACY
spring-cloud__spring-cloud-dataflow,0,25,0.8736647693246782,0.7549625592174842,UNCHANGED_LEGACY
spring-cloud__spring-cloud-dataflow,0,26,0.8736647693246782,0.7549625592174842,UNCHANGED_LEGACY
spring-cloud__spring-cloud-dataflow,0,27,0.8736647693246782,0.7549625592174842,UNCHANGED_LEGACY
spring-cloud__spring-cloud-dataflow,0,28,0.8736647693246782,0.7549625592174842,UNCHANGED_LEGACY
spring-cloud__spring-cloud-dataflow,0,29,0.8736647693246782,0.7549625592174842,UNCHANGED_LEGACY
spring-cloud__spring-cloud-dataflow,0,30,0.8736647693246782,0.7549625592174842,UNCHANGED_LEGACY
spring-cloud__spring-cloud-dataflow,5,1,0.8899035850906848,0.775662419461127,UNCHANGED_LEGACY
spring-cloud__spring-cloud-dataflow,5,2,0.9030947014070536,0.8011254157994407,UNCHANGED_LEGACY
spring-cloud__spring-cloud-dataflow,5,3,0.8596892573847179,0.7455012906365611,UNCHANGED_LEGACY
spring-cloud__spring-cloud-dataflow,5,4,0.8861781976081257,0.7820003400129948,UNCHANGED_LEGACY
spring-cloud__spring-cloud-dataflow,5,5,0.8595479691493234,0.7473422505313598,UNCHANGED_LEGACY
spring-cloud__spring-cloud-dataflow,5,6,0.8971342291772096,0.7830564695964624,UNCHANGED_LEGACY
spring-cloud__spring-cloud-dataflow,5,7,0.8562222909783261,0.7532374490093022,UNCHANGED_LEGACY
spring-cloud__spring-cloud-dataflow,5,8,0.8607352665615132,0.7494839065322977,UNCHANGED_LEGACY
spring-cloud__spring-cloud-dataflow,5,9,0.8478070092152143,0.7433913035756817,UNCHANGED_LEGACY
spring-cloud__spring-cloud-dataflow,5,10,0.8414022454126744,0.7362907175457527,UNCHANGED_LEGACY
spring-cloud__spring-cloud-dataflow,5,11,0.8666370229408047,0.7662706584338516,UNCHANGED_LEGACY
spring-cloud__spring-cloud-dataflow,5,12,0.8432782583517253,0.7312140734366517,UNCHANGED_LEGACY
spring-cloud__spring-cloud-dataflow,5,13,0.8725127587236898,0.7563307094610623,UNCHANGED_LEGACY
spring-cloud__spring-cloud-dataflow,5,14,0.874994874537495,0.7670637336060089,UNCHANGED_LEGACY
spring-cloud__spring-cloud-dataflow,5,15,0.8537821041990072,0.7480571958064192,UNCHANGED_LEGACY
spring-cloud__spring-cloud-dataflow,5,16,0.8562422176481811,0.7399156268511069,UNCHANGED_LEGACY
spring-cloud__spring-cloud-dataflow,5,17,0.8643237276912226,0.7613707803845592,UNCHANGED_LEGACY
spring-cloud__spring-cloud-dataflow,5,18,0.8657208112664331,0.7582214436773799,UNCHANGED_LEGACY
spring-cloud__spring-cloud-dataflow,5,19,0.842584702147989,0.7317409972627567,UNCHANGED_LEGACY
spring-cloud__spring-cloud-dataflow,5,20,0.8558730259591314,0.745116207488443,UNCHANGED_LEGACY
spring-cloud__spring-cloud-dataflow,5,21,0.8425530105967968,0.7323618576320703,UNCHANGED_LEGACY
spring-cloud__spring-cloud-dataflow,5,22,0.8591682579958024,0.7401694015726785,UNCHANGED_LEGACY
spring-cloud__spring-cloud-dataflow,5,23,0.8829002637266272,0.7798790757960854,UNCHANGED_LEGACY
spring-cloud__spring-cloud-dataflow,5,24,0.8583195729805579,0.753192321750071,UNCHANGED_LEGACY
spring-cloud__spring-cloud-dataflow,5,25,0.8778726177757117,0.7686221024970578,UNCHANGED_LEGACY
spring-cloud__spring-cloud-dataflow,5,26,0.8626951375695371,0.7419715725441834,UNCHANGED_LEGACY
spring-cloud__spring-cloud-dataflow,5,27,0.8558034157724171,0.7474280755526633,UNCHANGED_LEGACY
spring-cloud__spring-cloud-dataflow,5,28,0.8695511574165002,0.7680936326451274,UNCHANGED_LEGACY
spring-cloud__spring-cloud-dataflow,5,29,0.8715791112131952,0.7684526746596468,UNCHANGED_LEGACY
spring-cloud__spring-cloud-dataflow,5,30,0.844475244950476,0.7355366022686711,UNCHANGED_LEGACY
spring-cloud__spring-cloud-dataflow,10,1,0.8786655228101563,0.7644555173229826,UNCHANGED_LEGACY
spring-cloud__spring-cloud-dataflow,10,2,0.8974295170858695,0.8023430978950084,UNCHANGED_LEGACY
spring-cloud__spring-cloud-dataflow,10,3,0.8648383668380304,0.7576800698594295,UNCHANGED_LEGACY
spring-cloud__spring-cloud-dataflow,10,4,0.8822262793995277,0.7760925479293916,UNCHANGED_LEGACY
spring-cloud__spring-cloud-dataflow,10,5,0.8674869533729153,0.7660255195777801,UNCHANGED_LEGACY
spring-cloud__spring-cloud-dataflow,10,6,0.886752714840111,0.7701778093510363,UNCHANGED_LEGACY
spring-cloud__spring-cloud-dataflow,10,7,0.8528016869771511,0.739454511692522,UNCHANGED_LEGACY
spring-cloud__spring-cloud-dataflow,10,8,0.8841247613622006,0.7761788458279798,UNCHANGED_LEGACY
spring-cloud__spring-cloud-dataflow,10,9,0.8473698678952717,0.7408572768386121,UNCHANGED_LEGACY
spring-cloud__spring-cloud-dataflow,10,10,0.8452096492608526,0.7410592501189648,UNCHANGED_LEGACY
spring-cloud__spring-cloud-dataflow,10,11,0.8624972572784423,0.7635519046117787,UNCHANGED_LEGACY
spring-cloud__spring-cloud-dataflow,10,12,0.8728058468261395,0.7622186166530244,UNCHANGED_LEGACY
spring-cloud__spring-cloud-dataflow,10,13,0.8716160585802178,0.7539420512043741,UNCHANGED_LEGACY
spring-cloud__spring-cloud-dataflow,10,14,0.8743140466507847,0.7693745055941065,UNCHANGED_LEGACY
spring-cloud__spring-cloud-dataflow,10,15,0.8504918694954211,0.7444148614924017,UNCHANGED_LEGACY
spring-cloud__spring-cloud-dataflow,10,16,0.8481212694043849,0.734665014399227,UNCHANGED_LEGACY
spring-cloud__spring-cloud-dataflow,10,17,0.8560300816420171,0.7489753644852111,UNCHANGED_LEGACY
spring-cloud__spring-cloud-dataflow,10,18,0.8910679212257266,0.7850062879190719,UNCHANGED_LEGACY
spring-cloud__spring-cloud-dataflow,10,19,0.8654655008089167,0.753207901608616,UNCHANGED_LEGACY
spring-cloud__spring-cloud-dataflow,10,20,0.85875326003108,0.7443470901162711,UNCHANGED_LEGACY
spring-cloud__spring-cloud-dataflow,10,21,0.8472035381647806,0.7339633551345243,UNCHANGED_LEGACY
spring-cloud__spring-cloud-dataflow,10,22,0.8475398007185825,0.7369806342053017,UNCHANGED_LEGACY
spring-cloud__spring-cloud-dataflow,10,23,0.8950749990785992,0.7864423057176949,UNCHANGED_LEGACY
spring-cloud__spring-cloud-dataflow,10,24,0.854808468687125,0.7517567530740764,UNCHANGED_LEGACY
spring-cloud__spring-cloud-dataflow,10,25,0.8992671312712127,0.7927432438202858,UNCHANGED_LEGACY
spring-cloud__spring-cloud-dataflow,10,26,0.8554264696009947,0.7387391766566018,UNCHANGED_LEGACY
spring-cloud__spring-cloud-dataflow,10,27,0.8727347302024243,0.7403586360078945,UNCHANGED_LEGACY
spring-cloud__spring-cloud-dataflow,10,28,0.8636602024828575,0.7561407870155172,UNCHANGED_LEGACY
spring-cloud__spring-cloud-dataflow,10,29,0.9029035731089118,0.8019001462438118,UNCHANGED_LEGACY
spring-cloud__spring-cloud-dataflow,10,30,0.8480126439886819,0.735697398703302,UNCHANGED_LEGACY
spring-cloud__spring-cloud-dataflow,15,1,0.8779475429104594,0.7715530984506583,UNCHANGED_LEGACY
spring-cloud__spring-cloud-dataflow,15,2,0.8881285691821806,0.798526064730603,UNCHANGED_LEGACY
spring-cloud__spring-cloud-dataflow,15,3,0.8611910969672555,0.7543627390021891,UNCHANGED_LEGACY
spring-cloud__spring-cloud-dataflow,15,4,0.8872773634361387,0.787461593214241,UNCHANGED_LEGACY
spring-cloud__spring-cloud-dataflow,15,5,0.8659434667370687,0.7646625196641511,UNCHANGED_LEGACY
spring-cloud__spring-cloud-dataflow,15,6,0.8722396750675935,0.7633564393202008,UNCHANGED_LEGACY
spring-cloud__spring-cloud-dataflow,15,7,0.8761009924812528,0.7655689002364405,UNCHANGED_LEGACY
spring-cloud__spring-cloud-dataflow,15,8,0.8737319097490238,0.770341906206496,UNCHANGED_LEGACY
spring-cloud__spring-cloud-dataflow,15,9,0.8674987104214421,0.7601969002423755,UNCHANGED_LEGACY
spring-cloud__spring-cloud-dataflow,15,10,0.8378111994555074,0.727309160038155,UNCHANGED_LEGACY
spring-cloud__spring-cloud-dataflow,15,11,0.8588419587769279,0.7542378312932887,UNCHANGED_LEGACY
spring-cloud__spring-cloud-dataflow,15,12,0.8940255991774372,0.7759734656236773,UNCHANGED_LEGACY
spring-cloud__spring-cloud-dataflow,15,13,0.8674684052777044,0.7522236505188274,UNCHANGED_LEGACY
spring-cloud__spring-cloud-dataflow,15,14,0.8737602512843997,0.77001109647916,UNCHANGED_LEGACY
spring-cloud__spring-cloud-dataflow,15,15,0.8427459405516698,0.7392564966817105,UNCHANGED_LEGACY
spring-cloud__spring-cloud-dataflow,15,16,0.8525097033009787,0.738452347642359,UNCHANGED_LEGACY
spring-cloud__spring-cloud-dataflow,15,17,0.8689427332718128,0.7625718070209843,UNCHANGED_LEGACY
spring-cloud__spring-cloud-dataflow,15,18,0.8835644132430839,0.7827905672116622,UNCHANGED_LEGACY
spring-cloud__spring-cloud-dataflow,15,19,0.8668898425645892,0.7531190567988774,UNCHANGED_LEGACY
spring-cloud__spring-cloud-dataflow,15,20,0.8528909496853535,0.7433488183538806,UNCHANGED_LEGACY
spring-cloud__spring-cloud-dataflow,15,21,0.8473033125046437,0.7363223556540118,UNCHANGED_LEGACY
spring-cloud__spring-cloud-dataflow,15,22,0.8416249008833098,0.7311690215875335,UNCHANGED_LEGACY
spring-cloud__spring-cloud-dataflow,15,23,0.8913213595312176,0.7775951699305403,UNCHANGED_LEGACY
spring-cloud__spring-cloud-dataflow,15,24,0.8737151551467698,0.7764963971870332,UNCHANGED_LEGACY
spring-cloud__spring-cloud-dataflow,15,25,0.8960259835773551,0.7905184412638241,UNCHANGED_LEGACY
spring-cloud__spring-cloud-dataflow,15,26,0.8615613930825824,0.7494431855213343,UNCHANGED_LEGACY
spring-cloud__spring-cloud-dataflow,15,27,0.893767421911286,0.7622308144592755,UNCHANGED_LEGACY
spring-cloud__spring-cloud-dataflow,15,28,0.8922862319339141,0.779624810610274,UNCHANGED_LEGACY
spring-cloud__spring-cloud-dataflow,15,29,0.8990495114151442,0.8021909512223425,UNCHANGED_LEGACY
spring-cloud__spring-cloud-dataflow,15,30,0.8739069304791857,0.7600638809922668,UNCHANGED_LEGACY
spring-cloud__spring-cloud-dataflow,20,1,0.8993377588407186,0.7954911995810823,UNCHANGED_LEGACY
spring-cloud__spring-cloud-dataflow,20,2,0.8859647597006033,0.7969965831968062,UNCHANGED_LEGACY
spring-cloud__spring-cloud-dataflow,20,3,0.859068906627705,0.7476165317169625,UNCHANGED_LEGACY
spring-cloud__spring-cloud-dataflow,20,4,0.8807933438372273,0.7807449235240723,UNCHANGED_LEGACY
spring-cloud__spring-cloud-dataflow,20,5,0.8614347835340231,0.7509610040297047,UNCHANGED_LEGACY
spring-cloud__spring-cloud-dataflow,20,6,0.8652906628811067,0.7385796630920234,UNCHANGED_LEGACY
spring-cloud__spring-cloud-dataflow,20,7,0.9035227622932273,0.7893678220023801,UNCHANGED_LEGACY
spring-cloud__spring-cloud-dataflow,20,8,0.8727346642303023,0.7768616898008885,UNCHANGED_LEGACY
spring-cloud__spring-cloud-dataflow,20,9,0.8628221700898623,0.7589768795059995,UNCHANGED_LEGACY
spring-cloud__spring-cloud-dataflow,20,10,0.8588868407809643,0.7474635052393565,UNCHANGED_LEGACY
spring-cloud__spring-cloud-dataflow,20,11,0.8549292819559311,0.753341516635378,UNCHANGED_LEGACY
spring-cloud__spring-cloud-dataflow,20,12,0.8860752795532291,0.763460195928719,UNCHANGED_LEGACY
spring-cloud__spring-cloud-dataflow,20,13,0.873955366593396,0.7622964795383546,UNCHANGED_LEGACY
spring-cloud__spring-cloud-dataflow,20,14,0.8744240584739422,0.7707720493202131,UNCHANGED_LEGACY
spring-cloud__spring-cloud-dataflow,20,15,0.8374273290796229,0.7333929726264089,UNCHANGED_LEGACY
spring-cloud__spring-cloud-dataflow,20,16,0.8583920891399592,0.7504467421112986,UNCHANGED_LEGACY
spring-cloud__spring-cloud-dataflow,20,17,0.863290043386553,0.7483424291097416,UNCHANGED_LEGACY
spring-cloud__spring-cloud-dataflow,20,18,0.9023897551936704,0.803849979884825,UNCHANGED_LEGACY
spring-cloud__spring-cloud-dataflow,20,19,0.8545763276830014,0.7405640002456957,UNCHANGED_LEGACY
spring-cloud__spring-cloud-dataflow,20,20,0.8648857524730665,0.7616943882217634,UNCHANGED_LEGACY
spring-cloud__spring-cloud-dataflow,20,21,0.8425416686872254,0.73534916297233,UNCHANGED_LEGACY
spring-cloud__spring-cloud-dataflow,20,22,0.8370676464224929,0.7313341885716553,UNCHANGED_LEGACY
spring-cloud__spring-cloud-dataflow,20,23,0.8908655850583616,0.7732927745313544,UNCHANGED_LEGACY
spring-cloud__spring-cloud-dataflow,20,24,0.8652775676355223,0.7656861230842781,UNCHANGED_LEGACY
spring-cloud__spring-cloud-dataflow,20,25,0.9050430940380896,0.8002398869799933,UNCHANGED_LEGACY
spring-cloud__spring-cloud-dataflow,20,26,0.8556647593613433,0.7477178301996178,UNCHANGED_LEGACY
spring-cloud__spring-cloud-dataflow,20,27,0.8966550323946002,0.7662342062761298,UNCHANGED_LEGACY
spring-cloud__spring-cloud-dataflow,20,28,0.8867016248373253,0.7698411724490692,UNCHANGED_LEGACY
spring-cloud__spring-cloud-dataflow,20,29,0.8956608607575453,0.7977369502951241,UNCHANGED_LEGACY
spring-cloud__spring-cloud-dataflow,20,30,0.8765301006472836,0.7630583653292897,UNCHANGED_LEGACY
spring-cloud__spring-cloud-dataflow,25,1,0.8949149444221921,0.7897255637795795,UNCHANGED_LEGACY
spring-cloud__spring-cloud-dataflow,25,2,0.880305737484518,0.7907381061133182,UNCHANGED_LEGACY
spring-cloud__spring-cloud-dataflow,25,3,0.8546451859199097,0.7459901344794416,UNCHANGED_LEGACY
spring-cloud__spring-cloud-dataflow,25,4,0.8831371131324182,0.7902366636003029,UNCHANGED_LEGACY
spring-cloud__spring-cloud-dataflow,25,5,0.8588962088222956,0.7478634472822437,UNCHANGED_LEGACY
spring-cloud__spring-cloud-dataflow,25,6,0.86557862711197,0.7490727719847728,UNCHANGED_LEGACY
spring-cloud__spring-cloud-dataflow,25,7,0.899862090373404,0.7837458772924697,UNCHANGED_LEGACY
spring-cloud__spring-cloud-dataflow,25,8,0.8626790867066921,0.7644564270415486,UNCHANGED_LEGACY
spring-cloud__spring-cloud-dataflow,25,9,0.8585200850959731,0.7550502262120186,UNCHANGED_LEGACY
spring-cloud__spring-cloud-dataflow,25,10,0.8527596874473704,0.7428918762381889,UNCHANGED_LEGACY
spring-cloud__spring-cloud-dataflow,25,11,0.8658557392597198,0.7622982557299195,UNCHANGED_LEGACY
spring-cloud__spring-cloud-dataflow,25,12,0.8773018043598696,0.757909923687474,UNCHANGED_LEGACY
spring-cloud__spring-cloud-dataflow,25,13,0.8739791705044374,0.7640630841205153,UNCHANGED_LEGACY
spring-cloud__spring-cloud-dataflow,25,14,0.8751206616409543,0.7670788669156215,UNCHANGED_LEGACY
spring-cloud__spring-cloud-dataflow,25,15,0.8360475481827573,0.7310578329660996,UNCHANGED_LEGACY
spring-cloud__spring-cloud-dataflow,25,16,0.8567713866584247,0.7474287154333221,UNCHANGED_LEGACY
spring-cloud__spring-cloud-dataflow,25,17,0.8705211955025461,0.7606718900955161,UNCHANGED_LEGACY
spring-cloud__spring-cloud-dataflow,25,18,0.8988009549363637,0.7842842208340522,UNCHANGED_LEGACY
spring-cloud__spring-cloud-dataflow,25,19,0.8647336813259977,0.752392714407255,UNCHANGED_LEGACY
spring-cloud__spring-cloud-dataflow,25,20,0.8717449355619286,0.7654110259974386,UNCHANGED_LEGACY
spring-cloud__spring-cloud-dataflow,25,21,0.840827975079701,0.7326346389696006,UNCHANGED_LEGACY
spring-cloud__spring-cloud-dataflow,25,22,0.8758401462125117,0.7792768677755592,UNCHANGED_LEGACY
spring-cloud__spring-cloud-dataflow,25,23,0.883684421828515,0.7714479644570462,UNCHANGED_LEGACY
spring-cloud__spring-cloud-dataflow,25,24,0.8693540866629165,0.773855594936021,UNCHANGED_LEGACY
spring-cloud__spring-cloud-dataflow,25,25,0.8925660982522777,0.7924538396266736,UNCHANGED_LEGACY
spring-cloud__spring-cloud-dataflow,25,26,0.8826420381397581,0.7765650186898867,UNCHANGED_LEGACY
spring-cloud__spring-cloud-dataflow,25,27,0.8916476296252758,0.7622219128588577,UNCHANGED_LEGACY
spring-cloud__spring-cloud-dataflow,25,28,0.8825839375509523,0.7652681123647036,UNCHANGED_LEGACY
spring-cloud__spring-cloud-dataflow,25,29,0.8891480029568809,0.785642571884095,UNCHANGED_LEGACY
spring-cloud__spring-cloud-dataflow,25,30,0.8814532166391632,0.7650153807575352,UNCHANGED_LEGACY
spring-cloud__spring-cloud-dataflow,30,1,0.8910686293779867,0.7893508998492542,UNCHANGED_LEGACY
spring-cloud__spring-cloud-dataflow,30,2,0.8783833576170781,0.7901192197006509,UNCHANGED_LEGACY
spring-cloud__spring-cloud-dataflow,30,3,0.8616502588548398,0.7517992130114046,UNCHANGED_LEGACY
spring-cloud__spring-cloud-dataflow,30,4,0.8812155232756238,0.7836374215457679,UNCHANGED_LEGACY
spring-cloud__spring-cloud-dataflow,30,5,0.8769780420890195,0.7602524656831056,UNCHANGED_LEGACY
spring-cloud__spring-cloud-dataflow,30,6,0.8618580141135213,0.7471231895608822,UNCHANGED_LEGACY
spring-cloud__spring-cloud-dataflow,30,7,0.898965986626741,0.783624048188799,UNCHANGED_LEGACY
spring-cloud__spring-cloud-dataflow,30,8,0.8550733370488857,0.7583312275929666,UNCHANGED_LEGACY
spring-cloud__spring-cloud-dataflow,30,9,0.85157730120735,0.7460959781398808,UNCHANGED_LEGACY
spring-cloud__spring-cloud-dataflow,30,10,0.870715899313189,0.7699746907165073,UNCHANGED_LEGACY
spring-cloud__spring-cloud-dataflow,30,11,0.8653700266820058,0.7621776588834409,UNCHANGED_LEGACY
spring-cloud__spring-cloud-dataflow,30,12,0.8709061970024565,0.7567180260413494,UNCHANGED_LEGACY
spring-cloud__spring-cloud-dataflow,30,13,0.9029531916465404,0.7969463768347705,UNCHANGED_LEGACY
spring-cloud__spring-cloud-dataflow,30,14,0.8731519395570908,0.7614795563894649,UNCHANGED_LEGACY
spring-cloud__spring-cloud-dataflow,30,15,0.8337377307010271,0.7294969553108177,UNCHANGED_LEGACY
spring-cloud__spring-cloud-dataflow,30,16,0.8547774742560653,0.7430689944522347,UNCHANGED_LEGACY
spring-cloud__spring-cloud-dataflow,30,17,0.8630949547753052,0.7463171488646545,UNCHANGED_LEGACY
spring-cloud__spring-cloud-dataflow,30,18,0.8863011947968784,0.7695267234779778,UNCHANGED_LEGACY
spring-cloud__spring-cloud-dataflow,30,19,0.8504077529437024,0.7390662102064868,UNCHANGED_LEGACY
spring-cloud__spring-cloud-dataflow,30,20,0.8664667010143594,0.761736011761824,UNCHANGED_LEGACY
spring-cloud__spring-cloud-dataflow,30,21,0.8412024304173916,0.7336779051452452,UNCHANGED_LEGACY
spring-cloud__spring-cloud-dataflow,30,22,0.8805037119899812,0.7875635786157524,UNCHANGED_LEGACY
spring-cloud__spring-cloud-dataflow,30,23,0.8802289013646564,0.7692318988187027,UNCHANGED_LEGACY
spring-cloud__spring-cloud-dataflow,30,24,0.8614463217051416,0.763532539824317,UNCHANGED_LEGACY
spring-cloud__spring-cloud-dataflow,30,25,0.8907037401083144,0.790683006296958,UNCHANGED_LEGACY
spring-cloud__spring-cloud-dataflow,30,26,0.8781968588408923,0.7693766081414686,UNCHANGED_LEGACY
spring-cloud__spring-cloud-dataflow,30,27,0.8900777631869532,0.7610619182560455,UNCHANGED_LEGACY
spring-cloud__spring-cloud-dataflow,30,28,0.8728185946700312,0.7580699896029982,UNCHANGED_LEGACY
spring-cloud__spring-cloud-dataflow,30,29,0.8881995917018486,0.7870798689776568,UNCHANGED_LEGACY
spring-cloud__spring-cloud-dataflow,30,30,0.8784780970043022,0.7620232578049948,UNCHANGED_LEGACY
spring-cloud__spring-cloud-dataflow,40,1,0.8823900397475397,0.7840410182720582,UNCHANGED_LEGACY
spring-cloud__spring-cloud-dataflow,40,2,0.8744131732944465,0.773073838405612,UNCHANGED_LEGACY
spring-cloud__spring-cloud-dataflow,40,3,0.8517397583301481,0.7467700996373513,UNCHANGED_LEGACY
spring-cloud__spring-cloud-dataflow,40,4,0.8767548785889159,0.7777871125945607,UNCHANGED_LEGACY
spring-cloud__spring-cloud-dataflow,40,5,0.8878055384517006,0.769066189198813,UNCHANGED_LEGACY
spring-cloud__spring-cloud-dataflow,40,6,0.8448394495663194,0.7292326018589036,UNCHANGED_LEGACY
spring-cloud__spring-cloud-dataflow,40,7,0.8909354568168171,0.7704366626591446,UNCHANGED_LEGACY
spring-cloud__spring-cloud-dataflow,40,8,0.8310754798834247,0.7288029158680188,UNCHANGED_LEGACY
spring-cloud__spring-cloud-dataflow,40,9,0.8556644787040214,0.7501626798181897,UNCHANGED_LEGACY
spring-cloud__spring-cloud-dataflow,40,10,0.877396837863611,0.7714435330380416,UNCHANGED_LEGACY
spring-cloud__spring-cloud-dataflow,40,11,0.8657930532774678,0.7601514450971756,UNCHANGED_LEGACY
spring-cloud__spring-cloud-dataflow,40,12,0.8641567983646055,0.7518473315013551,UNCHANGED_LEGACY
spring-cloud__spring-cloud-dataflow,40,13,0.8988569058048177,0.7855054665012069,UNCHANGED_LEGACY
spring-cloud__spring-cloud-dataflow,40,14,0.8899293133357143,0.7798824937448179,UNCHANGED_LEGACY
spring-cloud__spring-cloud-dataflow,40,15,0.8641015656876474,0.7588086485008738,UNCHANGED_LEGACY
spring-cloud__spring-cloud-dataflow,40,16,0.8348625771152792,0.7215738787542042,UNCHANGED_LEGACY
spring-cloud__spring-cloud-dataflow,40,17,0.8554915504374698,0.736290507725969,UNCHANGED_LEGACY
spring-cloud__spring-cloud-dataflow,40,18,0.8739285364594785,0.7523863434349669,UNCHANGED_LEGACY
spring-cloud__spring-cloud-dataflow,40,19,0.8452502388847476,0.7320229071146146,UNCHANGED_LEGACY
spring-cloud__spring-cloud-dataflow,40,20,0.8700624826225484,0.7602925953966561,UNCHANGED_LEGACY
spring-cloud__spring-cloud-dataflow,40,21,0.8416279478465856,0.7347471396202482,UNCHANGED_LEGACY
spring-cloud__spring-cloud-dataflow,40,22,0.8730544293407407,0.7745134189059976,UNCHANGED_LEGACY
spring-cloud__spring-cloud-dataflow,40,23,0.8558869588741518,0.7532295834020262,UNCHANGED_LEGACY
spring-cloud__spring-cloud-dataflow,40,24,0.8765758504384641,0.775461875616685,UNCHANGED_LEGACY
spring-cloud__spring-cloud-dataflow,40,25,0.8838971732067472,0.787296985078399,UNCHANGED_LEGACY
spring-cloud__spring-cloud-dataflow,40,26,0.8526913982475951,0.7449301883406709,UNCHANGED_LEGACY
spring-cloud__spring-cloud-dataflow,40,27,0.8802293433116815,0.7475716530557668,UNCHANGED_LEGACY
spring-cloud__spring-cloud-dataflow,40,28,0.8638982934442696,0.7445551942686215,UNCHANGED_LEGACY
spring-cloud__spring-cloud-dataflow,40,29,0.880561018044969,0.7809589658967561,UNCHANGED_LEGACY
spring-cloud__spring-cloud-dataflow,40,30,0.8399992028338309,0.7175234549809226,UNCHANGED_LEGACY
spring-cloud__spring-cloud-dataflow,50,1,0.8720039186146674,0.7641427454733888,UNCHANGED_LEGACY
spring-cloud__spring-cloud-dataflow,50,2,0.875582878324625,0.7696185332261058,UNCHANGED_LEGACY
spring-cloud__spring-cloud-dataflow,50,3,0.8480434897066639,0.7390730849140319,UNCHANGED_LEGACY
spring-cloud__spring-cloud-dataflow,50,4,0.8701899952610594,0.7646557747839686,UNCHANGED_LEGACY
spring-cloud__spring-cloud-dataflow,50,5,0.8829201663464444,0.7671143200747342,UNCHANGED_LEGACY
spring-cloud__spring-cloud-dataflow,50,6,0.8381148462968021,0.72392528818214,UNCHANGED_LEGACY
spring-cloud__spring-cloud-dataflow,50,7,0.8863326533495391,0.7682578078659483,UNCHANGED_LEGACY
spring-cloud__spring-cloud-dataflow,50,8,0.8398275231834623,0.7357575583346123,UNCHANGED_LEGACY
spring-cloud__spring-cloud-dataflow,50,9,0.8506004155901276,0.7427342508090663,UNCHANGED_LEGACY
spring-cloud__spring-cloud-dataflow,50,10,0.8652155821933621,0.7563910116864967,UNCHANGED_LEGACY
spring-cloud__spring-cloud-dataflow,50,11,0.8646514211503623,0.7567784177095257,UNCHANGED_LEGACY
spring-cloud__spring-cloud-dataflow,50,12,0.859163648000712,0.7560551963224833,UNCHANGED_LEGACY
spring-cloud__spring-cloud-dataflow,50,13,0.8944180296016397,0.7740597458362032,UNCHANGED_LEGACY
spring-cloud__spring-cloud-dataflow,50,14,0.8838775417566225,0.7787177891940185,UNCHANGED_LEGACY
spring-cloud__spring-cloud-dataflow,50,15,0.8462822142025564,0.7506264009818631,UNCHANGED_LEGACY
spring-cloud__spring-cloud-dataflow,50,16,0.8428724561065034,0.727195132160885,UNCHANGED_LEGACY
spring-cloud__spring-cloud-dataflow,50,17,0.8447433834554503,0.7356739514731129,UNCHANGED_LEGACY
spring-cloud__spring-cloud-dataflow,50,18,0.869852665238607,0.7515055328000564,UNCHANGED_LEGACY
spring-cloud__spring-cloud-dataflow,50,19,0.8605382059574868,0.745189390683408,UNCHANGED_LEGACY
spring-cloud__spring-cloud-dataflow,50,20,0.834852868070889,0.7127026937876855,UNCHANGED_LEGACY
spring-cloud__spring-cloud-dataflow,50,21,0.827860361391033,0.7215199249229385,UNCHANGED_LEGACY
spring-cloud__spring-cloud-dataflow,50,22,0.8770211054468487,0.7745431868333702,UNCHANGED_LEGACY
spring-cloud__spring-cloud-dataflow,50,23,0.8412762137269498,0.7212152545488713,UNCHANGED_LEGACY
spring-cloud__spring-cloud-dataflow,50,24,0.8685963827200434,0.7597317310166539,UNCHANGED_LEGACY
spring-cloud__spring-cloud-dataflow,50,25,0.860788269535196,0.7621942419939172,UNCHANGED_LEGACY
spring-cloud__spring-cloud-dataflow,50,26,0.8423469197551812,0.7294808301442698,UNCHANGED_LEGACY
spring-cloud__spring-cloud-dataflow,50,27,0.8716014162994035,0.7429058357686662,UNCHANGED_LEGACY
spring-cloud__spring-cloud-dataflow,50,28,0.8565312609314285,0.7394527269622354,UNCHANGED_LEGACY
spring-cloud__spring-cloud-dataflow,50,29,0.8710452743995134,0.7741898271544027,UNCHANGED_LEGACY
spring-cloud__spring-cloud-dataflow,50,30,0.8545943828627586,0.7261344395068267,UNCHANGED_LEGACY
thinkaurelius__titan,0,1,0.7654046345811052,0.7426481743735092,UNCHANGED_LEGACY
thinkaurelius__titan,0,2,0.7654046345811052,0.7426481743735092,UNCHANGED_LEGACY
thinkaurelius__titan,0,3,0.7654046345811052,0.7426481743735092,UNCHANGED_LEGACY
thinkaurelius__titan,0,4,0.7654046345811052,0.7426481743735092,UNCHANGED_LEGACY
thinkaurelius__titan,0,5,0.7654046345811052,0.7426481743735092,UNCHANGED_LEGACY
thinkaurelius__titan,0,6,0.7654046345811052,0.7426481743735092,UNCHANGED_LEGACY
thinkaurelius__titan,0,7,0.7654046345811052,0.7426481743735092,UNCHANGED_LEGACY
thinkaurelius__titan,0,8,0.7654046345811052,0.7426481743735092,UNCHANGED_LEGACY
thinkaurelius__titan,0,9,0.7654046345811052,0.7426481743735092,UNCHANGED_LEGACY
thinkaurelius__titan,0,10,0.7654046345811052,0.7426481743735092,UNCHANGED_LEGACY
thinkaurelius__titan,0,11,0.7654046345811052,0.7426481743735092,UNCHANGED_LEGACY
thinkaurelius__titan,0,12,0.7654046345811052,0.7426481743735092,UNCHANGED_LEGACY
thinkaurelius__titan,0,13,0.7654046345811052,0.7426481743735092,UNCHANGED_LEGACY
thinkaurelius__titan,0,14,0.7654046345811052,0.7426481743735092,UNCHANGED_LEGACY
thinkaurelius__titan,0,15,0.7654046345811052,0.7426481743735092,UNCHANGED_LEGACY
thinkaurelius__titan,0,16,0.7654046345811052,0.7426481743735092,UNCHANGED_LEGACY
thinkaurelius__titan,0,17,0.7654046345811052,0.7426481743735092,UNCHANGED_LEGACY
thinkaurelius__titan,0,18,0.7654046345811052,0.7426481743735092,UNCHANGED_LEGACY
thinkaurelius__titan,0,19,0.7654046345811052,0.7426481743735092,UNCHANGED_LEGACY
thinkaurelius__titan,0,20,0.7654046345811052,0.7426481743735092,UNCHANGED_LEGACY
thinkaurelius__titan,0,21,0.7654046345811052,0.7426481743735092,UNCHANGED_LEGACY
thinkaurelius__titan,0,22,0.7654046345811052,0.7426481743735092,UNCHANGED_LEGACY
thinkaurelius__titan,0,23,0.7654046345811052,0.7426481743735092,UNCHANGED_LEGACY
thinkaurelius__titan,0,24,0.7654046345811052,0.7426481743735092,UNCHANGED_LEGACY
thinkaurelius__titan,0,25,0.7654046345811052,0.7426481743735092,UNCHANGED_LEGACY
thinkaurelius__titan,0,26,0.7654046345811052,0.7426481743735092,UNCHANGED_LEGACY
thinkaurelius__titan,0,27,0.7654046345811052,0.7426481743735092,UNCHANGED_LEGACY
thinkaurelius__titan,0,28,0.7654046345811052,0.7426481743735092,UNCHANGED_LEGACY
thinkaurelius__titan,0,29,0.7654046345811052,0.7426481743735092,UNCHANGED_LEGACY
thinkaurelius__titan,0,30,0.7654046345811052,0.7426481743735092,UNCHANGED_LEGACY
thinkaurelius__titan,5,1,0.7313475935828877,0.7685717874299425,UNCHANGED_LEGACY
thinkaurelius__titan,5,2,0.7788805704099822,0.8435992818325462,UNCHANGED_LEGACY
thinkaurelius__titan,5,3,0.800939393939394,0.7877664621618183,UNCHANGED_LEGACY
thinkaurelius__titan,5,4,0.7595864527629234,0.8110148224435318,UNCHANGED_LEGACY
thinkaurelius__titan,5,5,0.8028502673796792,0.8104906921104208,UNCHANGED_LEGACY
thinkaurelius__titan,5,6,0.7339429590017825,0.7903192036390689,UNCHANGED_LEGACY
thinkaurelius__titan,5,7,0.8028716577540107,0.8341094157120953,UNCHANGED_LEGACY
thinkaurelius__titan,5,8,0.8049197860962567,0.8104839501494103,UNCHANGED_LEGACY
thinkaurelius__titan,5,9,0.7580695187165776,0.7789823421545129,UNCHANGED_LEGACY
thinkaurelius__titan,5,10,0.7490338680926916,0.7616210454477967,UNCHANGED_LEGACY
thinkaurelius__titan,5,11,0.7764491978609626,0.7831978218048161,UNCHANGED_LEGACY
thinkaurelius__titan,5,12,0.7963101604278074,0.8169372690763097,UNCHANGED_LEGACY
thinkaurelius__titan,5,13,0.7521051693404635,0.766528236272771,UNCHANGED_LEGACY
thinkaurelius__titan,5,14,0.7509162210338681,0.7739625072067288,UNCHANGED_LEGACY
thinkaurelius__titan,5,15,0.7547504456327986,0.7814830635867333,UNCHANGED_LEGACY
thinkaurelius__titan,5,16,0.8295311942959002,0.8301888572521472,UNCHANGED_LEGACY
thinkaurelius__titan,5,17,0.7680641711229946,0.7677236581795828,UNCHANGED_LEGACY
thinkaurelius__titan,5,18,0.7172941176470589,0.7678843312256572,UNCHANGED_LEGACY
thinkaurelius__titan,5,19,0.7658484848484848,0.8350294978162532,UNCHANGED_LEGACY
thinkaurelius__titan,5,20,0.6878217468805705,0.7374698870721621,UNCHANGED_LEGACY
thinkaurelius__titan,5,21,0.8036488413547238,0.8358336077992414,UNCHANGED_LEGACY
thinkaurelius__titan,5,22,0.7440748663101605,0.7746119093401649,UNCHANGED_LEGACY
thinkaurelius__titan,5,23,0.7592798573975045,0.7803802186629883,UNCHANGED_LEGACY
thinkaurelius__titan,5,24,0.7240374331550802,0.7774158652190643,UNCHANGED_LEGACY
thinkaurelius__titan,5,25,0.7734901960784314,0.7883941674594663,UNCHANGED_LEGACY
thinkaurelius__titan,5,26,0.7356488413547237,0.7566090128224982,UNCHANGED_LEGACY
thinkaurelius__titan,5,27,0.8207950089126561,0.8284400859046832,UNCHANGED_LEGACY
thinkaurelius__titan,5,28,0.7275525846702318,0.7799771647407299,UNCHANGED_LEGACY
thinkaurelius__titan,5,29,0.6891889483065954,0.7380794461089185,UNCHANGED_LEGACY
thinkaurelius__titan,5,30,0.8067878787878788,0.8347505699264841,UNCHANGED_LEGACY
thinkaurelius__titan,10,1,0.7185151515151516,0.7478563011118967,UNCHANGED_LEGACY
thinkaurelius__titan,10,2,0.7626060606060606,0.8255152152200473,UNCHANGED_LEGACY
thinkaurelius__titan,10,3,0.8037254901960784,0.7972259072524467,UNCHANGED_LEGACY
thinkaurelius__titan,10,4,0.7137450980392157,0.766293305796127,UNCHANGED_LEGACY
thinkaurelius__titan,10,5,0.7485971479500891,0.7668658170313958,UNCHANGED_LEGACY
thinkaurelius__titan,10,6,0.7115668449197862,0.7630331630875984,UNCHANGED_LEGACY
thinkaurelius__titan,10,7,0.7622941176470588,0.7704370937998888,UNCHANGED_LEGACY
thinkaurelius__titan,10,8,0.8285062388591801,0.8340977165070551,UNCHANGED_LEGACY
thinkaurelius__titan,10,9,0.7174723707664884,0.7376069404897825,UNCHANGED_LEGACY
thinkaurelius__titan,10,10,0.7206470588235294,0.7212320192534769,UNCHANGED_LEGACY
thinkaurelius__titan,10,11,0.7446060606060606,0.7766412504764959,UNCHANGED_LEGACY
thinkaurelius__titan,10,12,0.7803529411764706,0.7982530386236882,UNCHANGED_LEGACY
thinkaurelius__titan,10,13,0.7364028520499108,0.7609443292128282,UNCHANGED_LEGACY
thinkaurelius__titan,10,14,0.7162495543672015,0.7508472998833202,UNCHANGED_LEGACY
thinkaurelius__titan,10,15,0.7215347593582888,0.7412485886259725,UNCHANGED_LEGACY
thinkaurelius__titan,10,16,0.7988270944741533,0.7869310313147728,UNCHANGED_LEGACY
thinkaurelius__titan,10,17,0.7277450980392157,0.7487860148535753,UNCHANGED_LEGACY
thinkaurelius__titan,10,18,0.7707415329768271,0.8189072597092052,UNCHANGED_LEGACY
thinkaurelius__titan,10,19,0.7285204991087344,0.78414593455843,UNCHANGED_LEGACY
thinkaurelius__titan,10,20,0.7244349376114082,0.7944923469663568,UNCHANGED_LEGACY
thinkaurelius__titan,10,21,0.7901212121212121,0.8262012025309581,UNCHANGED_LEGACY
thinkaurelius__titan,10,22,0.7364135472370766,0.736145996034524,UNCHANGED_LEGACY
thinkaurelius__titan,10,23,0.7050160427807487,0.7558827709791707,UNCHANGED_LEGACY
thinkaurelius__titan,10,24,0.7492156862745099,0.780690725615721,UNCHANGED_LEGACY
thinkaurelius__titan,10,25,0.761235294117647,0.7661225747277576,UNCHANGED_LEGACY
thinkaurelius__titan,10,26,0.7000748663101605,0.7240655459226507,UNCHANGED_LEGACY
thinkaurelius__titan,10,27,0.7674563279857398,0.7981215606505245,UNCHANGED_LEGACY
thinkaurelius__titan,10,28,0.7101158645276293,0.7634575902004602,UNCHANGED_LEGACY
thinkaurelius__titan,10,29,0.7333778966131907,0.7613466298172676,UNCHANGED_LEGACY
thinkaurelius__titan,10,30,0.8205686274509805,0.8414012834068455,UNCHANGED_LEGACY
thinkaurelius__titan,15,1,0.7411586452762924,0.7941141768459975,UNCHANGED_LEGACY
thinkaurelius__titan,15,2,0.7483903743315509,0.8089768028646256,UNCHANGED_LEGACY
thinkaurelius__titan,15,3,0.7817843137254903,0.7933909313718537,UNCHANGED_LEGACY
thinkaurelius__titan,15,4,0.6967932263814618,0.7642308059275302,UNCHANGED_LEGACY
thinkaurelius__titan,15,5,0.7163137254901961,0.7437509384030151,UNCHANGED_LEGACY
thinkaurelius__titan,15,6,0.7124884135472371,0.7785073514074752,UNCHANGED_LEGACY
thinkaurelius__titan,15,7,0.7804848484848484,0.762903682406756,UNCHANGED_LEGACY
thinkaurelius__titan,15,8,0.7948680926916222,0.8251688060478374,UNCHANGED_LEGACY
thinkaurelius__titan,15,9,0.7158342245989304,0.7369534173480498,UNCHANGED_LEGACY
thinkaurelius__titan,15,10,0.6943244206773619,0.7081402318258674,UNCHANGED_LEGACY
thinkaurelius__titan,15,11,0.7440766488413548,0.7613398490700465,UNCHANGED_LEGACY
thinkaurelius__titan,15,12,0.8101176470588236,0.8256974930433675,UNCHANGED_LEGACY
thinkaurelius__titan,15,13,0.6708110516934046,0.6967399578770596,UNCHANGED_LEGACY
thinkaurelius__titan,15,14,0.7121836007130125,0.7345353256159617,UNCHANGED_LEGACY
thinkaurelius__titan,15,15,0.7065436720142603,0.7273767845979126,UNCHANGED_LEGACY
thinkaurelius__titan,15,16,0.761873440285205,0.7621960623504538,UNCHANGED_LEGACY
thinkaurelius__titan,15,17,0.7121853832442068,0.7434865542324116,UNCHANGED_LEGACY
thinkaurelius__titan,15,18,0.7550249554367202,0.8057168322439189,UNCHANGED_LEGACY
thinkaurelius__titan,15,19,0.7358627450980393,0.780482541097558,UNCHANGED_LEGACY
thinkaurelius__titan,15,20,0.7365775401069519,0.7810219175743028,UNCHANGED_LEGACY
thinkaurelius__titan,15,21,0.78724064171123,0.8292412254099102,UNCHANGED_LEGACY
thinkaurelius__titan,15,22,0.6885026737967915,0.7172286750598822,UNCHANGED_LEGACY
thinkaurelius__titan,15,23,0.6915151515151516,0.7298874359533994,UNCHANGED_LEGACY
thinkaurelius__titan,15,24,0.7374171122994653,0.7718037269427287,UNCHANGED_LEGACY
thinkaurelius__titan,15,25,0.7460053475935828,0.7740634377866001,UNCHANGED_LEGACY
thinkaurelius__titan,15,26,0.6800409982174689,0.7163015909992471,UNCHANGED_LEGACY
thinkaurelius__titan,15,27,0.756270944741533,0.7892982249008157,UNCHANGED_LEGACY
thinkaurelius__titan,15,28,0.7125561497326204,0.7497531616657425,UNCHANGED_LEGACY
thinkaurelius__titan,15,29,0.7789893048128342,0.7954486864081194,UNCHANGED_LEGACY
thinkaurelius__titan,15,30,0.7764420677361854,0.8013739418011967,UNCHANGED_LEGACY
thinkaurelius__titan,20,1,0.7257130124777185,0.7820787361855535,UNCHANGED_LEGACY
thinkaurelius__titan,20,2,0.7294491978609626,0.7830999247104873,UNCHANGED_LEGACY
thinkaurelius__titan,20,3,0.7774901960784314,0.7789088104257741,UNCHANGED_LEGACY
thinkaurelius__titan,20,4,0.657235294117647,0.7246308481103174,UNCHANGED_LEGACY
thinkaurelius__titan,20,5,0.7024331550802139,0.7278666144865928,UNCHANGED_LEGACY
thinkaurelius__titan,20,6,0.7281942959001783,0.8173298462356746,UNCHANGED_LEGACY
thinkaurelius__titan,20,7,0.7790392156862745,0.7751729982958897,UNCHANGED_LEGACY
thinkaurelius__titan,20,8,0.8019893048128341,0.823910921000716,UNCHANGED_LEGACY
thinkaurelius__titan,20,9,0.7316613190730837,0.7466854266214439,UNCHANGED_LEGACY
thinkaurelius__titan,20,10,0.7064723707664885,0.7177805899928911,UNCHANGED_LEGACY
thinkaurelius__titan,20,11,0.7462923351158646,0.7660777249898068,UNCHANGED_LEGACY
thinkaurelius__titan,20,12,0.7673565062388592,0.8131453683667509,UNCHANGED_LEGACY
thinkaurelius__titan,20,13,0.7275187165775401,0.7296081455243878,UNCHANGED_LEGACY
thinkaurelius__titan,20,14,0.7122834224598931,0.7272744259584549,UNCHANGED_LEGACY
thinkaurelius__titan,20,15,0.7737932263814618,0.7479387112888901,UNCHANGED_LEGACY
thinkaurelius__titan,20,16,0.712982174688057,0.7403789777286438,UNCHANGED_LEGACY
thinkaurelius__titan,20,17,0.7178110516934046,0.7281584382511744,UNCHANGED_LEGACY
thinkaurelius__titan,20,18,0.7883458110516934,0.8016678240541006,UNCHANGED_LEGACY
thinkaurelius__titan,20,19,0.7319019607843138,0.7765667556944713,UNCHANGED_LEGACY
thinkaurelius__titan,20,20,0.7286363636363637,0.7806197966768342,UNCHANGED_LEGACY
thinkaurelius__titan,20,21,0.7661069518716578,0.7991876187109234,UNCHANGED_LEGACY
thinkaurelius__titan,20,22,0.671782531194296,0.7020607263676646,UNCHANGED_LEGACY
thinkaurelius__titan,20,23,0.7350089126559716,0.7447437817700987,UNCHANGED_LEGACY
thinkaurelius__titan,20,24,0.7227094474153298,0.7359944035281314,UNCHANGED_LEGACY
thinkaurelius__titan,20,25,0.7311853832442068,0.7592851227356319,UNCHANGED_LEGACY
thinkaurelius__titan,20,26,0.7116844919786096,0.7701786118501764,UNCHANGED_LEGACY
thinkaurelius__titan,20,27,0.7594705882352941,0.7894974679682418,UNCHANGED_LEGACY
thinkaurelius__titan,20,28,0.754716577540107,0.7709160527107823,UNCHANGED_LEGACY
thinkaurelius__titan,20,29,0.7677397504456328,0.788560299020612,UNCHANGED_LEGACY
thinkaurelius__titan,20,30,0.8013529411764706,0.8383414183152004,UNCHANGED_LEGACY
thinkaurelius__titan,25,1,0.7803262032085562,0.8125615915379916,UNCHANGED_LEGACY
thinkaurelius__titan,25,2,0.751686274509804,0.7850764314881888,UNCHANGED_LEGACY
thinkaurelius__titan,25,3,0.8205490196078431,0.8390853303763066,UNCHANGED_LEGACY
thinkaurelius__titan,25,4,0.6898680926916221,0.7329925605913701,UNCHANGED_LEGACY
thinkaurelius__titan,25,5,0.6921604278074867,0.7087868548042844,UNCHANGED_LEGACY
thinkaurelius__titan,25,6,0.7632923351158645,0.8302376847926369,UNCHANGED_LEGACY
thinkaurelius__titan,25,7,0.7785329768270944,0.7951607260136013,UNCHANGED_LEGACY
thinkaurelius__titan,25,8,0.8018573975044564,0.8155724603685611,UNCHANGED_LEGACY
thinkaurelius__titan,25,9,0.7225080213903744,0.7364785552432919,UNCHANGED_LEGACY
thinkaurelius__titan,25,10,0.7369251336898396,0.7632613711203298,UNCHANGED_LEGACY
thinkaurelius__titan,25,11,0.7439269162210339,0.7722004085841221,UNCHANGED_LEGACY
thinkaurelius__titan,25,12,0.741415329768271,0.8059661338502588,UNCHANGED_LEGACY
thinkaurelius__titan,25,13,0.7611639928698752,0.7764400697966067,UNCHANGED_LEGACY
thinkaurelius__titan,25,14,0.8095935828877006,0.8392872557931137,UNCHANGED_LEGACY
thinkaurelius__titan,25,15,0.7612263814616755,0.7390039873003121,UNCHANGED_LEGACY
thinkaurelius__titan,25,16,0.7114955436720143,0.7472430412860158,UNCHANGED_LEGACY
thinkaurelius__titan,25,17,0.7126880570409982,0.7346855484107231,UNCHANGED_LEGACY
thinkaurelius__titan,25,18,0.77150623885918,0.7922712379685155,UNCHANGED_LEGACY
thinkaurelius__titan,25,19,0.7376078431372549,0.7924991290055703,UNCHANGED_LEGACY
thinkaurelius__titan,25,20,0.7211853832442068,0.7855134266658328,UNCHANGED_LEGACY
thinkaurelius__titan,25,21,0.7527201426024955,0.7955652913722431,UNCHANGED_LEGACY
thinkaurelius__titan,25,22,0.7427094474153298,0.7717525436046392,UNCHANGED_LEGACY
thinkaurelius__titan,25,23,0.7333903743315509,0.7541547083920775,UNCHANGED_LEGACY
thinkaurelius__titan,25,24,0.709475935828877,0.7347833417693919,UNCHANGED_LEGACY
thinkaurelius__titan,25,25,0.7027504456327985,0.7402704641337272,UNCHANGED_LEGACY
thinkaurelius__titan,25,26,0.7021586452762923,0.7621779044436496,UNCHANGED_LEGACY
thinkaurelius__titan,25,27,0.749427807486631,0.7676906484904206,UNCHANGED_LEGACY
thinkaurelius__titan,25,28,0.7393315508021391,0.7444883567939782,UNCHANGED_LEGACY
thinkaurelius__titan,25,29,0.7827397504456328,0.7926142284063283,UNCHANGED_LEGACY
thinkaurelius__titan,25,30,0.7848449197860963,0.8273480146136537,UNCHANGED_LEGACY
thinkaurelius__titan,30,1,0.772729055258467,0.8080350787741291,UNCHANGED_LEGACY
thinkaurelius__titan,30,2,0.7964527629233512,0.8005879582750494,UNCHANGED_LEGACY
thinkaurelius__titan,30,3,0.8021426024955437,0.8287323370753944,UNCHANGED_LEGACY
thinkaurelius__titan,30,4,0.6866149732620321,0.7315207398923826,UNCHANGED_LEGACY
thinkaurelius__titan,30,5,0.674048128342246,0.6941483870976806,UNCHANGED_LEGACY
thinkaurelius__titan,30,6,0.7523725490196079,0.8267278064926001,UNCHANGED_LEGACY
thinkaurelius__titan,30,7,0.7555008912655972,0.7855791072733886,UNCHANGED_LEGACY
thinkaurelius__titan,30,8,0.7785133689839572,0.7874917784180824,UNCHANGED_LEGACY
thinkaurelius__titan,30,9,0.7028591800356507,0.7272690202819502,UNCHANGED_LEGACY
thinkaurelius__titan,30,10,0.7868003565062389,0.8228805324867012,UNCHANGED_LEGACY
thinkaurelius__titan,30,11,0.7346541889483066,0.7604267803004008,UNCHANGED_LEGACY
thinkaurelius__titan,30,12,0.7308877005347594,0.7652035947710145,UNCHANGED_LEGACY
thinkaurelius__titan,30,13,0.75522816399287,0.7809503209056176,UNCHANGED_LEGACY
thinkaurelius__titan,30,14,0.8049857397504457,0.8368577887771294,UNCHANGED_LEGACY
thinkaurelius__titan,30,15,0.7438609625668449,0.7372201052556817,UNCHANGED_LEGACY
thinkaurelius__titan,30,16,0.6898770053475937,0.7117207072247443,UNCHANGED_LEGACY
thinkaurelius__titan,30,17,0.7127682709447416,0.7338360014795413,UNCHANGED_LEGACY
thinkaurelius__titan,30,18,0.7672335115864528,0.7757767660831407,UNCHANGED_LEGACY
thinkaurelius__titan,30,19,0.7753743315508022,0.8126017109765489,UNCHANGED_LEGACY
thinkaurelius__titan,30,20,0.7741461675579323,0.8192066626270439,UNCHANGED_LEGACY
thinkaurelius__titan,30,21,0.7312121212121212,0.7858299452861969,UNCHANGED_LEGACY
thinkaurelius__titan,30,22,0.7324955436720143,0.7639165269739021,UNCHANGED_LEGACY
thinkaurelius__titan,30,23,0.7245311942959003,0.750329649460767,UNCHANGED_LEGACY
thinkaurelius__titan,30,24,0.6900463458110517,0.7021928061605228,UNCHANGED_LEGACY
thinkaurelius__titan,30,25,0.6883440285204991,0.7308679344050418,UNCHANGED_LEGACY
thinkaurelius__titan,30,26,0.7006524064171124,0.7632731620846767,UNCHANGED_LEGACY
thinkaurelius__titan,30,27,0.7577611408199644,0.7722568103927976,UNCHANGED_LEGACY
thinkaurelius__titan,30,28,0.7363511586452762,0.7399120727500924,UNCHANGED_LEGACY
thinkaurelius__titan,30,29,0.7636060606060606,0.7801071414015027,UNCHANGED_LEGACY
thinkaurelius__titan,30,30,0.7709839572192514,0.7988431433347534,UNCHANGED_LEGACY
thinkaurelius__titan,40,1,0.7454313725490197,0.7623650052002965,UNCHANGED_LEGACY
thinkaurelius__titan,40,2,0.7683386809269163,0.7871664634242592,UNCHANGED_LEGACY
thinkaurelius__titan,40,3,0.791969696969697,0.8053755048812841,UNCHANGED_LEGACY
thinkaurelius__titan,40,4,0.7501497326203209,0.7699748691113861,UNCHANGED_LEGACY
thinkaurelius__titan,40,5,0.7191069518716577,0.724845130123395,UNCHANGED_LEGACY
thinkaurelius__titan,40,6,0.7461782531194296,0.8141068092512407,UNCHANGED_LEGACY
thinkaurelius__titan,40,7,0.812650623885918,0.8545964267927966,UNCHANGED_LEGACY
thinkaurelius__titan,40,8,0.7562299465240642,0.7559364124511577,UNCHANGED_LEGACY
thinkaurelius__titan,40,9,0.7793975044563279,0.7999578155640825,UNCHANGED_LEGACY
thinkaurelius__titan,40,10,0.769668449197861,0.7849596631382415,UNCHANGED_LEGACY
thinkaurelius__titan,40,11,0.7611069518716578,0.7810286176303725,UNCHANGED_LEGACY
thinkaurelius__titan,40,12,0.7486131907308378,0.7850140644454344,UNCHANGED_LEGACY
thinkaurelius__titan,40,13,0.7255686274509804,0.7619856703282722,UNCHANGED_LEGACY
thinkaurelius__titan,40,14,0.7752655971479501,0.800287459214764,UNCHANGED_LEGACY
thinkaurelius__titan,40,15,0.7321016042780749,0.7414384079367997,UNCHANGED_LEGACY
thinkaurelius__titan,40,16,0.7156310160427808,0.7242591493881846,UNCHANGED_LEGACY
thinkaurelius__titan,40,17,0.6656434937611408,0.7239046746296732,UNCHANGED_LEGACY
thinkaurelius__titan,40,18,0.7713333333333334,0.7702996831126829,UNCHANGED_LEGACY
thinkaurelius__titan,40,19,0.7705508021390375,0.817464702163344,UNCHANGED_LEGACY
thinkaurelius__titan,40,20,0.7625775401069519,0.781367991301758,UNCHANGED_LEGACY
thinkaurelius__titan,40,21,0.7436007130124778,0.7553978041698373,UNCHANGED_LEGACY
thinkaurelius__titan,40,22,0.7268877005347594,0.7630291198487513,UNCHANGED_LEGACY
thinkaurelius__titan,40,23,0.7047718360071301,0.7359557675115056,UNCHANGED_LEGACY
thinkaurelius__titan,40,24,0.7296096256684492,0.7307712647797391,UNCHANGED_LEGACY
thinkaurelius__titan,40,25,0.7071372549019609,0.7529563174943769,UNCHANGED_LEGACY
thinkaurelius__titan,40,26,0.6828003565062388,0.7259308496941923,UNCHANGED_LEGACY
thinkaurelius__titan,40,27,0.7158306595365419,0.7239540891178641,UNCHANGED_LEGACY
thinkaurelius__titan,40,28,0.7374385026737968,0.7351636778871011,UNCHANGED_LEGACY
thinkaurelius__titan,40,29,0.7810855614973262,0.7787159396210342,UNCHANGED_LEGACY
thinkaurelius__titan,40,30,0.7440623885918004,0.7760173398655309,UNCHANGED_LEGACY
thinkaurelius__titan,50,1,0.7881069518716577,0.7912350087124563,UNCHANGED_LEGACY
thinkaurelius__titan,50,2,0.7474777183600713,0.77964991080374,UNCHANGED_LEGACY
thinkaurelius__titan,50,3,0.7559340463458111,0.7684801008886832,UNCHANGED_LEGACY
thinkaurelius__titan,50,4,0.746319073083779,0.7526582754144311,UNCHANGED_LEGACY
thinkaurelius__titan,50,5,0.8193172905525847,0.8321229194564328,UNCHANGED_LEGACY
thinkaurelius__titan,50,6,0.7359839572192514,0.7705288802183659,UNCHANGED_LEGACY
thinkaurelius__titan,50,7,0.8154367201426025,0.838997374719584,UNCHANGED_LEGACY
thinkaurelius__titan,50,8,0.739035650623886,0.7393521877030139,UNCHANGED_LEGACY
thinkaurelius__titan,50,9,0.7692442067736186,0.7677092256588606,UNCHANGED_LEGACY
thinkaurelius__titan,50,10,0.7514420677361854,0.7774665767125274,UNCHANGED_LEGACY
thinkaurelius__titan,50,11,0.7482869875222817,0.7767884978569233,UNCHANGED_LEGACY
thinkaurelius__titan,50,12,0.7764991087344029,0.7998580510021455,UNCHANGED_LEGACY
thinkaurelius__titan,50,13,0.7827896613190731,0.8222526562405845,UNCHANGED_LEGACY
thinkaurelius__titan,50,14,0.765698752228164,0.7928836017822471,UNCHANGED_LEGACY
thinkaurelius__titan,50,15,0.7750606060606061,0.7624280301055018,UNCHANGED_LEGACY
thinkaurelius__titan,50,16,0.7587611408199644,0.7316717281419833,UNCHANGED_LEGACY
thinkaurelius__titan,50,17,0.6860089126559715,0.7293940124081524,UNCHANGED_LEGACY
thinkaurelius__titan,50,18,0.753222816399287,0.7534169727934069,UNCHANGED_LEGACY
thinkaurelius__titan,50,19,0.7439643493761141,0.7880460386502268,UNCHANGED_LEGACY
thinkaurelius__titan,50,20,0.7526773618538325,0.7792957391900137,UNCHANGED_LEGACY
thinkaurelius__titan,50,21,0.7812459893048128,0.7780139844185056,UNCHANGED_LEGACY
thinkaurelius__titan,50,22,0.7590677361853833,0.7988468108444248,UNCHANGED_LEGACY
thinkaurelius__titan,50,23,0.6949732620320856,0.7327473768029229,UNCHANGED_LEGACY
thinkaurelius__titan,50,24,0.7848502673796791,0.7983884153198271,UNCHANGED_LEGACY
thinkaurelius__titan,50,25,0.7500837789661319,0.7691307970729451,UNCHANGED_LEGACY
thinkaurelius__titan,50,26,0.7328877005347594,0.7646896948116307,UNCHANGED_LEGACY
thinkaurelius__titan,50,27,0.7235454545454545,0.7350410375062768,UNCHANGED_LEGACY
thinkaurelius__titan,50,28,0.7322442067736186,0.7344672608106243,UNCHANGED_LEGACY
thinkaurelius__titan,50,29,0.7827611408199644,0.7673277500964487,UNCHANGED_LEGACY
thinkaurelius__titan,50,30,0.8179447415329768,0.8252649515604181,UNCHANGED_LEGACY
